customer_id,age,gender,city,education,tenure_months,contract_type,payment_method,monthly_charges,total_charges,num_products,has_credit_card,is_active_member,estimated_salary,churned
10000,46.0,Male,Bengaluru,Bachelors,40,Month-to-month,Electronic check,16.9,686.72,3,1,0,55083.68,1
10001,28.0,Female,Chennai,Masters,22,One year,Credit card,88.73,,2,1,0,75325.39,0
10002,52.0,Female,Mumbai,Bachelors,7,Two year,Mailed check,67.45,449.61,1,1,1,57584.71,0
10003,54.0,Male,Delhi,Bachelors,31,One year,Bank transfer,48.61,1615.53,1,1,0,57525.63,0
10004,18.0,Male,Delhi,Bachelors,18,Month-to-month,Bank transfer,90.82,1612.81,1,1,0,103508.09,0
10005,25.0,Male,Hyderabad,Masters,40,Month-to-month,Bank transfer,46.05,1826.76,1,1,0,39000.1,0
10006,44.0,Male,Hyderabad,High School,58,One year,Bank transfer,55.67,3195.65,3,0,0,80678.06,0
10007,38.0,Male,Chennai,High School,40,Two year,Mailed check,76.55,3064.05,2,1,0,108089.14,0
10008,42.0,Female,Bengaluru,Bachelors,42,One year,Mailed check,40.5,1695.93,2,1,0,85081.48,0
10009,31.0,Male,Mumbai,High School,3,Month-to-month,Electronic check,62.59,131.81,2,1,1,40715.87,1
10010,53.0,Male,Delhi,High School,47,One year,Electronic check,88.96,4159.9,3,1,0,41805.23,0
10011,,Female,Delhi,High School,32,Month-to-month,Mailed check,69.64,2258.96,3,1,0,53464.24,0
10012,43.0,Female,Hyderabad,High School,9,Month-to-month,Mailed check,92.44,883.31,1,1,1,73473.97,0
10013,57.0,Male,Pune,High School,15,Two year,Electronic check,89.94,1350.3,1,1,1,74970.74,1
10014,,Female,Delhi,Bachelors,56,Two year,Credit card,65.17,3652.47,1,1,1,42022.68,0
10015,31.0,Female,Bengaluru,PhD,66,Month-to-month,Electronic check,13.59,878.89,1,1,1,50799.34,0
10016,47.0,Female,Mumbai,Masters,37,One year,Electronic check,40.67,1479.67,1,1,0,52147.39,0
10017,30.0,Male,Bengaluru,High School,71,Month-to-month,Bank transfer,81.79,5761.11,1,1,0,66023.57,0
10018,53.0,Female,Hyderabad,High School,13,Month-to-month,Credit card,30.89,323.74,2,0,1,113663.3,1
10019,41.0,Female,Hyderabad,PhD,21,Two year,Mailed check,57.81,1178.89,1,1,1,49469.88,0
10020,40.0,Female,Pune,Bachelors,67,Two year,Bank transfer,72.45,4899.35,2,1,1,48506.93,0
10021,33.0,Female,Pune,Bachelors,12,Month-to-month,Electronic check,97.33,1146.74,1,1,1,45070.91,1
10022,58.0,Male,Bengaluru,Bachelors,48,One year,Credit card,52.35,2495.5,1,0,1,83981.98,0
10023,40.0,Female,Chennai,High School,16,Month-to-month,Bank transfer,50.84,795.17,2,0,0,69090.48,0
10024,36.0,Female,Hyderabad,High School,24,Month-to-month,Electronic check,63.85,1594.64,1,0,0,50283.02,0
10025,37.0,Female,Bengaluru,Bachelors,34,Two year,Bank transfer,72.72,2426.06,2,0,1,62018.5,0
10026,49.0,Male,Mumbai,Bachelors,26,One year,Electronic check,61.61,1615.71,3,1,0,52586.77,0
10027,47.0,Female,Pune,PhD,63,One year,Mailed check,88.08,5545.62,1,1,0,76509.61,0
10028,47.0,Male,Pune,High School,71,Month-to-month,Mailed check,47.42,3370.22,1,1,1,129056.29,0
10029,48.0,Female,Bengaluru,High School,36,One year,Bank transfer,67.64,2447.26,1,1,0,82119.02,0
10030,,Female,Delhi,Masters,38,Two year,Credit card,74.79,2844.88,1,1,1,67954.25,0
10031,37.0,Female,Mumbai,Masters,4,Month-to-month,Mailed check,56.19,264.41,3,1,0,55370.54,0
10032,35.0,Female,Mumbai,High School,17,Month-to-month,Bank transfer,83.47,1417.53,2,1,1,40445.2,0
10033,31.0,Female,Chennai,,2,Month-to-month,Bank transfer,68.28,223.78,1,1,0,86141.17,0
10034,,Male,Delhi,Bachelors,62,Month-to-month,Electronic check,82.35,5107.92,2,1,0,84945.79,0
10035,57.0,Male,Bengaluru,High School,16,Month-to-month,Bank transfer,69.27,1023.15,3,1,1,59745.78,0
10036,41.0,Female,Delhi,Masters,24,One year,Credit card,73.28,1790.64,1,0,1,96693.35,0
10037,31.0,Male,Bengaluru,High School,61,Month-to-month,Bank transfer,51.09,3136.09,1,1,0,70464.35,0
10038,31.0,Female,Hyderabad,High School,52,Two year,Mailed check,51.12,2659.87,2,1,0,87044.74,0
10039,50.0,Female,Chennai,Bachelors,45,Month-to-month,Bank transfer,91.94,4124.32,2,1,0,,0
10040,52.0,Female,Bengaluru,Bachelors,2,Two year,Credit card,78.98,52.23,1,1,0,66103.01,0
10041,49.0,Female,Delhi,PhD,41,Two year,Electronic check,42.49,1644.75,1,1,1,48992.54,0
10042,33.0,Male,Mumbai,Bachelors,40,Month-to-month,Electronic check,68.98,2841.58,1,1,1,412878.27,0
10043,,Female,Chennai,High School,23,Month-to-month,Bank transfer,12.78,264.66,2,0,1,88525.11,0
10044,44.0,Female,Chennai,Bachelors,54,Two year,Electronic check,52.37,2876.26,2,0,0,58821.03,0
10045,45.0,Female,Delhi,High School,67,Month-to-month,Credit card,86.14,5691.23,1,1,1,79674.31,0
10046,53.0,Male,Mumbai,High School,18,Month-to-month,Electronic check,62.25,1068.16,2,1,1,46179.81,1
10047,,Male,Hyderabad,High School,24,Month-to-month,Electronic check,67.59,1656.09,1,1,0,87161.28,0
10048,51.0,Female,Hyderabad,High School,23,Month-to-month,Credit card,10.0,224.87,2,0,0,76884.71,1
10049,,Male,Hyderabad,Bachelors,60,One year,Electronic check,56.37,3409.08,2,0,1,43553.56,0
10050,46.0,Female,Mumbai,Masters,5,One year,Mailed check,72.44,361.52,1,0,1,65071.68,0
10051,50.0,Male,Pune,High School,65,Two year,Mailed check,75.24,4880.22,1,1,0,90491.7,0
10052,23.0,Female,Bengaluru,Bachelors,56,One year,Credit card,86.17,4791.52,1,1,1,42301.28,0
10053,38.0,Female,Bengaluru,High School,35,Month-to-month,Electronic check,60.37,2053.25,2,0,1,46439.09,0
10054,36.0,Female,Mumbai,Bachelors,42,One year,Bank transfer,61.36,2647.26,2,1,1,68471.07,0
10055,34.0,Female,Mumbai,Bachelors,65,Month-to-month,Credit card,35.69,2398.22,1,1,1,116933.28,0
10056,38.0,Female,Mumbai,High School,56,Month-to-month,Bank transfer,60.5,3336.06,3,1,0,55203.28,0
10057,61.0,Female,Delhi,Masters,20,Month-to-month,Electronic check,37.25,689.8,2,0,0,80896.03,1
10058,31.0,Female,Pune,Bachelors,3,Month-to-month,Electronic check,24.35,55.66,1,1,1,75722.98,0
10059,55.0,Male,Hyderabad,PhD,48,Month-to-month,Mailed check,41.13,1991.26,1,1,1,57030.56,0
10060,20.0,Female,Pune,PhD,10,Month-to-month,Electronic check,98.19,972.81,1,0,0,73544.93,1
10061,38.0,Female,Hyderabad,High School,6,Month-to-month,Mailed check,59.05,379.28,1,0,1,60147.64,0
10062,44.0,Male,Mumbai,Masters,71,Two year,Bank transfer,69.84,4956.18,3,1,1,62128.29,0
10063,50.0,Male,Hyderabad,Bachelors,34,Month-to-month,Bank transfer,53.7,1820.07,2,1,0,33452.02,0
10064,51.0,Male,Bengaluru,Bachelors,47,Two year,Bank transfer,25.61,1324.32,1,1,0,69462.4,0
10065,52.0,Female,Chennai,Masters,15,Two year,Bank transfer,85.59,1257.59,1,1,0,89780.06,0
10066,37.0,Female,Bengaluru,Bachelors,7,Two year,Electronic check,17.21,202.47,1,0,0,,0
10067,36.0,Male,Mumbai,Bachelors,4,Month-to-month,Mailed check,52.79,283.5,1,1,1,93991.17,0
10068,53.0,Male,Hyderabad,Bachelors,25,Month-to-month,Credit card,63.8,1620.2,1,1,0,82767.2,0
10069,40.0,Female,Hyderabad,Masters,0,Month-to-month,Bank transfer,70.07,,2,1,1,68690.09,0
10070,25.0,Male,Bengaluru,Masters,30,Month-to-month,Electronic check,49.02,1472.15,2,0,0,56185.64,0
10071,27.0,Female,Mumbai,High School,23,Month-to-month,Electronic check,24.56,539.15,3,1,1,59302.2,0
10072,30.0,Male,Delhi,Bachelors,38,Month-to-month,Bank transfer,47.38,1801.44,1,1,0,37648.77,0
10073,48.0,Female,Chennai,High School,43,One year,Mailed check,48.53,2033.64,1,0,1,64124.26,0
10074,44.0,Male,Delhi,Masters,22,One year,Mailed check,47.99,1093.59,2,1,0,73211.97,1
10075,,Male,Hyderabad,High School,33,Month-to-month,Electronic check,86.34,2898.47,1,1,1,,0
10076,36.0,Female,Delhi,High School,5,Month-to-month,Mailed check,38.3,250.0,1,1,0,81623.05,0
10077,44.0,Male,Delhi,Bachelors,22,One year,Electronic check,71.62,1556.53,4,0,1,50973.21,0
10078,50.0,Female,Delhi,Bachelors,71,One year,Electronic check,68.48,4809.11,2,0,0,38333.9,0
10079,38.0,Female,Mumbai,Bachelors,72,One year,Mailed check,86.13,6218.94,3,1,0,65455.85,0
10080,48.0,Female,Delhi,Bachelors,35,Two year,Credit card,62.07,2260.25,1,1,1,87858.82,0
10081,33.0,Male,Hyderabad,Masters,68,One year,Credit card,82.4,5606.67,2,0,0,65146.44,0
10082,37.0,Male,Delhi,High School,36,Month-to-month,Electronic check,61.21,2226.17,1,0,1,81923.65,0
10083,37.0,Male,Delhi,Bachelors,9,Month-to-month,Electronic check,74.56,659.29,1,1,1,,0
10084,26.0,Female,Hyderabad,Bachelors,63,Month-to-month,Electronic check,31.94,1987.05,1,1,0,85774.01,0
10085,48.0,Male,Bengaluru,Bachelors,30,Month-to-month,Credit card,10.0,332.91,2,0,1,34860.32,0
10086,36.0,Female,Delhi,Bachelors,44,Two year,Electronic check,73.31,3220.34,1,1,0,105292.01,0
10087,42.0,Female,Chennai,Bachelors,47,One year,Credit card,74.49,3521.21,2,1,1,45525.36,0
10088,48.0,Male,Delhi,Bachelors,22,One year,Bank transfer,75.46,1685.5,3,0,0,87462.11,0
10089,48.0,Male,Bengaluru,High School,53,Month-to-month,Credit card,53.45,2850.23,2,0,1,64011.95,0
10090,51.0,Female,Mumbai,Bachelors,36,One year,Electronic check,97.77,,1,1,1,,0
10091,41.0,Female,Delhi,Bachelors,26,Month-to-month,Bank transfer,54.88,1384.23,2,1,0,64695.76,0
10092,36.0,Male,Mumbai,Bachelors,21,Month-to-month,Electronic check,74.26,1513.76,1,1,1,75623.3,0
10093,41.0,Female,Chennai,Masters,54,One year,Bank transfer,78.08,4214.19,1,1,0,80065.54,0
10094,20.0,Male,Mumbai,PhD,18,Month-to-month,Bank transfer,102.81,,1,1,1,93283.95,0
10095,,Female,Hyderabad,Bachelors,9,Month-to-month,Credit card,58.03,496.15,2,1,0,100974.88,1
10096,25.0,Female,Hyderabad,High School,64,Month-to-month,Bank transfer,50.63,3252.37,2,1,0,77300.07,0
10097,29.0,Female,Delhi,High School,24,Month-to-month,Credit card,32.04,814.37,3,1,0,107700.83,0
10098,47.0,Male,Delhi,Bachelors,46,Month-to-month,Mailed check,99.15,4620.28,1,1,1,72045.4,0
10099,30.0,Female,Mumbai,PhD,52,One year,Bank transfer,74.27,3932.65,1,0,1,93703.69,0
10100,37.0,Female,Delhi,High School,61,Month-to-month,Electronic check,74.97,4507.43,1,1,1,79431.83,0
10101,59.0,Male,Pune,Bachelors,45,Month-to-month,Electronic check,130.0,5791.85,4,1,1,57917.5,1
10102,37.0,Female,Mumbai,Bachelors,51,Month-to-month,Electronic check,72.15,3665.17,2,1,1,73987.15,0
10103,52.0,Male,Delhi,Bachelors,61,Month-to-month,Electronic check,36.35,2221.36,3,0,1,81069.78,0
10104,30.0,Female,Delhi,Bachelors,68,One year,Electronic check,60.69,4115.0,1,1,1,69291.64,0
10105,39.0,Female,Hyderabad,Bachelors,3,Two year,Electronic check,43.55,103.02,1,1,0,79082.84,0
10106,30.0,Male,Delhi,Masters,54,One year,Electronic check,56.29,3024.44,2,0,1,,0
10107,38.0,Male,Delhi,Bachelors,12,One year,Bank transfer,56.14,697.85,1,1,0,,0
10108,53.0,Female,Mumbai,High School,65,One year,Mailed check,52.09,3319.37,1,1,1,15000.0,0
10109,20.0,Female,Pune,Bachelors,3,Month-to-month,Credit card,34.35,220.22,1,1,0,,0
10110,48.0,Male,Bengaluru,Bachelors,18,One year,Mailed check,100.04,1801.77,1,1,0,63452.99,0
10111,45.0,Female,Mumbai,High School,14,Month-to-month,Electronic check,71.57,1054.52,1,1,1,51887.84,0
10112,,Male,Hyderabad,Masters,44,Month-to-month,Credit card,60.04,2612.76,3,0,0,45269.57,1
10113,23.0,Male,Chennai,Bachelors,0,One year,Credit card,81.67,,2,1,1,62598.19,0
10114,43.0,Female,Delhi,Bachelors,1,One year,Mailed check,75.36,80.36,2,1,1,57619.55,0
10115,35.0,Female,Pune,PhD,36,Month-to-month,Electronic check,71.07,2601.36,1,0,1,53785.79,0
10116,45.0,Male,Mumbai,Bachelors,70,Two year,Credit card,80.07,5594.97,2,1,1,54993.22,0
10117,42.0,Male,Chennai,Masters,38,Month-to-month,Credit card,67.95,2659.68,1,1,0,81654.34,0
10118,63.0,Male,Chennai,Bachelors,32,Month-to-month,Credit card,79.74,2477.08,1,1,0,114668.0,0
10119,39.0,Male,Bengaluru,Bachelors,48,Month-to-month,Mailed check,81.57,3962.83,1,1,1,88052.58,0
10120,29.0,Female,Bengaluru,High School,40,One year,Electronic check,68.58,2749.14,1,1,0,94697.16,0
10121,44.0,Male,Mumbai,Bachelors,28,Two year,Mailed check,60.15,,3,1,0,61696.98,0
10122,45.0,Male,Mumbai,Bachelors,42,One year,Bank transfer,98.67,4241.74,2,1,0,72302.64,0
10123,60.0,Female,Delhi,Masters,0,Month-to-month,Electronic check,54.49,,1,1,1,79382.61,1
10124,53.0,Male,Pune,Masters,17,Month-to-month,Electronic check,73.61,1147.68,2,1,1,55489.73,1
10125,47.0,Male,Mumbai,High School,49,Month-to-month,Credit card,74.11,3640.23,1,1,0,60633.94,0
10126,61.0,Female,Bengaluru,Bachelors,24,One year,Electronic check,51.59,1273.44,1,1,0,88800.14,0
10127,27.0,Male,Mumbai,High School,3,Two year,Electronic check,47.23,163.78,2,1,1,93986.44,1
10128,34.0,Male,Delhi,Bachelors,9,Two year,Bank transfer,57.22,590.76,2,1,0,71483.03,0
10129,30.0,Female,Delhi,Bachelors,63,Month-to-month,Credit card,54.17,3478.09,2,0,0,43706.54,0
10130,37.0,Female,Pune,Bachelors,24,Month-to-month,Credit card,32.92,803.34,1,0,0,63496.98,1
10131,24.0,Female,Mumbai,Bachelors,1,Month-to-month,Electronic check,50.67,164.53,1,0,1,38290.72,0
10132,,Male,Mumbai,,53,Month-to-month,Bank transfer,70.86,3802.42,1,1,0,71654.45,0
10133,39.0,Female,Mumbai,,38,Two year,Credit card,92.85,3510.73,1,1,0,75618.87,0
10134,23.0,Female,Bengaluru,High School,32,Month-to-month,Bank transfer,77.2,2442.78,1,1,1,64044.37,0
10135,29.0,Male,Bengaluru,Bachelors,65,Two year,Electronic check,10.0,712.17,1,1,0,75317.65,0
10136,,Male,Mumbai,Bachelors,22,Month-to-month,Bank transfer,79.11,1700.77,1,0,1,79171.83,0
10137,53.0,Female,Mumbai,Bachelors,41,One year,Mailed check,52.72,2141.03,1,1,1,75650.96,0
10138,68.0,Male,Delhi,High School,54,Two year,Mailed check,74.97,4036.4,2,0,1,43566.33,0
10139,80.0,Female,Mumbai,Masters,44,One year,Mailed check,64.69,2864.14,1,1,0,64428.18,0
10140,47.0,Male,Chennai,High School,15,One year,Electronic check,60.76,901.73,1,0,0,79016.55,0
10141,29.0,Male,Chennai,High School,49,Month-to-month,Credit card,62.75,3008.9,3,0,1,104731.66,0
10142,18.0,Female,Delhi,Bachelors,54,Month-to-month,Mailed check,64.51,3541.64,3,0,0,64017.63,0
10143,45.0,Female,Bengaluru,Bachelors,8,Month-to-month,Electronic check,94.58,736.42,1,1,1,82118.48,0
10144,31.0,Male,Delhi,Bachelors,12,Month-to-month,Mailed check,64.57,875.84,1,0,0,89319.34,0
10145,37.0,Female,Mumbai,High School,49,One year,Bank transfer,88.88,4370.32,1,1,1,65674.19,0
10146,34.0,Female,Bengaluru,Bachelors,8,Month-to-month,Bank transfer,85.68,748.8,3,1,0,95264.97,1
10147,40.0,Male,Hyderabad,Bachelors,64,Month-to-month,Credit card,79.68,5131.06,1,1,1,96447.82,0
10148,56.0,Female,Delhi,Bachelors,7,One year,Credit card,25.69,245.58,1,0,0,100368.46,0
10149,44.0,Female,Mumbai,High School,71,Two year,Bank transfer,89.57,6387.99,2,1,0,80085.51,0
10150,40.0,Male,Delhi,Bachelors,49,Two year,Bank transfer,54.93,2703.33,2,0,1,121923.02,0
10151,,Female,Delhi,Bachelors,32,Month-to-month,Bank transfer,80.75,2638.66,1,1,1,56463.77,0
10152,20.0,Female,Delhi,Bachelors,19,Month-to-month,Mailed check,43.6,952.7,1,1,1,116729.71,0
10153,36.0,Male,Hyderabad,,25,Month-to-month,Mailed check,38.93,959.76,1,1,0,86902.59,0
10154,41.0,Male,Mumbai,Bachelors,54,Two year,Mailed check,108.48,5897.67,1,0,0,99488.52,0
10155,65.0,Female,Hyderabad,Bachelors,54,One year,Credit card,43.95,2373.04,1,1,1,62959.17,1
10156,44.0,Female,Pune,High School,15,Two year,Bank transfer,90.21,1378.45,2,1,0,88578.44,0
10157,55.0,Male,Mumbai,Bachelors,39,Two year,Electronic check,67.61,2638.9,2,0,1,101393.43,0
10158,36.0,Female,Bengaluru,Bachelors,72,Month-to-month,Credit card,55.76,3906.83,2,1,0,46078.11,0
10159,27.0,Female,Delhi,Masters,18,Month-to-month,Credit card,64.01,1142.17,2,1,1,66406.82,0
10160,29.0,Male,Bengaluru,High School,50,Month-to-month,Electronic check,36.38,1868.98,1,1,1,22892.44,0
10161,33.0,Male,Chennai,Bachelors,12,Month-to-month,Credit card,64.7,738.14,1,1,0,66076.67,1
10162,70.0,Female,Chennai,Masters,60,Two year,Mailed check,41.18,2516.85,2,0,0,,0
10163,31.0,Female,Delhi,Bachelors,12,Month-to-month,Electronic check,56.3,,1,0,1,,0
10164,53.0,Male,Hyderabad,Masters,21,One year,Bank transfer,85.36,1782.99,1,1,1,134320.15,0
10165,30.0,Male,Bengaluru,Bachelors,33,Month-to-month,Electronic check,70.59,2374.76,1,1,0,107791.68,0
10166,54.0,Male,Chennai,Masters,27,One year,Bank transfer,32.39,908.58,2,0,1,38332.15,0
10167,47.0,Male,Chennai,Masters,12,Month-to-month,Credit card,83.73,1025.79,2,1,1,82226.24,0
10168,40.0,Male,Hyderabad,High School,46,Month-to-month,Mailed check,64.84,,1,1,1,87576.48,0
10169,41.0,Female,Mumbai,Masters,1,One year,Electronic check,53.07,63.22,1,0,1,62566.26,1
10170,33.0,Male,Mumbai,High School,71,Month-to-month,Electronic check,81.43,5699.3,2,0,1,73922.77,0
10171,48.0,Female,Chennai,Bachelors,3,Two year,Mailed check,61.32,165.05,1,1,1,76071.61,0
10172,36.0,Female,Mumbai,Bachelors,24,One year,Bank transfer,39.36,854.42,1,1,0,40374.55,0
10173,26.0,Female,Bengaluru,Bachelors,67,Month-to-month,Credit card,105.65,7111.42,2,1,0,47310.75,0
10174,25.0,Male,Bengaluru,High School,11,Month-to-month,Credit card,64.62,755.63,2,0,0,73790.53,0
10175,44.0,Female,Chennai,High School,5,Month-to-month,Bank transfer,63.21,363.14,1,1,0,72186.86,0
10176,63.0,Male,Chennai,High School,54,Month-to-month,Mailed check,56.09,3053.31,1,1,0,54411.62,0
10177,44.0,Male,Mumbai,Bachelors,5,Month-to-month,Mailed check,90.96,503.2,3,1,1,52523.72,0
10178,40.0,Female,Hyderabad,High School,65,Month-to-month,Bank transfer,53.45,3395.42,1,1,0,68024.86,0
10179,46.0,Female,Chennai,High School,32,Two year,Electronic check,267.18,986.94,3,0,1,89495.32,0
10180,59.0,Female,Mumbai,Masters,63,Two year,Mailed check,50.07,3083.66,2,1,0,68317.31,0
10181,45.0,Male,Bengaluru,Masters,17,Month-to-month,Mailed check,94.19,1583.31,3,1,0,105700.08,0
10182,37.0,Female,Bengaluru,Bachelors,10,One year,Bank transfer,83.31,913.91,1,0,0,54691.95,0
10183,56.0,Male,Delhi,Bachelors,70,Month-to-month,Electronic check,59.39,4211.96,1,1,1,74248.42,0
10184,48.0,Female,Delhi,Bachelors,55,Month-to-month,Mailed check,95.21,5269.66,1,1,0,62205.5,0
10185,62.0,Male,Mumbai,Bachelors,66,Month-to-month,Credit card,81.45,5366.62,1,0,0,82935.14,0
10186,44.0,Female,Chennai,Bachelors,23,Month-to-month,Credit card,59.14,1310.54,1,0,1,52805.07,0
10187,26.0,Female,Mumbai,High School,29,Month-to-month,Bank transfer,61.35,1788.5,1,1,0,112402.75,1
10188,24.0,Male,Delhi,Bachelors,42,One year,Credit card,72.24,3089.61,1,1,0,32806.53,0
10189,63.0,Female,Bengaluru,PhD,32,Month-to-month,Bank transfer,46.7,1514.89,2,1,0,,0
10190,64.0,Female,Mumbai,High School,17,Two year,Credit card,65.1,1027.42,1,1,0,71979.75,0
10191,40.0,Female,Delhi,High School,27,Month-to-month,Credit card,71.79,1943.56,1,0,0,82153.34,0
10192,37.0,Female,Mumbai,Masters,44,One year,Bank transfer,27.89,1131.49,1,1,0,99359.55,1
10193,61.0,Male,Mumbai,High School,2,Month-to-month,Credit card,60.83,161.87,2,1,1,88868.55,0
10194,28.0,Male,Delhi,Bachelors,24,Month-to-month,Electronic check,58.33,1365.27,1,0,1,53939.41,0
10195,30.0,Male,Bengaluru,High School,21,Month-to-month,Mailed check,87.62,1778.86,2,0,1,83201.97,0
10196,50.0,Female,Delhi,High School,5,Month-to-month,Credit card,24.42,163.0,1,1,1,111084.43,0
10197,37.0,Male,Mumbai,Bachelors,8,One year,Electronic check,56.61,480.85,2,1,0,50479.58,1
10198,42.0,Male,Delhi,PhD,36,Month-to-month,Electronic check,54.4,,2,1,0,116605.43,0
10199,40.0,Female,Mumbai,Bachelors,7,One year,Mailed check,86.12,712.43,1,1,1,78485.45,1
10200,46.0,Female,Delhi,Masters,25,Month-to-month,Bank transfer,64.04,1632.75,2,0,0,60468.99,0
10201,60.0,Male,Mumbai,High School,40,Month-to-month,Bank transfer,104.51,,3,0,1,50347.63,1
10202,43.0,Female,Mumbai,High School,63,Month-to-month,Bank transfer,79.57,5038.87,1,1,1,65087.68,0
10203,50.0,Male,Bengaluru,Bachelors,7,Month-to-month,Electronic check,55.98,377.56,1,1,1,26983.88,0
10204,18.0,Female,Pune,High School,31,Month-to-month,Credit card,70.27,2241.71,3,0,0,60864.62,0
10205,41.0,Male,Mumbai,Bachelors,7,Month-to-month,Electronic check,57.21,414.52,2,1,0,64215.6,0
10206,31.0,Male,Hyderabad,PhD,31,Two year,Credit card,83.91,2620.21,2,1,0,46362.9,0
10207,26.0,Female,Mumbai,High School,35,Month-to-month,Mailed check,35.69,1177.03,1,0,0,86452.59,0
10208,31.0,Male,Delhi,Masters,58,Month-to-month,Electronic check,46.88,,1,0,0,65187.14,0
10209,,Male,Delhi,Bachelors,32,Month-to-month,Mailed check,75.03,2398.15,3,1,1,56012.52,1
10210,54.0,Male,Mumbai,High School,68,Two year,Bank transfer,91.97,6202.75,2,1,0,62842.65,0
10211,25.0,Male,Bengaluru,Bachelors,10,Month-to-month,Credit card,260.59,154.52,1,0,0,77812.36,0
10212,42.0,Female,Mumbai,Bachelors,3,Month-to-month,Bank transfer,95.24,307.51,1,1,0,71610.87,0
10213,36.0,Male,Chennai,Bachelors,0,Two year,Credit card,61.92,,2,0,1,54578.55,0
10214,38.0,Male,Bengaluru,Bachelors,26,Two year,Mailed check,23.55,541.7,2,1,0,72764.38,0
10215,55.0,Female,Hyderabad,Bachelors,14,Month-to-month,Electronic check,10.0,126.34,3,1,0,68885.13,0
10216,49.0,Male,Mumbai,,6,Month-to-month,Mailed check,31.35,164.7,1,1,1,44931.79,0
10217,59.0,Male,Delhi,Bachelors,17,Month-to-month,Bank transfer,64.57,1107.37,1,1,0,63652.9,1
10218,40.0,Male,Hyderabad,High School,71,Two year,Electronic check,63.55,4516.33,1,1,0,82745.44,0
10219,33.0,Female,Delhi,Masters,58,One year,Electronic check,78.93,4557.36,1,1,0,82587.04,0
10220,39.0,Female,Bengaluru,High School,1,Month-to-month,Bank transfer,52.91,30.38,1,1,1,64940.78,0
10221,45.0,Female,Delhi,Bachelors,66,Month-to-month,Mailed check,40.62,2684.28,1,0,1,84889.0,0
10222,44.0,Female,Hyderabad,Masters,14,Month-to-month,Credit card,55.91,830.89,1,0,1,48440.98,0
10223,28.0,Female,Bengaluru,High School,29,One year,Electronic check,65.74,1920.39,1,1,1,,0
10224,43.0,Female,Delhi,Bachelors,23,One year,Mailed check,70.08,1682.99,2,1,1,64472.39,0
10225,45.0,Female,Chennai,High School,29,Month-to-month,Mailed check,47.64,1438.22,1,1,0,102946.45,0
10226,75.0,Female,Hyderabad,High School,55,One year,Credit card,84.83,4740.48,1,1,1,73591.54,0
10227,,Female,Mumbai,Bachelors,52,One year,Electronic check,51.33,2737.59,2,0,1,63941.95,0
10228,31.0,Male,Mumbai,Masters,43,One year,Electronic check,45.87,2050.56,1,1,0,103971.04,0
10229,38.0,Male,Hyderabad,Bachelors,45,Month-to-month,Electronic check,53.07,2330.49,1,0,1,63687.35,0
10230,,Female,Bengaluru,Masters,53,Two year,Credit card,88.65,4730.82,2,1,0,119164.13,0
10231,,Male,Pune,Bachelors,13,Month-to-month,Electronic check,62.08,867.96,2,1,0,58751.77,1
10232,46.0,Male,Hyderabad,Masters,28,One year,Credit card,49.72,1462.11,1,1,0,47741.97,0
10233,58.0,Male,Mumbai,Masters,7,Month-to-month,Mailed check,85.37,559.05,2,1,0,66340.04,0
10234,33.0,Male,Mumbai,Bachelors,51,One year,Credit card,112.14,5752.01,3,1,1,64520.15,0
10235,33.0,Female,Bengaluru,Bachelors,31,One year,Electronic check,69.61,2161.67,2,1,1,52230.16,0
10236,18.0,Male,Bengaluru,Bachelors,46,Month-to-month,Mailed check,92.14,4330.79,1,0,0,127243.43,0
10237,40.0,Female,Pune,Bachelors,41,Month-to-month,Credit card,87.79,3530.03,2,0,1,77009.78,0
10238,28.0,Male,Hyderabad,Masters,19,Month-to-month,Electronic check,51.68,943.46,1,1,1,80213.49,0
10239,35.0,Female,Pune,Bachelors,10,Month-to-month,Bank transfer,65.59,565.37,1,0,0,59838.66,0
10240,31.0,Male,Hyderabad,Masters,71,Month-to-month,Credit card,36.78,2618.61,1,1,1,57291.27,0
10241,41.0,Male,Hyderabad,Bachelors,21,Month-to-month,Electronic check,60.49,1383.48,2,1,1,92562.28,1
10242,19.0,Male,Bengaluru,Masters,7,Two year,Credit card,51.22,356.32,1,1,0,33131.48,0
10243,23.0,Male,Bengaluru,Bachelors,22,Month-to-month,Electronic check,56.14,1240.13,3,1,1,44856.98,1
10244,70.0,Male,Bengaluru,High School,65,Month-to-month,Electronic check,48.5,3180.01,4,1,1,64559.21,0
10245,25.0,Female,Chennai,Bachelors,19,Month-to-month,Electronic check,58.68,1109.11,1,1,1,99723.04,0
10246,28.0,Female,Mumbai,Masters,72,One year,Bank transfer,76.71,5541.42,1,1,1,61760.63,0
10247,66.0,Female,Pune,,33,One year,Electronic check,62.37,2077.82,3,0,1,79155.33,0
10248,80.0,Male,Bengaluru,Bachelors,62,One year,Mailed check,23.98,1444.48,1,1,0,70610.03,0
10249,27.0,Female,Delhi,Masters,47,One year,Bank transfer,48.59,2279.03,2,1,1,98517.69,0
10250,37.0,Male,Mumbai,Masters,3,Month-to-month,Electronic check,31.57,131.81,1,0,1,35136.09,0
10251,46.0,Female,Delhi,High School,37,Two year,Electronic check,70.37,2650.12,1,1,0,86191.19,1
10252,64.0,Female,Bengaluru,High School,30,One year,Electronic check,76.07,2347.03,1,1,1,,0
10253,29.0,Male,Mumbai,PhD,14,One year,Electronic check,70.64,1005.73,1,0,1,90347.45,1
10254,39.0,Female,Mumbai,High School,40,One year,Mailed check,47.68,1924.99,3,1,1,51975.79,0
10255,52.0,Male,Delhi,Masters,7,Month-to-month,Mailed check,70.43,530.52,1,0,0,,1
10256,,Male,Delhi,Bachelors,50,One year,Credit card,54.66,2703.26,1,1,0,67744.85,0
10257,37.0,Female,Pune,Bachelors,59,One year,Bank transfer,39.96,2325.85,2,1,1,47946.42,0
10258,40.0,Female,Bengaluru,Bachelors,6,Two year,Credit card,81.32,481.68,3,1,1,41830.91,0
10259,24.0,Female,Delhi,Masters,34,Two year,Bank transfer,83.0,2758.25,1,1,0,57230.95,0
10260,39.0,Male,Pune,High School,47,Month-to-month,Credit card,85.88,4056.71,2,1,0,72858.48,0
10261,39.0,Female,Delhi,High School,4,One year,Electronic check,51.62,258.93,1,0,1,53347.93,0
10262,45.0,Female,Pune,Masters,28,Month-to-month,Electronic check,90.95,2511.1,2,1,0,62738.38,1
10263,35.0,Male,Pune,Bachelors,18,Two year,Mailed check,54.14,996.28,2,1,1,28512.46,0
10264,48.0,Female,Hyderabad,High School,2,One year,Mailed check,79.38,127.3,3,1,1,61845.7,0
10265,55.0,Male,Bengaluru,High School,58,Two year,Credit card,53.76,3067.25,2,1,0,92518.91,0
10266,44.0,Female,Chennai,Bachelors,32,One year,Bank transfer,60.07,2025.02,3,0,1,85513.97,0
10267,47.0,Male,Delhi,Bachelors,54,One year,Credit card,11.73,583.31,1,0,1,68087.72,0
10268,43.0,Female,Delhi,Masters,42,Month-to-month,Electronic check,58.36,2387.15,2,0,0,75360.36,0
10269,42.0,Male,Mumbai,,63,One year,Bank transfer,67.0,4231.74,2,1,0,51778.27,0
10270,33.0,Male,Delhi,Bachelors,72,Month-to-month,Bank transfer,55.98,4043.99,1,1,1,,0
10271,46.0,Male,Mumbai,Bachelors,43,Month-to-month,Electronic check,103.64,4489.88,3,1,1,115490.78,1
10272,41.0,Male,Chennai,Bachelors,25,Month-to-month,Credit card,39.43,1085.81,2,1,1,73626.12,0
10273,69.0,Female,Mumbai,Bachelors,30,Month-to-month,Bank transfer,52.6,1539.14,3,0,1,126995.09,0
10274,62.0,Male,Delhi,PhD,60,Two year,Electronic check,45.09,2676.48,1,1,0,55035.99,0
10275,47.0,Male,Delhi,High School,31,One year,Mailed check,52.6,1711.04,2,0,1,42476.26,0
10276,32.0,Female,Delhi,Bachelors,37,Month-to-month,Bank transfer,87.69,3291.49,1,0,1,54388.28,0
10277,,Male,Chennai,,14,One year,Bank transfer,97.52,1405.28,3,1,0,65171.21,0
10278,57.0,Female,Chennai,Bachelors,72,Month-to-month,Mailed check,49.58,3540.27,1,0,0,120865.46,0
10279,45.0,Male,Hyderabad,Bachelors,47,Month-to-month,Bank transfer,49.09,2363.52,2,0,0,63814.5,0
10280,,Female,Hyderabad,High School,24,Month-to-month,Electronic check,39.54,989.12,1,1,0,51087.57,0
10281,,Male,Chennai,Masters,42,Month-to-month,Electronic check,93.74,3946.56,2,1,1,50233.91,0
10282,54.0,Male,Delhi,Bachelors,29,Two year,Electronic check,89.66,2570.89,1,1,1,95080.49,0
10283,48.0,Female,Delhi,Masters,11,One year,Mailed check,62.67,694.7,3,0,0,,0
10284,28.0,Male,Mumbai,Masters,63,One year,Electronic check,34.29,2242.69,3,0,0,59319.48,0
10285,36.0,Male,Mumbai,Masters,64,One year,Bank transfer,36.25,2265.3,1,0,1,28732.75,0
10286,45.0,Male,Pune,High School,60,Month-to-month,Credit card,68.75,4085.01,2,0,1,45170.94,0
10287,43.0,Male,Hyderabad,PhD,26,One year,Credit card,77.09,1972.95,2,1,1,107867.36,0
10288,38.0,Female,Delhi,Masters,18,One year,Mailed check,19.54,331.18,1,0,0,85153.77,0
10289,,Male,Mumbai,Masters,3,Month-to-month,Bank transfer,57.93,173.0,1,1,0,71440.15,0
10290,39.0,Female,Hyderabad,Masters,53,Month-to-month,Credit card,100.6,5379.73,1,0,0,111114.33,0
10291,44.0,Male,Pune,Masters,23,Month-to-month,Mailed check,60.21,1407.9,1,1,1,113083.18,0
10292,,Female,Pune,Bachelors,65,Month-to-month,Electronic check,97.77,6358.09,1,0,0,69209.33,0
10293,18.0,Male,Hyderabad,High School,63,Month-to-month,Electronic check,79.28,5008.49,1,0,0,69613.42,0
10294,39.0,Male,Bengaluru,Bachelors,9,One year,Electronic check,41.15,401.55,1,0,1,57194.97,0
10295,44.0,Female,Mumbai,High School,66,Month-to-month,Credit card,58.56,3780.87,3,1,0,63738.73,0
10296,,Female,Mumbai,Bachelors,10,One year,Electronic check,62.17,675.28,1,1,1,37300.85,0
10297,37.0,Female,Delhi,High School,35,Month-to-month,Electronic check,44.04,1500.08,3,1,1,37211.5,1
10298,19.0,Male,Bengaluru,,34,Month-to-month,Bank transfer,43.66,1462.26,2,0,0,32101.5,0
10299,46.0,Female,Pune,Masters,69,One year,Credit card,98.15,6789.37,2,1,0,93855.41,0
10300,64.0,Female,Chennai,Masters,47,Month-to-month,Electronic check,43.5,2040.73,1,1,1,35649.15,0
10301,22.0,Female,Delhi,Masters,63,Two year,Bank transfer,88.73,5614.34,1,1,1,112899.17,0
10302,53.0,Male,Delhi,High School,43,Month-to-month,Mailed check,55.4,2389.29,3,1,1,53931.69,0
10303,38.0,Male,Delhi,Masters,60,One year,Electronic check,64.44,3851.93,2,1,1,108221.7,0
10304,41.0,Female,Bengaluru,Masters,62,Month-to-month,Mailed check,77.36,4872.76,2,1,1,,0
10305,28.0,Male,Chennai,,62,Month-to-month,Credit card,51.83,3248.86,1,1,1,35543.89,0
10306,38.0,Female,Chennai,High School,30,Month-to-month,Electronic check,77.49,2339.81,2,1,0,98243.14,0
10307,59.0,Male,Chennai,PhD,27,Month-to-month,Electronic check,19.98,574.09,1,0,0,100841.04,0
10308,50.0,Female,Bengaluru,Bachelors,71,Month-to-month,Credit card,74.67,,2,0,1,50066.88,0
10309,65.0,Male,Hyderabad,Bachelors,55,Month-to-month,Credit card,10.69,696.69,2,0,0,62703.65,0
10310,,Female,Pune,High School,66,Two year,Mailed check,60.01,3906.28,1,1,1,50072.49,0
10311,48.0,Female,Hyderabad,Masters,42,Month-to-month,Electronic check,83.79,3524.84,1,1,0,67348.41,0
10312,65.0,Male,Mumbai,Masters,67,Month-to-month,Electronic check,78.69,5257.91,1,1,0,72372.24,0
10313,48.0,Male,Delhi,Masters,52,Month-to-month,Electronic check,36.43,1878.14,1,1,1,62269.57,0
10314,,Male,Mumbai,High School,54,Two year,Electronic check,39.27,2097.87,1,1,1,743089.17,0
10315,38.0,Female,Mumbai,High School,12,Month-to-month,Bank transfer,49.85,559.61,1,1,0,57220.66,0
10316,43.0,Female,Bengaluru,PhD,41,One year,Electronic check,69.1,2892.52,1,0,1,85477.41,0
10317,33.0,Female,Hyderabad,Masters,53,Month-to-month,Electronic check,20.3,,2,0,1,65404.21,0
10318,55.0,Male,Mumbai,Masters,55,Month-to-month,Bank transfer,64.71,3608.23,2,1,0,62796.31,0
10319,27.0,Female,Delhi,Masters,69,Month-to-month,Electronic check,71.85,4990.08,1,1,0,49522.92,0
10320,52.0,Male,Delhi,High School,23,Two year,Electronic check,58.77,1332.67,1,1,1,56578.87,0
10321,40.0,Female,Chennai,Bachelors,22,One year,Bank transfer,76.56,1710.95,2,1,1,100996.86,0
10322,57.0,Female,Mumbai,High School,70,Month-to-month,Electronic check,69.92,4886.51,1,0,0,44924.9,0
10323,52.0,Female,Mumbai,Bachelors,71,One year,Bank transfer,53.08,3713.63,1,1,0,85858.11,0
10324,66.0,Female,Bengaluru,High School,13,Month-to-month,Electronic check,22.4,236.68,1,1,1,71035.21,0
10325,,Male,Bengaluru,Bachelors,27,Two year,Electronic check,67.94,1867.15,3,1,0,75385.83,1
10326,22.0,Male,Mumbai,Bachelors,69,Month-to-month,Mailed check,44.03,3068.25,1,1,1,53888.16,0
10327,41.0,Male,Hyderabad,Masters,14,Two year,Bank transfer,52.28,744.02,3,0,0,,0
10328,27.0,Male,Delhi,High School,57,Two year,Electronic check,75.54,4286.2,1,1,1,69874.16,0
10329,35.0,Male,Bengaluru,Masters,8,Month-to-month,Credit card,96.18,759.92,1,0,1,58545.33,0
10330,62.0,Female,Hyderabad,High School,13,Two year,Credit card,64.16,817.8,1,1,0,77291.51,0
10331,50.0,Female,Mumbai,Masters,57,Two year,Mailed check,77.19,4312.48,2,1,1,80063.66,0
10332,33.0,Female,Mumbai,Bachelors,44,Two year,Electronic check,33.22,1464.74,1,1,0,117799.55,0
10333,29.0,Male,Delhi,High School,40,Month-to-month,Electronic check,70.4,2842.12,2,1,1,76120.18,0
10334,42.0,Male,Mumbai,Masters,62,One year,Credit card,63.68,3951.54,3,0,1,27930.66,0
10335,26.0,Male,Mumbai,High School,22,Month-to-month,Electronic check,92.04,2113.34,1,1,1,95586.42,0
10336,33.0,Male,Delhi,Bachelors,36,Two year,Electronic check,53.11,1861.73,1,1,0,65514.85,0
10337,46.0,Female,Delhi,Masters,44,Month-to-month,Electronic check,423.16,2592.86,2,1,1,114262.36,0
10338,57.0,Female,Chennai,Bachelors,54,One year,Electronic check,88.29,4774.31,1,0,1,102360.34,0
10339,50.0,Male,Bengaluru,Bachelors,24,Two year,Electronic check,62.98,1523.71,2,1,0,58884.12,0
10340,18.0,Female,Pune,Bachelors,46,Two year,Electronic check,40.61,1773.0,3,1,1,85881.86,0
10341,46.0,Female,Delhi,High School,32,Two year,Bank transfer,121.14,3906.61,1,0,0,56932.99,0
10342,43.0,Male,Bengaluru,Bachelors,39,Two year,Electronic check,41.27,1621.95,1,1,1,70059.2,0
10343,47.0,Male,Delhi,PhD,62,One year,Credit card,63.58,3835.99,2,1,1,84871.67,0
10344,,Male,Mumbai,Bachelors,28,One year,Mailed check,72.63,,1,0,1,94486.0,0
10345,18.0,Female,Mumbai,High School,48,Month-to-month,Electronic check,70.89,3362.29,1,1,0,89694.53,0
10346,34.0,Female,Mumbai,High School,68,Two year,Credit card,60.83,4113.77,1,1,1,71649.77,0
10347,50.0,Female,Hyderabad,Bachelors,55,Month-to-month,Bank transfer,60.94,3284.79,1,0,0,124635.33,0
10348,21.0,Male,Delhi,PhD,72,One year,Bank transfer,59.83,4328.57,1,0,1,61969.55,0
10349,61.0,Male,Mumbai,Masters,42,Month-to-month,Electronic check,40.45,,2,1,1,34641.59,0
10350,47.0,Male,Hyderabad,Masters,20,Month-to-month,Bank transfer,112.3,2259.25,1,1,0,38876.62,0
10351,53.0,Male,Delhi,Bachelors,72,Month-to-month,Credit card,60.16,4223.55,1,0,0,102428.17,0
10352,35.0,Female,Chennai,Bachelors,47,Two year,Credit card,78.13,3686.39,4,1,0,68313.64,0
10353,53.0,Male,Chennai,Bachelors,17,Month-to-month,Bank transfer,57.64,970.15,1,1,1,,0
10354,56.0,Male,Delhi,High School,23,Month-to-month,Mailed check,57.2,1260.55,1,1,1,58064.47,0
10355,45.0,Female,Mumbai,Bachelors,19,Month-to-month,Credit card,54.98,1062.3,3,1,1,60040.55,0
10356,45.0,Male,Pune,Bachelors,60,Month-to-month,Electronic check,30.9,1897.99,1,0,1,52683.89,0
10357,46.0,Female,Chennai,Masters,6,Month-to-month,Mailed check,61.47,335.4,3,0,1,80365.32,0
10358,31.0,Female,Pune,Masters,54,Month-to-month,Bank transfer,56.05,,2,1,1,67857.64,1
10359,40.0,Female,Mumbai,Bachelors,40,One year,Mailed check,90.77,3530.22,1,1,1,79570.12,0
10360,40.0,Female,Bengaluru,Bachelors,5,Two year,Electronic check,38.67,160.07,1,1,1,77467.64,0
10361,47.0,Female,Delhi,Masters,44,Two year,Electronic check,52.3,2293.42,1,1,0,60630.67,0
10362,55.0,Female,Delhi,High School,54,One year,Electronic check,45.23,2416.62,2,1,1,37907.93,0
10363,28.0,Female,Mumbai,Bachelors,52,Month-to-month,Credit card,96.74,4996.32,1,1,1,35992.41,0
10364,40.0,Female,Hyderabad,Masters,38,One year,Bank transfer,45.87,1771.45,2,0,0,136586.34,0
10365,61.0,Male,Bengaluru,Masters,24,One year,Credit card,77.37,1880.02,2,1,1,102519.82,0
10366,32.0,Male,Chennai,,11,One year,Credit card,86.34,959.72,2,1,1,99484.02,0
10367,31.0,Male,Mumbai,Masters,0,One year,Electronic check,61.79,,1,1,0,55158.65,0
10368,45.0,Female,Pune,Masters,26,One year,Bank transfer,34.71,869.64,2,1,0,70209.21,0
10369,53.0,Male,Delhi,High School,46,One year,Mailed check,34.99,1554.81,2,1,1,52062.02,0
10370,42.0,Female,Pune,Bachelors,2,Two year,Credit card,83.91,141.7,1,0,1,41134.19,0
10371,59.0,Female,Hyderabad,Bachelors,72,One year,Bank transfer,37.27,2653.87,3,0,0,57046.98,0
10372,53.0,Male,Mumbai,Bachelors,42,Month-to-month,Credit card,73.62,2989.48,1,0,1,99176.07,0
10373,,Male,Chennai,Masters,21,Two year,Bank transfer,67.52,1390.64,3,1,1,88496.4,0
10374,49.0,Female,Bengaluru,Bachelors,70,One year,Electronic check,73.3,5186.24,1,1,0,48658.94,0
10375,72.0,Female,Mumbai,High School,13,One year,Bank transfer,75.37,1019.85,1,1,0,63074.05,0
10376,39.0,Female,Mumbai,Bachelors,69,Month-to-month,Electronic check,44.46,3094.0,2,1,0,86480.71,0
10377,18.0,Male,Pune,Masters,20,Month-to-month,Bank transfer,43.54,,1,1,1,57438.63,1
10378,63.0,Female,Pune,Bachelors,27,One year,Electronic check,80.73,2252.15,1,1,0,71750.9,1
10379,36.0,Female,Bengaluru,High School,31,Month-to-month,Mailed check,51.15,1532.64,1,1,1,78840.64,0
10380,,Female,Mumbai,Bachelors,72,Month-to-month,Credit card,10.0,671.76,2,0,1,78600.47,0
10381,59.0,Female,Delhi,High School,18,Month-to-month,Electronic check,79.27,1483.07,1,1,1,75591.2,0
10382,,Male,Mumbai,High School,71,Month-to-month,Electronic check,42.2,2997.58,2,0,1,55618.66,0
10383,26.0,Female,Bengaluru,Bachelors,25,One year,Electronic check,75.28,1848.44,2,0,1,57878.56,0
10384,21.0,Male,Delhi,Masters,20,Month-to-month,Electronic check,95.64,1940.4,1,1,1,45059.7,0
10385,32.0,Male,Delhi,High School,46,Month-to-month,Electronic check,65.37,2985.1,1,1,0,35650.59,0
10386,48.0,Female,Chennai,High School,50,Two year,Bank transfer,86.91,4303.62,1,1,0,67475.53,0
10387,49.0,Male,Pune,High School,25,One year,Bank transfer,68.38,1666.23,3,1,1,87957.71,0
10388,46.0,Female,Mumbai,Masters,9,Two year,Mailed check,99.92,915.36,2,0,0,39633.79,0
10389,,Female,Delhi,High School,28,Month-to-month,Electronic check,41.63,1175.93,3,0,0,76005.41,0
10390,18.0,Male,Bengaluru,Bachelors,39,Two year,Mailed check,64.82,2603.82,2,1,0,,0
10391,43.0,Female,Mumbai,High School,2,Month-to-month,Credit card,79.81,145.12,2,1,0,29591.86,1
10392,36.0,Female,Delhi,Masters,5,Month-to-month,Mailed check,60.81,288.69,3,1,1,64047.22,1
10393,48.0,Female,Mumbai,High School,67,Month-to-month,Mailed check,90.35,6125.43,1,1,1,106216.62,0
10394,51.0,Male,Mumbai,Bachelors,2,Month-to-month,Mailed check,55.5,,3,1,0,82142.7,0
10395,44.0,Male,Chennai,Bachelors,29,Two year,Electronic check,110.53,3212.61,1,0,0,28849.94,0
10396,52.0,Male,Delhi,Bachelors,55,Month-to-month,Electronic check,111.69,6064.9,1,1,1,84483.47,0
10397,45.0,Female,Hyderabad,High School,23,One year,Bank transfer,71.21,1597.24,1,1,0,53549.79,0
10398,49.0,Female,Mumbai,High School,36,Month-to-month,Electronic check,77.16,2725.06,1,1,1,85208.75,0
10399,33.0,Male,Hyderabad,Bachelors,6,Month-to-month,Bank transfer,91.22,549.14,1,1,0,54818.2,0
10400,40.0,Male,Hyderabad,PhD,57,Two year,Mailed check,38.88,2190.74,1,1,0,68833.29,0
10401,45.0,Female,Chennai,Masters,46,One year,Electronic check,36.14,1742.59,1,1,1,58174.06,0
10402,53.0,Female,Mumbai,PhD,62,Month-to-month,Bank transfer,92.64,5665.11,3,1,1,70069.47,0
10403,37.0,Male,Bengaluru,Bachelors,63,Month-to-month,Electronic check,71.03,4416.82,1,0,1,57519.84,0
10404,49.0,Male,Pune,Bachelors,25,Month-to-month,Electronic check,60.02,1512.73,1,1,0,65082.16,0
10405,39.0,Male,Mumbai,Masters,3,One year,Mailed check,65.24,221.79,2,1,0,44136.69,0
10406,40.0,Female,Mumbai,Bachelors,25,Month-to-month,Bank transfer,12.51,183.39,2,1,0,80794.51,0
10407,53.0,Female,Delhi,High School,10,Two year,Credit card,60.81,521.33,2,1,1,73856.27,0
10408,18.0,Female,Pune,High School,38,Two year,Credit card,48.43,1827.16,1,1,0,34436.29,0
10409,25.0,Male,Mumbai,PhD,10,Month-to-month,Mailed check,85.2,919.8,1,1,0,91844.17,0
10410,23.0,Male,Mumbai,Masters,67,Month-to-month,Electronic check,86.89,5916.02,3,0,1,66121.66,0
10411,18.0,Male,Pune,High School,43,Two year,Electronic check,77.69,3319.95,1,1,1,73558.77,0
10412,,Male,Delhi,Masters,18,Month-to-month,Electronic check,73.7,1318.07,2,0,0,86820.36,1
10413,52.0,Male,Mumbai,Bachelors,67,Month-to-month,Electronic check,32.06,2106.18,1,1,1,77221.33,0
10414,,Female,Bengaluru,Bachelors,56,One year,Electronic check,77.99,4399.1,1,1,1,,0
10415,45.0,Male,Mumbai,High School,31,Month-to-month,Bank transfer,78.85,2520.78,2,0,1,63547.5,0
10416,56.0,Female,Delhi,Bachelors,10,One year,Bank transfer,92.39,986.7,1,1,0,92757.45,0
10417,59.0,Male,Mumbai,High School,25,Two year,Electronic check,111.6,2788.55,1,1,1,72704.34,0
10418,41.0,Male,Bengaluru,High School,42,One year,Bank transfer,27.76,1123.99,2,1,0,81167.94,1
10419,60.0,Male,Bengaluru,Bachelors,55,Month-to-month,Credit card,56.45,3105.16,1,1,0,78879.84,0
10420,43.0,Male,Mumbai,High School,19,Month-to-month,Electronic check,48.67,993.77,1,1,0,97296.07,0
10421,31.0,Female,Bengaluru,Bachelors,54,Two year,Electronic check,68.8,,1,1,0,85871.07,0
10422,34.0,Female,Pune,High School,20,One year,Mailed check,65.29,1215.03,1,0,1,60255.2,0
10423,,Female,Delhi,Masters,18,One year,Electronic check,59.85,1059.3,2,1,1,55892.13,0
10424,30.0,Female,Pune,Bachelors,32,Month-to-month,Electronic check,87.61,2789.57,1,1,0,68905.41,1
10425,37.0,Male,Pune,Bachelors,11,Two year,Bank transfer,40.77,357.41,1,1,0,53277.77,0
10426,52.0,Male,Mumbai,High School,29,Month-to-month,Bank transfer,42.1,1232.5,1,1,0,46851.77,0
10427,64.0,Male,Bengaluru,High School,26,Two year,Credit card,42.47,1129.52,3,0,1,23182.85,0
10428,,Male,Chennai,High School,20,Month-to-month,Electronic check,57.07,1234.39,1,1,0,35916.22,0
10429,47.0,Male,Hyderabad,Bachelors,56,Month-to-month,Credit card,37.97,,3,1,1,113678.94,0
10430,28.0,Female,Hyderabad,High School,24,Month-to-month,Electronic check,63.93,1570.85,1,1,0,55556.99,0
10431,48.0,Female,Delhi,Bachelors,50,Month-to-month,Electronic check,61.36,3116.34,1,0,1,111876.13,0
10432,40.0,Male,Pune,Bachelors,52,Two year,Electronic check,47.7,2506.38,2,1,1,78869.4,0
10433,18.0,Male,Mumbai,Masters,48,Month-to-month,Electronic check,84.22,3992.22,1,1,0,68905.32,0
10434,54.0,Female,Bengaluru,Bachelors,19,Two year,Credit card,63.69,1156.86,2,1,1,36986.69,0
10435,34.0,Female,Chennai,Bachelors,60,One year,Electronic check,88.38,5307.66,3,1,1,70102.72,0
10436,35.0,Female,Delhi,Masters,17,Month-to-month,Electronic check,60.71,1036.58,2,1,1,111628.04,1
10437,28.0,Male,Bengaluru,Bachelors,20,One year,Bank transfer,64.47,1261.43,1,1,0,104268.01,0
10438,33.0,Male,Hyderabad,High School,63,Two year,Electronic check,52.62,3379.64,2,0,1,76033.25,0
10439,48.0,Female,Pune,High School,24,One year,Bank transfer,64.84,1536.12,1,1,0,44729.3,0
10440,40.0,Male,Delhi,High School,50,Month-to-month,Credit card,80.67,3938.81,2,1,1,48942.36,0
10441,46.0,Female,Bengaluru,Bachelors,3,Two year,Electronic check,55.95,156.65,1,0,1,51242.98,0
10442,47.0,Male,Mumbai,High School,44,One year,Electronic check,76.41,3386.05,1,1,1,98119.41,0
10443,59.0,Female,Mumbai,Bachelors,63,Two year,Mailed check,47.12,2985.66,1,0,1,105897.85,0
10444,38.0,Female,Mumbai,High School,51,One year,Credit card,81.7,4183.41,1,1,0,74309.64,0
10445,23.0,Male,Bengaluru,Bachelors,42,Month-to-month,Credit card,52.24,2268.78,2,1,1,63332.23,0
10446,56.0,Male,Bengaluru,Bachelors,61,Month-to-month,Credit card,83.74,5052.4,1,1,1,104071.63,0
10447,38.0,Male,Mumbai,High School,21,Two year,Bank transfer,66.34,1371.95,1,0,0,48471.38,0
10448,56.0,Female,Mumbai,High School,27,Two year,Mailed check,98.46,2735.67,2,0,0,71140.11,0
10449,47.0,Female,Delhi,Masters,5,Month-to-month,Credit card,39.61,99.68,1,1,1,80185.25,0
10450,40.0,Male,Chennai,Bachelors,50,Month-to-month,Bank transfer,32.52,1623.32,3,1,0,51018.39,0
10451,47.0,Male,Mumbai,PhD,52,Month-to-month,Electronic check,51.44,2736.33,1,0,1,56009.89,0
10452,67.0,Female,Bengaluru,High School,54,Month-to-month,Bank transfer,34.54,1925.86,1,1,0,54297.77,0
10453,69.0,Female,Chennai,,54,Month-to-month,Credit card,34.58,1900.33,1,1,1,101167.99,0
10454,43.0,Female,Chennai,High School,9,Month-to-month,Credit card,78.67,742.3,1,1,1,112116.08,0
10455,44.0,Male,Hyderabad,Bachelors,48,Month-to-month,Bank transfer,64.91,3063.63,1,0,0,72525.44,0
10456,56.0,Male,Delhi,Bachelors,55,Month-to-month,Bank transfer,54.45,3063.41,2,0,0,64099.19,0
10457,31.0,Female,Mumbai,High School,14,Two year,Credit card,56.49,730.86,1,1,0,56803.5,0
10458,46.0,Male,Mumbai,Bachelors,34,Month-to-month,Electronic check,51.86,1706.22,3,1,1,70038.42,0
10459,42.0,Male,Chennai,High School,66,One year,Bank transfer,101.31,6705.85,1,1,0,57895.12,0
10460,46.0,Female,Delhi,High School,30,Month-to-month,Credit card,48.82,1439.95,2,0,0,67865.33,0
10461,31.0,Female,Delhi,Bachelors,54,One year,Bank transfer,35.91,1949.47,1,1,1,79091.12,0
10462,21.0,Male,Mumbai,High School,38,Two year,Credit card,82.51,3156.92,1,1,1,61083.12,0
10463,18.0,Female,Delhi,Bachelors,48,Month-to-month,Electronic check,60.25,2980.91,1,0,0,65829.06,0
10464,27.0,Female,Delhi,Bachelors,45,Two year,Electronic check,109.85,4964.94,1,1,1,65920.0,0
10465,36.0,Male,Delhi,Bachelors,47,Month-to-month,Electronic check,53.42,2479.81,2,1,1,63013.6,0
10466,38.0,Male,Mumbai,High School,56,Month-to-month,Electronic check,83.61,4715.98,1,1,1,60288.15,1
10467,67.0,Female,Delhi,High School,66,Month-to-month,Bank transfer,88.81,5819.87,1,1,1,,0
10468,56.0,Female,Mumbai,Bachelors,21,Month-to-month,Mailed check,53.53,1169.79,4,1,1,31043.81,1
10469,29.0,Male,Bengaluru,PhD,67,Month-to-month,Electronic check,48.66,,1,1,1,104634.16,0
10470,,Female,Hyderabad,PhD,45,One year,Bank transfer,81.31,3678.98,1,0,1,72981.65,0
10471,37.0,Male,Bengaluru,Bachelors,43,Month-to-month,Bank transfer,77.65,3249.92,1,1,0,83420.39,0
10472,38.0,Male,Mumbai,Bachelors,23,Two year,Electronic check,33.97,668.77,1,0,1,85951.71,0
10473,44.0,Female,Bengaluru,Bachelors,30,Month-to-month,Mailed check,40.17,1130.03,1,0,1,54422.7,0
10474,50.0,Male,Delhi,Masters,47,Month-to-month,Bank transfer,10.0,557.29,2,1,0,49884.11,0
10475,38.0,Female,Delhi,Bachelors,26,Month-to-month,Electronic check,78.1,1973.19,2,1,1,47290.08,0
10476,,Male,Mumbai,Bachelors,20,One year,Credit card,59.24,1221.42,2,1,1,,0
10477,27.0,Male,Pune,High School,59,Two year,Bank transfer,61.43,3592.27,1,0,0,85382.5,0
10478,42.0,Male,Delhi,Masters,30,Two year,Bank transfer,27.79,821.7,1,0,0,57157.24,0
10479,76.0,Female,Delhi,Bachelors,47,Month-to-month,Electronic check,40.84,1917.24,2,0,0,83374.5,0
10480,45.0,Male,Mumbai,Bachelors,2,Two year,Bank transfer,54.48,191.15,1,0,0,17905.73,0
10481,,Male,Hyderabad,High School,5,Month-to-month,Electronic check,50.21,280.28,1,0,1,61517.52,0
10482,43.0,Male,Delhi,High School,61,Two year,Credit card,67.59,4142.24,1,1,0,95677.02,0
10483,50.0,Female,Hyderabad,Bachelors,10,Month-to-month,Electronic check,77.84,843.23,2,0,0,66238.63,1
10484,41.0,Male,Mumbai,Masters,58,Month-to-month,Electronic check,114.93,6634.28,1,1,0,,0
10485,40.0,Male,Delhi,Bachelors,65,Month-to-month,Bank transfer,64.56,4249.82,3,0,1,55549.45,0
10486,32.0,Male,Hyderabad,Bachelors,35,One year,Electronic check,89.54,3178.97,1,1,1,15000.0,0
10487,48.0,Female,Delhi,High School,64,Month-to-month,Electronic check,46.74,3035.85,4,0,0,,0
10488,31.0,Female,Mumbai,High School,31,Month-to-month,Electronic check,28.15,864.9,1,0,0,,0
10489,,Female,Chennai,Bachelors,69,Month-to-month,Credit card,57.25,3928.38,2,1,0,57182.74,0
10490,56.0,Male,Pune,PhD,17,Month-to-month,Mailed check,29.85,463.96,1,1,0,59780.02,0
10491,47.0,Male,Delhi,Bachelors,31,One year,Mailed check,65.32,1984.56,2,1,1,18700.13,0
10492,38.0,Male,Bengaluru,High School,28,Two year,Electronic check,47.83,1293.39,1,1,1,34121.57,0
10493,48.0,Female,Delhi,Bachelors,57,Two year,Bank transfer,22.01,1272.91,3,1,1,96181.08,0
10494,38.0,Female,Bengaluru,Bachelors,3,Month-to-month,Bank transfer,103.19,298.15,2,1,1,83580.47,0
10495,54.0,Female,Hyderabad,Masters,60,One year,Electronic check,53.17,3211.77,2,0,1,41456.34,0
10496,18.0,Male,Bengaluru,Bachelors,1,One year,Electronic check,28.97,53.36,1,0,0,56127.41,0
10497,38.0,Male,Delhi,Masters,23,Two year,Bank transfer,84.76,1896.49,1,1,1,69358.21,0
10498,18.0,Male,Mumbai,Bachelors,43,One year,Electronic check,48.97,2051.22,4,1,0,43685.19,0
10499,23.0,Male,Bengaluru,High School,10,One year,Credit card,88.98,878.37,3,0,1,25908.83,0
10500,60.0,Male,Hyderabad,High School,35,Month-to-month,Electronic check,48.87,1671.69,1,1,0,66497.37,0
10501,54.0,Male,Bengaluru,Bachelors,72,Two year,Electronic check,53.1,,1,1,0,82597.39,0
10502,33.0,Male,Mumbai,Masters,60,One year,Electronic check,72.59,4440.18,1,1,0,83020.86,0
10503,,Male,Delhi,Bachelors,2,Month-to-month,Bank transfer,78.05,79.43,1,0,0,89255.22,0
10504,18.0,Female,Hyderabad,Masters,43,One year,Electronic check,81.91,3623.28,1,1,0,35821.74,0
10505,35.0,Female,Mumbai,High School,43,Month-to-month,Electronic check,63.03,2724.73,2,1,1,71273.84,0
10506,73.0,Female,Chennai,Bachelors,4,Month-to-month,Electronic check,76.63,355.83,1,1,0,64094.07,0
10507,48.0,Female,Delhi,High School,47,One year,Electronic check,81.4,3869.22,3,1,1,68081.14,0
10508,35.0,Male,Chennai,Bachelors,38,One year,Electronic check,69.41,2668.43,4,1,0,,0
10509,48.0,Male,Delhi,Bachelors,49,Two year,Mailed check,61.86,3114.23,1,0,1,55470.14,0
10510,22.0,Male,Delhi,Masters,21,Two year,Bank transfer,33.2,643.08,1,0,0,15000.0,0
10511,38.0,Male,Pune,Bachelors,18,Month-to-month,Electronic check,78.18,1399.42,1,1,0,95560.24,0
10512,43.0,Female,Bengaluru,Bachelors,53,Month-to-month,Mailed check,65.93,3451.65,1,1,0,77259.78,0
10513,41.0,Male,Mumbai,Bachelors,52,Month-to-month,Credit card,55.9,2822.0,2,1,0,37345.62,0
10514,52.0,Female,Pune,,11,Two year,Bank transfer,93.11,991.15,2,1,0,80408.9,0
10515,,Female,Delhi,High School,15,Month-to-month,Credit card,33.59,597.48,1,1,1,,0
10516,51.0,Male,Hyderabad,Bachelors,42,Month-to-month,Electronic check,101.17,4240.47,3,1,0,,0
10517,33.0,Female,Mumbai,Bachelors,60,One year,Mailed check,64.51,3969.78,1,1,0,53094.88,0
10518,,Female,Chennai,Bachelors,14,Month-to-month,Electronic check,71.99,1112.15,1,0,0,81812.47,1
10519,63.0,Female,Pune,PhD,15,One year,Credit card,56.31,994.41,4,1,1,52403.88,0
10520,29.0,Male,Delhi,Masters,58,Two year,Credit card,28.32,1737.83,1,0,0,45869.64,0
10521,30.0,Male,Mumbai,Masters,50,One year,Bank transfer,61.93,3214.41,1,1,0,94898.39,0
10522,59.0,Female,Bengaluru,Masters,65,Month-to-month,Electronic check,72.36,4719.66,1,1,0,66064.61,0
10523,,Female,Mumbai,Bachelors,57,Month-to-month,Bank transfer,79.88,4564.58,1,1,1,66755.3,1
10524,60.0,Male,Delhi,High School,69,Month-to-month,Credit card,60.64,4198.9,1,0,1,85234.21,0
10525,36.0,Female,Bengaluru,Bachelors,13,Month-to-month,Bank transfer,16.76,217.88,2,1,1,55313.09,0
10526,61.0,Male,Mumbai,Masters,19,Month-to-month,Credit card,31.08,598.0,1,0,1,,0
10527,44.0,Female,Pune,High School,17,Month-to-month,Bank transfer,110.14,1909.99,2,1,0,76725.74,0
10528,45.0,Male,Hyderabad,PhD,4,One year,Electronic check,40.96,140.55,1,1,1,36089.69,0
10529,62.0,Female,Delhi,High School,56,Month-to-month,Bank transfer,96.4,5329.52,1,1,1,74864.18,0
10530,37.0,Male,Delhi,Bachelors,48,Month-to-month,Electronic check,44.45,2151.78,3,0,1,53374.35,0
10531,30.0,Female,Chennai,High School,6,Month-to-month,Credit card,60.99,331.3,2,1,0,88820.4,0
10532,36.0,Female,Bengaluru,Masters,14,Month-to-month,Electronic check,78.75,1073.04,2,0,1,82026.59,0
10533,48.0,Male,Pune,Bachelors,13,One year,Bank transfer,46.96,603.34,1,1,1,79120.06,0
10534,22.0,Male,Mumbai,Bachelors,29,Month-to-month,Electronic check,100.03,2882.26,1,1,1,34646.91,0
10535,50.0,Female,Delhi,High School,33,Month-to-month,Electronic check,66.67,2255.61,2,0,1,67725.3,0
10536,35.0,Female,Bengaluru,Bachelors,21,One year,Credit card,75.14,1569.6,3,1,1,44100.14,0
10537,57.0,Female,Mumbai,Bachelors,67,One year,Bank transfer,59.11,4018.39,2,0,0,69188.99,0
10538,18.0,Male,Delhi,High School,15,Two year,Credit card,79.49,,1,1,0,19063.85,0
10539,32.0,Male,Bengaluru,High School,41,One year,Bank transfer,99.73,4084.5,1,1,0,36101.69,0
10540,20.0,Male,Delhi,Masters,31,One year,Electronic check,62.11,1933.32,1,1,0,96158.74,1
10541,31.0,Female,Mumbai,Bachelors,28,Two year,Electronic check,103.05,2820.82,1,1,1,78119.17,0
10542,45.0,Male,Delhi,High School,60,Two year,Mailed check,51.54,3109.3,1,1,1,62216.05,0
10543,40.0,Male,Mumbai,High School,71,Two year,Electronic check,81.81,5850.97,1,1,1,50007.65,0
10544,39.0,Female,Mumbai,Bachelors,0,One year,Mailed check,75.76,,1,1,1,46146.41,0
10545,40.0,Female,Mumbai,Bachelors,33,Two year,Electronic check,41.49,1301.56,2,0,1,74403.43,1
10546,45.0,Female,Pune,High School,8,Month-to-month,Credit card,69.7,481.65,2,1,0,,0
10547,29.0,Female,Mumbai,High School,31,Two year,Electronic check,65.16,1993.12,2,1,0,104026.24,0
10548,51.0,Female,Mumbai,High School,45,Month-to-month,Bank transfer,46.23,2149.58,1,0,0,65935.2,0
10549,51.0,Male,Pune,Bachelors,30,Month-to-month,Bank transfer,72.88,2197.45,1,1,1,71291.85,0
10550,47.0,Female,Hyderabad,Masters,22,Month-to-month,Bank transfer,68.22,1462.11,4,0,0,39452.92,1
10551,49.0,Female,Delhi,Masters,22,One year,Bank transfer,63.4,1322.15,1,1,0,62064.62,0
10552,46.0,Male,Chennai,Bachelors,21,Month-to-month,Credit card,63.49,1299.09,3,0,0,73893.81,0
10553,68.0,Male,Chennai,Bachelors,23,One year,Bank transfer,63.02,1411.88,1,1,1,61798.71,0
10554,41.0,Male,Hyderabad,Bachelors,27,Month-to-month,Electronic check,56.91,1583.35,2,0,1,59316.17,0
10555,38.0,Male,Bengaluru,Bachelors,50,Month-to-month,Electronic check,68.08,3454.63,1,0,1,77192.01,0
10556,,Male,Bengaluru,Masters,7,Two year,Credit card,50.83,303.31,2,1,0,103326.11,0
10557,29.0,Male,Pune,Masters,2,Month-to-month,Mailed check,123.45,284.56,3,1,1,73189.33,0
10558,26.0,Female,Delhi,PhD,37,One year,Bank transfer,33.99,1290.17,1,1,0,95172.1,0
10559,,Male,Chennai,Bachelors,49,Two year,Mailed check,52.14,2495.88,2,1,1,83675.25,0
10560,41.0,Female,Mumbai,High School,18,Month-to-month,Bank transfer,53.87,965.47,3,1,0,93855.77,0
10561,46.0,Female,Hyderabad,PhD,14,Month-to-month,Mailed check,109.89,1555.5,2,1,0,,0
10562,43.0,Male,Pune,High School,45,Month-to-month,Mailed check,35.96,1626.36,1,0,1,65447.6,0
10563,,Female,Mumbai,High School,28,Month-to-month,Credit card,74.37,1996.83,1,1,0,65538.98,0
10564,54.0,Female,Delhi,Masters,53,One year,Mailed check,70.46,3740.94,3,1,1,82018.1,0
10565,52.0,Female,Chennai,Bachelors,10,Month-to-month,Electronic check,72.34,755.21,2,0,0,87433.08,0
10566,40.0,Female,Hyderabad,High School,8,Month-to-month,Mailed check,92.2,816.58,3,0,1,72751.24,1
10567,34.0,Female,Hyderabad,Bachelors,40,One year,Electronic check,91.75,3636.56,1,0,0,89287.54,1
10568,,Female,Pune,,28,One year,Electronic check,55.08,1514.97,2,1,0,57606.71,0
10569,44.0,Female,Mumbai,High School,53,Month-to-month,Bank transfer,69.27,3660.87,2,1,1,,0
10570,23.0,Male,Hyderabad,Bachelors,36,Month-to-month,Electronic check,23.99,878.2,3,1,1,92347.81,0
10571,41.0,Female,Bengaluru,High School,25,Month-to-month,Mailed check,67.18,1684.35,2,1,1,84904.92,0
10572,45.0,Female,Mumbai,Bachelors,11,Month-to-month,Bank transfer,47.53,553.05,1,1,1,72951.74,0
10573,30.0,Female,Mumbai,High School,11,Month-to-month,Electronic check,60.9,613.64,2,1,1,85693.11,0
10574,,Male,Hyderabad,Bachelors,55,One year,Electronic check,27.92,1555.44,2,1,0,50331.9,0
10575,23.0,Male,Hyderabad,Bachelors,16,Two year,Bank transfer,73.91,1145.45,1,1,1,74363.97,0
10576,59.0,Male,Bengaluru,Bachelors,36,Month-to-month,Credit card,27.68,989.31,1,0,1,76611.23,0
10577,58.0,Male,Delhi,Masters,59,Month-to-month,Electronic check,68.26,4112.74,3,0,1,40750.66,1
10578,39.0,Male,Hyderabad,High School,65,Month-to-month,Electronic check,38.02,2401.39,1,1,1,80440.85,0
10579,47.0,Female,Delhi,Bachelors,19,One year,Credit card,46.31,865.92,1,1,0,42525.99,0
10580,18.0,Female,Mumbai,Bachelors,8,One year,Credit card,90.4,,2,0,1,60585.8,0
10581,27.0,Male,Bengaluru,Bachelors,56,One year,Credit card,77.93,4371.73,4,1,1,70874.74,0
10582,38.0,Female,Bengaluru,Bachelors,50,Month-to-month,Electronic check,90.28,4566.41,2,1,1,53923.8,0
10583,28.0,Female,Chennai,Masters,24,Month-to-month,Credit card,99.31,2391.92,1,1,1,71816.19,0
10584,51.0,Male,Delhi,Masters,43,Two year,Credit card,48.0,2058.16,1,1,1,71464.25,0
10585,68.0,Male,Hyderabad,Masters,13,Month-to-month,Electronic check,97.98,1340.16,1,1,1,,0
10586,27.0,Female,Pune,High School,51,Month-to-month,Bank transfer,32.76,1687.29,1,1,1,82495.44,0
10587,31.0,Female,Delhi,Bachelors,53,One year,Electronic check,81.41,4355.71,2,1,0,53188.56,0
10588,45.0,Male,Bengaluru,Masters,21,One year,Mailed check,54.15,1172.91,1,1,1,120335.44,0
10589,63.0,Female,Pune,Masters,34,Month-to-month,Bank transfer,44.53,1370.21,1,0,1,67591.47,0
10590,26.0,Male,Delhi,Bachelors,24,One year,Electronic check,78.52,1880.65,3,1,1,44231.53,0
10591,45.0,Female,Hyderabad,,2,Month-to-month,Credit card,85.79,117.68,1,1,1,48344.48,0
10592,66.0,Male,Bengaluru,Bachelors,9,Two year,Credit card,85.14,724.79,1,1,0,95246.77,0
10593,21.0,Male,Delhi,Bachelors,70,One year,Credit card,69.73,4954.83,1,1,0,60998.66,0
10594,25.0,Male,Chennai,Bachelors,33,One year,Electronic check,67.9,2221.96,1,0,0,39997.2,0
10595,36.0,Female,Mumbai,High School,10,Month-to-month,Bank transfer,76.59,860.53,1,1,1,88781.68,1
10596,,Male,Mumbai,High School,3,Month-to-month,Credit card,71.68,144.66,4,1,1,60857.37,1
10597,53.0,Female,Mumbai,Masters,25,One year,Electronic check,76.91,1868.57,2,0,1,84375.23,0
10598,45.0,Female,Chennai,Bachelors,71,Month-to-month,Bank transfer,69.49,4971.91,2,1,1,90582.45,0
10599,19.0,Female,Delhi,Masters,28,Month-to-month,Electronic check,83.54,2322.05,2,1,1,76038.2,0
10600,49.0,Female,Hyderabad,Masters,72,Two year,Bank transfer,29.2,2117.77,1,1,1,122709.96,0
10601,34.0,Female,Mumbai,Masters,35,Two year,Bank transfer,62.11,2168.23,2,1,1,32055.67,0
10602,59.0,Male,Bengaluru,Bachelors,55,Two year,Credit card,34.56,1893.67,1,1,0,52005.1,0
10603,34.0,Male,Bengaluru,Bachelors,57,Month-to-month,Mailed check,71.09,4036.92,1,1,0,64369.1,1
10604,34.0,Female,Mumbai,Bachelors,2,Month-to-month,Bank transfer,101.12,211.21,1,1,0,119745.82,1
10605,49.0,Female,Delhi,High School,0,Month-to-month,Electronic check,54.57,,1,1,0,109556.05,1
10606,52.0,Female,Delhi,Bachelors,67,One year,Bank transfer,67.8,4623.32,1,1,1,98351.2,1
10607,48.0,Male,Mumbai,Bachelors,68,Two year,Credit card,81.64,5541.39,1,1,0,52529.27,0
10608,20.0,Male,Delhi,High School,9,Month-to-month,Bank transfer,19.51,155.91,1,0,1,55094.68,1
10609,49.0,Female,Bengaluru,Bachelors,47,Month-to-month,Credit card,53.51,2488.85,1,1,0,51771.68,0
10610,29.0,Female,Mumbai,Bachelors,67,Two year,Bank transfer,73.02,4965.83,1,1,0,52764.61,0
10611,45.0,Male,Delhi,Masters,69,Month-to-month,Bank transfer,10.0,724.52,2,1,0,102839.5,0
10612,23.0,Male,Delhi,Masters,21,Month-to-month,Credit card,43.51,818.76,1,1,1,64637.12,0
10613,48.0,Female,Pune,Bachelors,59,Two year,Electronic check,89.22,5166.82,2,0,1,67547.04,0
10614,32.0,Male,Bengaluru,Masters,47,Month-to-month,Bank transfer,87.07,4050.79,1,1,1,87036.51,0
10615,25.0,Female,Pune,High School,67,One year,Bank transfer,73.24,4918.59,1,1,1,33402.38,0
10616,51.0,Female,Bengaluru,Bachelors,10,Two year,Credit card,84.41,842.43,2,1,0,71158.21,0
10617,45.0,Male,Chennai,High School,43,Two year,Mailed check,69.73,3024.13,2,1,1,45868.82,0
10618,34.0,Male,Mumbai,Bachelors,1,Month-to-month,Mailed check,77.22,68.45,1,1,0,747924.85,0
10619,61.0,Female,Bengaluru,Bachelors,26,One year,Electronic check,58.06,1579.43,1,1,0,57098.74,0
10620,36.0,Male,Delhi,Masters,0,One year,Credit card,67.55,,2,1,1,55964.42,0
10621,42.0,Male,Hyderabad,Bachelors,32,Two year,Mailed check,51.09,1638.76,1,1,1,74962.8,0
10622,45.0,Male,Chennai,Bachelors,59,Month-to-month,Bank transfer,92.8,5532.47,1,1,1,74866.69,0
10623,34.0,Female,Hyderabad,High School,48,One year,Electronic check,98.47,4644.11,1,1,0,65163.95,0
10624,48.0,Male,Mumbai,Bachelors,23,Two year,Bank transfer,95.36,2189.03,2,1,1,,0
10625,35.0,Female,Bengaluru,High School,31,Month-to-month,Mailed check,56.02,1743.5,1,1,1,50890.48,0
10626,37.0,Male,Hyderabad,Bachelors,26,One year,Bank transfer,44.02,1174.62,3,0,1,84994.89,0
10627,60.0,Male,Mumbai,Bachelors,53,Month-to-month,Bank transfer,93.09,4848.01,2,1,1,65463.62,0
10628,28.0,Male,Mumbai,High School,19,Month-to-month,Bank transfer,76.97,1449.41,2,1,1,59359.4,0
10629,18.0,Female,Hyderabad,,6,Month-to-month,Electronic check,72.23,453.4,1,0,0,52515.31,1
10630,63.0,Female,Delhi,Bachelors,36,Month-to-month,Credit card,51.06,1862.02,2,0,1,64689.26,0
10631,75.0,Female,Mumbai,Masters,60,Month-to-month,Bank transfer,74.36,4520.91,1,1,1,111154.06,1
10632,37.0,Female,Chennai,Masters,34,One year,Electronic check,41.12,1436.16,1,1,1,68607.1,0
10633,18.0,Male,Pune,Bachelors,14,Month-to-month,Electronic check,78.95,1102.26,1,1,1,44823.12,0
10634,38.0,Male,Delhi,Masters,3,Month-to-month,Credit card,95.34,319.77,2,1,1,90214.02,0
10635,38.0,Male,Pune,Bachelors,68,Month-to-month,Credit card,100.88,6849.77,2,1,0,59617.57,0
10636,,Female,Chennai,Bachelors,55,One year,Credit card,80.59,4439.79,3,0,1,76242.7,0
10637,28.0,Female,Bengaluru,Masters,11,Month-to-month,Credit card,34.6,420.34,1,1,0,56675.47,0
10638,50.0,Female,Hyderabad,Masters,5,One year,Mailed check,69.34,344.43,3,1,1,98177.01,0
10639,49.0,Male,Pune,,9,Two year,Mailed check,112.07,1026.73,2,1,1,57003.29,0
10640,23.0,Female,Hyderabad,Masters,27,One year,Credit card,45.89,1287.1,3,1,1,,0
10641,51.0,Female,Delhi,Masters,59,One year,Mailed check,63.7,3793.91,2,1,1,46916.27,0
10642,69.0,Female,Mumbai,High School,11,One year,Bank transfer,96.1,1118.77,1,0,0,63556.06,0
10643,44.0,Male,Delhi,Bachelors,59,One year,Bank transfer,78.58,4752.64,3,0,0,100799.91,0
10644,38.0,Male,Mumbai,Bachelors,0,Month-to-month,Electronic check,119.56,,2,1,1,73699.83,0
10645,40.0,Female,Mumbai,High School,53,Month-to-month,Electronic check,48.88,2567.58,2,0,0,119972.25,0
10646,,Male,Delhi,Bachelors,20,Two year,Electronic check,43.23,890.19,1,1,0,64078.91,0
10647,20.0,Female,Delhi,PhD,70,Two year,Electronic check,91.93,6458.54,1,0,1,75654.94,0
10648,44.0,Male,Mumbai,Masters,34,One year,Mailed check,38.69,1346.14,1,1,1,111913.28,0
10649,37.0,Female,Chennai,High School,19,One year,Electronic check,60.67,1227.48,1,0,0,36693.69,1
10650,66.0,Male,Mumbai,High School,17,One year,Electronic check,63.56,996.31,1,1,0,,1
10651,,Male,Bengaluru,Bachelors,60,Month-to-month,Electronic check,87.79,5343.09,3,0,0,52498.82,0
10652,64.0,Male,Bengaluru,High School,29,Month-to-month,Bank transfer,78.51,2369.31,1,1,1,87894.2,0
10653,28.0,Female,Pune,High School,25,Month-to-month,Credit card,75.06,1904.9,1,1,1,34583.27,0
10654,50.0,Male,Delhi,Bachelors,53,One year,Mailed check,56.15,3005.56,1,0,0,83135.08,0
10655,46.0,Female,Mumbai,Bachelors,39,One year,Bank transfer,91.73,3565.39,1,1,0,81587.55,0
10656,31.0,Male,Bengaluru,Bachelors,48,Month-to-month,Bank transfer,130.0,6240.32,1,0,1,114316.59,0
10657,44.0,Male,Bengaluru,Bachelors,32,Month-to-month,Bank transfer,80.21,2601.62,2,1,0,93000.67,0
10658,58.0,Male,Chennai,High School,4,Two year,Credit card,67.19,300.44,4,0,1,78009.11,0
10659,38.0,Male,Mumbai,Masters,0,One year,Bank transfer,36.45,,1,1,0,99900.92,0
10660,20.0,Female,Delhi,PhD,2,Two year,Bank transfer,50.98,133.29,1,1,1,81855.89,0
10661,42.0,Male,Mumbai,High School,41,Month-to-month,Credit card,60.3,2517.22,2,1,1,59878.46,0
10662,30.0,Female,Hyderabad,High School,37,Month-to-month,Bank transfer,53.24,2009.21,1,1,0,44818.67,0
10663,38.0,Female,Delhi,Masters,54,One year,Mailed check,64.65,3439.88,2,0,0,57473.96,0
10664,41.0,Female,Mumbai,Bachelors,65,Month-to-month,Bank transfer,104.12,6809.41,2,0,0,69118.37,0
10665,20.0,Male,Bengaluru,PhD,12,Month-to-month,Electronic check,92.44,1202.21,3,0,0,73850.4,1
10666,21.0,Male,Delhi,High School,69,Month-to-month,Bank transfer,61.51,4242.86,1,1,0,23025.7,0
10667,,Male,Mumbai,Masters,68,One year,Credit card,38.42,2687.53,4,0,1,65169.67,0
10668,35.0,Male,Mumbai,Bachelors,44,Month-to-month,Bank transfer,94.42,4108.62,3,1,1,70628.8,0
10669,18.0,Female,Chennai,Bachelors,38,Month-to-month,Electronic check,63.92,2427.47,1,1,0,82045.82,0
10670,52.0,Male,Bengaluru,High School,12,Month-to-month,Mailed check,27.02,292.18,1,0,0,105789.62,0
10671,46.0,Male,Bengaluru,Bachelors,13,Month-to-month,Credit card,80.67,1117.67,1,0,1,74084.38,0
10672,33.0,Female,Bengaluru,Bachelors,1,One year,Mailed check,87.57,169.59,1,1,0,49989.62,0
10673,25.0,Male,Pune,High School,47,Two year,Credit card,11.63,541.65,4,1,1,30002.25,0
10674,53.0,Male,Mumbai,Masters,31,Month-to-month,Electronic check,46.86,1511.21,1,1,1,85114.24,0
10675,47.0,Female,Mumbai,High School,14,One year,Bank transfer,62.57,958.51,1,0,1,50880.08,0
10676,,Male,Chennai,Bachelors,9,Month-to-month,Electronic check,81.16,728.79,1,1,1,89070.41,0
10677,47.0,Female,Bengaluru,High School,4,One year,Bank transfer,53.65,221.09,2,1,1,100743.24,0
10678,47.0,Male,Pune,Bachelors,46,Two year,Credit card,46.69,2184.42,3,0,0,36030.36,0
10679,40.0,Female,Hyderabad,High School,50,Month-to-month,Bank transfer,81.0,4007.87,2,0,0,82185.64,0
10680,,Female,Hyderabad,PhD,46,Two year,Mailed check,54.7,2521.7,2,1,0,98437.69,0
10681,50.0,Male,Bengaluru,Bachelors,8,Month-to-month,Credit card,76.93,722.58,1,0,0,92418.87,1
10682,58.0,Female,Mumbai,Masters,3,Two year,Mailed check,40.55,96.65,2,1,0,23879.65,0
10683,35.0,Male,Pune,High School,7,One year,Bank transfer,35.25,289.44,1,1,0,51219.66,0
10684,36.0,Female,Bengaluru,Bachelors,54,Month-to-month,Electronic check,81.62,4433.67,1,1,1,41836.03,0
10685,36.0,Female,Mumbai,Masters,54,One year,Bank transfer,70.56,3802.05,2,1,0,,0
10686,52.0,Male,Mumbai,PhD,21,Month-to-month,Bank transfer,85.29,1802.17,4,1,1,79093.19,1
10687,,Female,Delhi,Bachelors,4,Two year,Mailed check,53.28,300.75,2,1,0,15000.0,0
10688,,Male,Delhi,Masters,23,Month-to-month,Electronic check,47.51,1120.41,2,1,1,,0
10689,36.0,Female,Mumbai,High School,59,One year,Electronic check,94.94,5636.95,1,0,0,87615.84,0
10690,46.0,Female,Delhi,High School,10,Month-to-month,Electronic check,31.49,394.94,1,1,0,73255.47,0
10691,39.0,Male,Chennai,Bachelors,58,Month-to-month,Credit card,92.53,5352.27,1,1,1,73217.87,0
10692,54.0,Female,Bengaluru,Bachelors,33,Two year,Credit card,94.05,3051.3,2,1,0,61970.14,0
10693,18.0,Female,Delhi,Masters,10,One year,Bank transfer,83.92,927.62,2,1,1,46703.3,0
10694,31.0,Female,Mumbai,High School,68,Month-to-month,Credit card,49.87,3397.99,2,0,1,69624.77,0
10695,,Female,Hyderabad,Bachelors,37,Two year,Electronic check,47.04,1785.16,1,1,1,71146.06,0
10696,18.0,Male,Hyderabad,Bachelors,49,Two year,Credit card,60.38,2920.5,1,0,1,83535.6,0
10697,29.0,Female,Mumbai,Bachelors,7,Two year,Electronic check,36.51,275.0,1,1,1,85323.0,1
10698,30.0,Female,Pune,High School,27,Month-to-month,Electronic check,43.84,1128.83,2,1,0,71888.95,0
10699,,Female,Delhi,Masters,46,Two year,Electronic check,79.18,3645.47,4,1,1,94087.98,0
10700,56.0,Female,Delhi,Masters,47,Month-to-month,Mailed check,79.29,3694.23,1,1,0,61751.66,0
10701,39.0,Male,Delhi,Bachelors,4,One year,Bank transfer,41.91,123.76,2,1,1,38231.46,0
10702,29.0,Male,Pune,High School,44,Two year,Electronic check,79.87,3499.12,2,1,1,80495.18,0
10703,41.0,Male,Chennai,High School,68,Month-to-month,Mailed check,74.99,4984.65,1,0,0,72780.35,0
10704,56.0,Male,Bengaluru,High School,57,Month-to-month,Bank transfer,98.22,,1,1,1,80932.49,0
10705,29.0,Female,Bengaluru,High School,15,Two year,Bank transfer,77.52,1201.92,1,0,1,42182.07,0
10706,30.0,Male,Delhi,Bachelors,66,Month-to-month,Electronic check,88.29,5844.52,3,1,1,109397.51,0
10707,,Female,Delhi,Bachelors,49,Month-to-month,Electronic check,75.5,3645.79,1,1,0,85631.05,0
10708,39.0,Female,Delhi,High School,4,Month-to-month,Bank transfer,86.56,373.63,1,0,1,63664.07,0
10709,50.0,Male,Chennai,Masters,9,One year,Bank transfer,36.68,286.21,1,0,0,49420.03,0
10710,42.0,Female,Hyderabad,Bachelors,67,Month-to-month,Mailed check,62.32,4211.54,2,1,0,93697.38,0
10711,51.0,Male,Delhi,Bachelors,15,Month-to-month,Bank transfer,64.14,956.32,1,0,1,45761.06,0
10712,29.0,Male,Pune,Bachelors,7,Two year,Mailed check,59.64,401.22,3,1,1,119750.03,0
10713,42.0,Male,Mumbai,Masters,32,One year,Mailed check,74.77,2388.09,1,1,1,56509.49,0
10714,39.0,Male,Mumbai,Bachelors,38,One year,Credit card,78.96,3128.46,3,0,1,107851.11,0
10715,,Male,Delhi,High School,41,Month-to-month,Credit card,73.63,,2,1,1,,0
10716,22.0,Male,Pune,Bachelors,48,Two year,Bank transfer,61.11,2944.61,1,1,1,104776.43,0
10717,51.0,Male,Mumbai,Bachelors,72,Month-to-month,Electronic check,48.81,3553.39,2,1,0,53832.89,0
10718,37.0,Male,Mumbai,High School,55,Two year,Credit card,89.14,4854.58,2,0,1,70414.4,0
10719,29.0,Male,Delhi,Masters,1,Month-to-month,Electronic check,72.69,0.0,1,0,1,87704.49,1
10720,41.0,Female,Pune,High School,6,Two year,Credit card,42.59,225.49,2,1,0,84565.7,0
10721,57.0,Male,Delhi,Masters,0,Two year,Bank transfer,60.74,,2,1,0,94216.76,0
10722,18.0,Male,Hyderabad,PhD,28,Month-to-month,Bank transfer,26.65,729.1,2,1,0,59275.61,0
10723,23.0,Male,Chennai,High School,25,Month-to-month,Mailed check,65.78,1632.94,2,1,1,71865.78,0
10724,30.0,Male,Hyderabad,Bachelors,68,Month-to-month,Mailed check,60.64,4169.06,2,0,0,97464.55,0
10725,61.0,Male,Mumbai,High School,26,Month-to-month,Electronic check,52.36,1321.04,1,0,1,54484.38,0
10726,46.0,Male,Mumbai,Masters,2,Month-to-month,Electronic check,99.86,195.28,1,0,1,82595.9,1
10727,52.0,Female,Delhi,Masters,64,Month-to-month,Electronic check,39.56,2456.15,1,1,1,65178.47,0
10728,27.0,Female,Chennai,Masters,18,Month-to-month,Electronic check,80.54,1465.76,2,1,0,74529.23,0
10729,27.0,Female,Chennai,High School,66,Month-to-month,Mailed check,113.11,7476.74,1,1,1,,0
10730,48.0,Female,Mumbai,Bachelors,56,Month-to-month,Credit card,88.7,5006.98,1,0,1,52657.77,0
10731,43.0,Male,Delhi,Bachelors,64,One year,Electronic check,64.31,4058.58,2,1,0,64264.75,1
10732,49.0,Male,Mumbai,Bachelors,59,Month-to-month,Bank transfer,40.05,2353.36,1,1,0,,0
10733,40.0,Male,Bengaluru,Masters,10,Month-to-month,Electronic check,35.03,286.38,1,1,0,67740.07,1
10734,46.0,Female,Delhi,Masters,45,Month-to-month,Bank transfer,55.95,2505.44,2,0,0,104600.19,1
10735,44.0,Female,Pune,Bachelors,30,Month-to-month,Bank transfer,49.89,1570.79,2,1,0,92219.02,1
10736,52.0,Male,Delhi,High School,45,Month-to-month,Bank transfer,49.17,2196.61,2,0,0,76379.57,0
10737,52.0,Female,Mumbai,High School,54,Month-to-month,Electronic check,57.82,3053.98,1,0,1,53210.78,0
10738,21.0,Male,Bengaluru,High School,36,Month-to-month,Electronic check,62.75,2225.01,2,1,0,51871.49,0
10739,18.0,Female,Pune,High School,22,Month-to-month,Electronic check,75.67,1584.19,3,1,0,113423.84,0
10740,55.0,Female,Delhi,Masters,66,Month-to-month,Credit card,37.77,2428.03,1,1,1,,0
10741,57.0,Male,Chennai,Bachelors,48,One year,Mailed check,49.99,2433.07,1,0,1,72504.91,0
10742,29.0,Male,Delhi,High School,64,Two year,Bank transfer,61.49,3863.05,1,0,1,77940.87,0
10743,18.0,Male,Bengaluru,High School,17,One year,Electronic check,60.7,1047.52,3,1,1,63150.88,1
10744,43.0,Male,Bengaluru,High School,61,Month-to-month,Mailed check,105.4,6430.69,1,1,1,47951.52,0
10745,54.0,Female,Chennai,Bachelors,23,Month-to-month,Mailed check,70.11,1585.95,1,1,0,52732.27,1
10746,,Female,Bengaluru,High School,33,One year,Electronic check,29.5,984.87,1,1,1,,0
10747,49.0,Male,Delhi,Bachelors,62,One year,Mailed check,74.2,4553.52,3,0,0,54391.16,0
10748,37.0,Male,Hyderabad,High School,25,Month-to-month,Electronic check,77.0,1967.04,1,1,1,99209.85,0
10749,30.0,Female,Mumbai,High School,18,One year,Electronic check,62.25,1085.58,1,1,0,69799.23,0
10750,42.0,Female,Delhi,Bachelors,66,Month-to-month,Mailed check,38.31,2509.14,3,0,1,58476.38,0
10751,38.0,Female,Delhi,Bachelors,70,Month-to-month,Credit card,103.68,7232.33,1,1,0,72353.08,0
10752,,Male,Bengaluru,Bachelors,22,One year,Electronic check,41.46,946.59,2,0,1,84695.03,0
10753,69.0,Male,Chennai,PhD,22,Two year,Electronic check,79.54,1777.1,1,1,0,62418.37,0
10754,65.0,Male,Bengaluru,High School,16,Two year,Electronic check,69.4,979.31,1,1,1,89843.59,0
10755,57.0,Male,Delhi,Masters,1,Two year,Credit card,78.22,90.93,1,1,1,42034.77,0
10756,30.0,Male,Mumbai,Masters,40,Month-to-month,Electronic check,102.55,4014.77,1,0,0,95768.68,0
10757,53.0,Male,Pune,PhD,18,Month-to-month,Credit card,77.36,1375.41,1,1,1,69803.05,0
10758,50.0,Male,Delhi,Masters,61,Month-to-month,Electronic check,52.71,3209.9,2,0,0,68943.73,0
10759,48.0,Female,Mumbai,Masters,12,Month-to-month,Electronic check,89.33,,1,1,0,,0
10760,58.0,Male,Chennai,High School,46,One year,Mailed check,51.12,2376.56,1,1,0,42987.3,0
10761,50.0,Female,Chennai,High School,36,Month-to-month,Mailed check,68.6,2505.6,2,0,1,33333.22,0
10762,,Male,Delhi,Bachelors,44,Month-to-month,Mailed check,36.55,1569.53,3,1,0,53218.91,0
10763,50.0,Female,Bengaluru,Bachelors,8,Two year,Mailed check,42.27,297.67,1,1,1,82928.81,0
10764,46.0,Male,Chennai,Bachelors,34,Month-to-month,Credit card,66.13,2246.62,1,1,1,48851.87,0
10765,19.0,Female,Mumbai,High School,45,Month-to-month,Bank transfer,73.1,3212.31,1,0,0,35934.14,0
10766,,Male,Pune,High School,24,Two year,Credit card,27.55,637.35,3,1,0,50000.56,1
10767,35.0,Male,Delhi,Bachelors,63,Month-to-month,Credit card,75.94,4851.62,2,0,0,61533.67,0
10768,25.0,Female,Bengaluru,Bachelors,38,Two year,Mailed check,46.97,1709.54,1,0,0,62398.97,0
10769,64.0,Male,Mumbai,Bachelors,26,Month-to-month,Credit card,93.15,2404.89,1,0,1,67164.36,0
10770,64.0,Female,Mumbai,High School,2,Month-to-month,Mailed check,57.26,84.9,1,1,0,92717.34,0
10771,60.0,Female,Mumbai,Masters,12,Month-to-month,Bank transfer,40.28,583.62,2,0,1,97483.6,0
10772,45.0,Male,Delhi,Masters,34,Month-to-month,Bank transfer,66.67,2239.89,1,1,1,114120.18,1
10773,60.0,Male,Pune,High School,29,Month-to-month,Bank transfer,44.84,1276.37,1,1,0,34252.04,0
10774,42.0,Female,Bengaluru,Bachelors,63,One year,Mailed check,92.92,5802.42,1,1,1,51170.55,0
10775,45.0,Female,Delhi,High School,57,Month-to-month,Electronic check,65.01,3706.04,2,0,1,85366.67,0
10776,28.0,Male,Delhi,Bachelors,11,Month-to-month,Credit card,61.66,691.77,4,1,1,60011.31,0
10777,47.0,Female,Delhi,Bachelors,43,Month-to-month,Electronic check,78.02,3310.57,1,1,0,88937.3,0
10778,43.0,Female,Bengaluru,Bachelors,33,One year,Electronic check,42.89,,3,1,1,74556.5,0
10779,25.0,Female,Bengaluru,Bachelors,7,Month-to-month,Electronic check,36.64,270.03,1,1,1,104742.49,1
10780,41.0,Female,Delhi,Bachelors,48,Month-to-month,Bank transfer,73.98,3593.63,2,1,1,92939.75,0
10781,41.0,Male,Hyderabad,Bachelors,39,Two year,Electronic check,40.81,,3,1,1,93342.37,0
10782,65.0,Male,Delhi,Bachelors,6,Two year,Credit card,40.8,256.96,2,1,1,60938.82,0
10783,54.0,Female,Chennai,Bachelors,34,Month-to-month,Bank transfer,83.41,2825.29,1,0,1,67855.86,0
10784,42.0,Female,Bengaluru,Bachelors,53,Month-to-month,Credit card,76.55,4130.03,1,1,0,63284.42,0
10785,45.0,Male,Mumbai,PhD,23,One year,Electronic check,37.42,866.47,2,1,1,36870.37,0
10786,43.0,Female,Mumbai,Bachelors,26,Month-to-month,Mailed check,51.38,1336.32,2,1,0,102378.92,0
10787,39.0,Male,Delhi,Masters,8,Two year,Bank transfer,45.12,338.05,1,1,1,,0
10788,,Male,Pune,Bachelors,14,Month-to-month,Electronic check,104.08,1431.32,2,1,0,62409.4,0
10789,40.0,Male,Chennai,High School,71,Month-to-month,Mailed check,84.93,6041.92,1,1,1,98701.04,0
10790,32.0,Male,Pune,High School,45,Month-to-month,Bank transfer,55.74,2549.28,1,0,1,56131.91,0
10791,26.0,Male,Hyderabad,Masters,12,Month-to-month,Bank transfer,77.68,897.93,2,0,1,29561.04,0
10792,49.0,Male,Pune,Bachelors,35,Month-to-month,Credit card,35.16,1236.93,1,0,0,92162.13,0
10793,47.0,Female,Delhi,Masters,14,One year,Bank transfer,50.2,712.01,1,0,1,41871.67,0
10794,19.0,Female,Bengaluru,Bachelors,32,Two year,Electronic check,67.31,2171.84,1,1,0,65692.94,0
10795,40.0,Male,Delhi,High School,10,Month-to-month,Credit card,74.95,,3,1,0,74534.71,0
10796,,Male,Chennai,Bachelors,45,One year,Credit card,62.86,2782.46,1,1,1,78480.24,0
10797,56.0,Female,Pune,Bachelors,41,Month-to-month,Mailed check,70.46,2820.57,1,1,1,88664.82,0
10798,55.0,Male,Hyderabad,Bachelors,46,Two year,Electronic check,66.72,3070.76,1,1,1,82778.73,0
10799,43.0,Female,Chennai,Bachelors,32,Month-to-month,Electronic check,61.4,1919.75,1,1,1,82097.64,0
10800,31.0,Male,Chennai,Bachelors,20,Month-to-month,Bank transfer,58.48,1144.79,1,1,1,52603.46,0
10801,28.0,Female,Mumbai,Bachelors,18,Month-to-month,Electronic check,55.62,941.45,1,0,0,76473.36,1
10802,46.0,Male,Bengaluru,High School,15,One year,Electronic check,70.1,1031.34,1,1,0,36877.9,0
10803,47.0,Female,Hyderabad,Bachelors,31,Month-to-month,Mailed check,74.04,2239.03,2,1,1,104367.03,0
10804,59.0,Female,Bengaluru,High School,32,One year,Credit card,69.36,2257.42,1,0,1,39143.57,0
10805,56.0,Female,Bengaluru,Bachelors,49,Month-to-month,Mailed check,39.07,1938.39,1,1,1,,0
10806,40.0,Female,Delhi,High School,3,One year,Mailed check,43.02,136.57,2,1,0,40984.77,0
10807,26.0,Female,Mumbai,,20,Two year,Bank transfer,73.78,1460.5,1,0,0,53936.34,0
10808,,Female,Pune,Masters,62,Month-to-month,Credit card,97.38,5935.68,1,1,0,70295.43,0
10809,45.0,Male,Hyderabad,High School,66,One year,Electronic check,68.35,4488.19,4,1,1,58367.32,0
10810,39.0,Female,Bengaluru,Bachelors,67,Month-to-month,Electronic check,55.94,,2,1,0,95173.42,0
10811,34.0,Male,Mumbai,Bachelors,22,Month-to-month,Electronic check,69.94,1551.04,2,0,0,74991.82,0
10812,45.0,Male,Mumbai,Bachelors,10,Month-to-month,Electronic check,39.99,430.89,1,0,1,,1
10813,35.0,Male,Delhi,Bachelors,14,Month-to-month,Electronic check,93.8,1329.43,3,1,0,,1
10814,34.0,Female,Mumbai,Bachelors,9,One year,Mailed check,69.11,685.14,1,1,0,96833.41,0
10815,46.0,Male,Mumbai,Masters,69,Month-to-month,Electronic check,50.27,3440.21,1,0,1,,0
10816,37.0,Female,Mumbai,High School,64,Month-to-month,Credit card,61.33,3894.63,2,1,0,44947.04,0
10817,45.0,Female,Delhi,High School,59,Month-to-month,Electronic check,53.41,3203.08,1,1,1,55025.66,0
10818,46.0,Female,Mumbai,Bachelors,53,One year,Credit card,93.86,4982.89,2,1,1,80445.38,0
10819,27.0,Male,Hyderabad,Bachelors,25,Two year,Electronic check,60.55,1501.4,1,1,0,77774.06,0
10820,36.0,Female,Bengaluru,High School,34,Two year,Electronic check,68.42,2418.61,1,1,0,46891.61,0
10821,61.0,Female,Bengaluru,Bachelors,61,One year,Bank transfer,77.62,4763.71,2,0,1,86480.78,0
10822,27.0,Female,Pune,Bachelors,59,Two year,Credit card,48.7,2863.77,1,1,1,50400.77,0
10823,18.0,Female,Bengaluru,Masters,37,One year,Electronic check,69.26,2528.32,2,1,1,98684.19,0
10824,18.0,Male,Chennai,High School,61,Month-to-month,Credit card,71.04,4399.77,1,1,0,81647.88,0
10825,42.0,Male,Mumbai,High School,25,Month-to-month,Bank transfer,30.81,780.6,1,1,1,45097.66,0
10826,42.0,Female,Delhi,High School,30,Two year,Mailed check,70.56,,2,1,1,58360.31,0
10827,40.0,Male,Delhi,PhD,61,Month-to-month,Bank transfer,63.99,3937.2,1,0,0,57977.87,0
10828,58.0,Female,Pune,High School,27,Month-to-month,Mailed check,67.86,1876.22,2,0,1,73517.29,0
10829,18.0,Female,Pune,High School,54,One year,Electronic check,65.78,3579.61,1,1,0,65512.51,0
10830,47.0,Male,Delhi,Bachelors,33,Month-to-month,Electronic check,70.7,2377.3,1,0,0,44799.24,0
10831,62.0,Female,Chennai,High School,21,Two year,Electronic check,94.42,2005.39,1,1,0,39326.3,0
10832,27.0,Male,Mumbai,Bachelors,15,Two year,Mailed check,39.05,613.49,2,0,0,82078.51,0
10833,37.0,Female,Bengaluru,High School,44,Month-to-month,Electronic check,57.47,2492.1,1,1,1,76297.21,0
10834,32.0,Male,Mumbai,Bachelors,35,Two year,Electronic check,79.67,2878.97,1,0,0,72321.83,0
10835,30.0,Female,Bengaluru,High School,26,Month-to-month,Electronic check,75.58,1903.4,3,0,0,75956.1,1
10836,38.0,Male,Mumbai,Bachelors,54,Two year,Bank transfer,75.11,4071.41,1,0,0,,0
10837,61.0,Female,Bengaluru,High School,0,Month-to-month,Bank transfer,125.58,,2,0,1,74047.83,0
10838,66.0,Male,Delhi,High School,6,Month-to-month,Bank transfer,78.51,466.15,1,0,1,125847.12,0
10839,38.0,Female,Bengaluru,Masters,70,Month-to-month,Credit card,89.88,6263.04,1,0,0,95840.48,0
10840,67.0,Female,Mumbai,Masters,48,One year,Credit card,58.24,2802.31,1,1,1,63655.01,0
10841,42.0,Female,Bengaluru,Bachelors,40,One year,Electronic check,43.16,1743.49,1,1,1,58485.82,0
10842,65.0,Female,Delhi,Bachelors,1,One year,Mailed check,58.09,10.27,2,0,1,15000.0,0
10843,41.0,Male,Mumbai,Bachelors,43,One year,Bank transfer,80.66,3466.91,1,1,1,93511.27,0
10844,44.0,Female,Bengaluru,Masters,31,One year,Electronic check,73.95,2362.13,1,1,1,87305.32,0
10845,47.0,Male,Mumbai,Bachelors,43,Two year,Electronic check,73.87,3110.8,2,1,1,58035.78,0
10846,83.0,Female,Delhi,Bachelors,2,Month-to-month,Credit card,60.28,77.86,2,1,1,38502.43,1
10847,53.0,Male,Delhi,Masters,40,Two year,Mailed check,56.78,2314.24,1,1,1,44584.12,0
10848,33.0,Female,Bengaluru,Bachelors,42,Two year,Mailed check,61.04,2567.56,1,1,1,79776.75,0
10849,55.0,Male,Bengaluru,Bachelors,21,Two year,Bank transfer,80.94,1707.3,1,1,1,68034.5,0
10850,37.0,Male,Mumbai,High School,3,Month-to-month,Credit card,83.5,301.62,3,1,1,85215.02,0
10851,36.0,Male,Delhi,Masters,70,Two year,Credit card,42.86,2960.5,2,1,1,71901.75,0
10852,54.0,Female,Bengaluru,Bachelors,51,Month-to-month,Credit card,81.77,4144.3,2,1,1,91268.69,0
10853,,Male,Chennai,Bachelors,45,Month-to-month,Electronic check,50.68,2248.47,1,1,1,78130.65,0
10854,46.0,Female,Mumbai,Bachelors,55,Month-to-month,Bank transfer,75.32,4125.19,1,1,1,88233.5,0
10855,42.0,Female,Mumbai,Bachelors,48,Two year,Electronic check,60.78,2984.42,1,0,0,24026.96,0
10856,46.0,Female,Chennai,Bachelors,9,Two year,Credit card,99.45,810.0,1,1,1,42844.4,0
10857,48.0,Male,Delhi,Bachelors,33,Month-to-month,Electronic check,55.8,1781.69,1,1,0,,0
10858,18.0,Female,Delhi,High School,64,One year,Mailed check,68.93,4343.24,1,0,0,705533.11,0
10859,51.0,Male,Mumbai,Masters,21,Month-to-month,Credit card,78.35,1715.43,1,0,0,111371.65,1
10860,29.0,Female,Pune,High School,70,Month-to-month,Bank transfer,45.77,3173.18,1,1,0,66386.81,0
10861,23.0,Male,Bengaluru,PhD,4,One year,Electronic check,63.4,237.27,1,1,1,56545.24,0
10862,41.0,Male,Mumbai,PhD,24,Month-to-month,Electronic check,59.14,,1,1,0,,0
10863,43.0,Male,Delhi,,25,One year,Mailed check,53.7,1329.38,2,0,0,88998.4,0
10864,33.0,Male,Delhi,High School,45,Month-to-month,Bank transfer,55.33,2533.18,2,0,0,57895.81,0
10865,,Female,Mumbai,High School,12,Month-to-month,Bank transfer,89.46,1086.17,1,1,0,135083.36,1
10866,25.0,Male,Pune,Bachelors,16,One year,Electronic check,51.83,823.89,2,1,1,53733.11,0
10867,37.0,Female,Delhi,High School,48,Month-to-month,Bank transfer,77.46,3639.84,1,1,1,116316.05,0
10868,34.0,Male,Hyderabad,Masters,20,Two year,Mailed check,71.92,1422.0,1,0,0,86464.08,0
10869,41.0,Male,Chennai,Bachelors,64,One year,Credit card,34.27,,3,0,1,47378.18,0
10870,46.0,Female,Mumbai,Masters,63,Month-to-month,Bank transfer,76.42,4764.87,1,0,1,75107.16,0
10871,29.0,Female,Mumbai,PhD,22,One year,Credit card,33.9,778.54,2,1,1,86970.37,0
10872,51.0,Female,Delhi,Masters,40,Month-to-month,Electronic check,78.82,3197.05,1,1,0,65044.45,0
10873,43.0,Male,Hyderabad,High School,24,One year,Credit card,53.84,1265.73,1,1,1,88435.62,0
10874,18.0,Female,Delhi,PhD,25,Month-to-month,Credit card,65.18,1665.79,1,1,0,87951.06,0
10875,18.0,Female,Bengaluru,High School,48,Month-to-month,Mailed check,36.53,1747.95,1,1,0,83119.45,0
10876,42.0,Female,Mumbai,Masters,21,Month-to-month,Credit card,67.69,1478.85,1,0,1,69637.59,0
10877,39.0,Male,Mumbai,Bachelors,10,Two year,Bank transfer,85.39,955.61,1,1,0,44151.32,0
10878,41.0,Male,Delhi,High School,18,Month-to-month,Credit card,47.25,795.82,1,0,0,,0
10879,42.0,Male,Mumbai,Bachelors,67,Two year,Bank transfer,51.64,3498.35,1,1,0,73873.42,0
10880,45.0,Female,Chennai,Bachelors,18,One year,Credit card,75.0,1415.25,1,1,1,28726.88,0
10881,54.0,Female,Pune,Bachelors,26,Month-to-month,Electronic check,75.55,1915.77,1,1,0,73723.18,0
10882,28.0,Female,Pune,Bachelors,45,One year,Electronic check,11.45,,1,1,0,,0
10883,27.0,Male,Delhi,High School,7,One year,Mailed check,109.34,736.06,1,1,0,41474.23,0
10884,28.0,Female,Delhi,Bachelors,19,Month-to-month,Bank transfer,76.63,1449.33,2,1,0,62673.86,0
10885,46.0,Male,Bengaluru,Bachelors,12,Month-to-month,Electronic check,80.33,946.14,4,1,1,63139.38,0
10886,58.0,Female,Mumbai,High School,67,Two year,Mailed check,61.84,4133.37,1,0,0,112462.08,0
10887,,Male,Pune,Bachelors,68,Two year,Electronic check,24.18,1686.14,1,1,1,74842.6,0
10888,18.0,Female,Hyderabad,Bachelors,55,One year,Credit card,79.84,4296.41,3,1,0,92793.0,0
10889,20.0,Male,Delhi,Masters,18,One year,Bank transfer,52.57,897.57,2,1,1,67408.06,0
10890,31.0,Male,Hyderabad,PhD,44,Month-to-month,Electronic check,76.97,3420.18,4,1,1,28773.84,0
10891,,Male,Mumbai,Bachelors,48,Month-to-month,Electronic check,60.19,2916.76,2,1,0,84791.52,0
10892,37.0,Male,Hyderabad,Bachelors,63,One year,Credit card,70.24,4372.19,2,1,0,55519.89,0
10893,43.0,Male,Delhi,Bachelors,11,Month-to-month,Mailed check,47.95,555.44,1,1,1,62616.8,0
10894,38.0,Female,Chennai,Bachelors,53,One year,Bank transfer,84.02,4519.4,1,0,1,46834.63,0
10895,,Male,Pune,Masters,14,Month-to-month,Credit card,38.86,541.59,2,0,0,,0
10896,,Female,Delhi,Bachelors,41,Two year,Credit card,114.4,4640.0,1,1,0,93433.92,0
10897,31.0,Male,Bengaluru,High School,64,Month-to-month,Electronic check,114.23,7354.47,2,1,1,90520.24,0
10898,,Male,Mumbai,Bachelors,4,One year,Bank transfer,100.92,489.83,4,1,0,104896.17,1
10899,22.0,Female,Chennai,Bachelors,10,Month-to-month,Credit card,93.06,886.29,1,1,0,108015.11,1
10900,47.0,Female,Bengaluru,Masters,59,Two year,Electronic check,63.14,3727.22,1,0,0,24990.77,0
10901,43.0,Male,Pune,High School,1,One year,Bank transfer,90.66,145.17,3,1,1,43740.35,0
10902,40.0,Female,Chennai,Bachelors,50,Month-to-month,Credit card,62.88,3149.77,2,1,0,30219.79,0
10903,63.0,Female,Delhi,High School,36,Month-to-month,Electronic check,30.82,1022.16,2,1,0,83902.47,1
10904,34.0,Male,Mumbai,Bachelors,25,One year,Mailed check,98.07,2473.92,2,1,0,54752.2,0
10905,69.0,Male,Bengaluru,Bachelors,62,Month-to-month,Electronic check,89.83,5520.52,4,1,1,59238.03,0
10906,39.0,Male,Delhi,Bachelors,61,One year,Electronic check,64.31,3859.37,1,1,1,65234.86,0
10907,25.0,Female,Delhi,Masters,23,One year,Electronic check,38.05,788.76,1,1,1,78416.56,0
10908,43.0,Male,Bengaluru,Bachelors,0,One year,Mailed check,52.1,,1,1,1,37322.94,0
10909,28.0,Male,Bengaluru,Bachelors,9,Month-to-month,Bank transfer,24.93,182.63,1,1,1,42305.0,0
10910,32.0,Female,Bengaluru,Bachelors,7,Month-to-month,Credit card,85.79,617.2,2,0,1,70028.52,0
10911,47.0,Female,Delhi,Bachelors,71,Month-to-month,Credit card,29.73,2139.78,1,1,1,96372.41,0
10912,49.0,Male,Mumbai,Bachelors,43,Month-to-month,Credit card,71.31,3074.42,2,1,1,69441.26,0
10913,34.0,Male,Mumbai,Masters,49,One year,Credit card,46.44,2290.39,1,0,0,52583.49,0
10914,55.0,Female,Hyderabad,Masters,16,Month-to-month,Electronic check,33.61,556.81,2,1,1,22739.41,0
10915,57.0,Female,Delhi,Masters,62,Month-to-month,Mailed check,70.24,4361.78,1,1,0,90958.86,0
10916,61.0,Male,Delhi,Bachelors,52,Month-to-month,Credit card,57.66,2960.31,1,1,0,53809.5,0
10917,,Male,Pune,Masters,54,Month-to-month,Credit card,83.44,4463.29,1,1,0,44756.39,0
10918,60.0,Female,Pune,Bachelors,34,Two year,Mailed check,37.11,1256.49,1,0,1,32262.85,0
10919,18.0,Female,Mumbai,High School,50,Month-to-month,Bank transfer,48.34,2410.69,1,0,1,38339.78,0
10920,,Male,Chennai,Bachelors,39,Month-to-month,Credit card,12.47,507.8,2,1,1,48853.29,0
10921,31.0,Female,Mumbai,Bachelors,28,Month-to-month,Bank transfer,16.94,529.4,1,1,1,,1
10922,44.0,Female,Hyderabad,Masters,43,Month-to-month,Credit card,104.56,4513.28,4,1,0,43407.68,1
10923,35.0,Female,Mumbai,Masters,23,One year,Credit card,110.84,2508.78,3,0,1,74085.58,0
10924,40.0,Male,Mumbai,Masters,69,Two year,Bank transfer,67.04,,1,1,0,64578.15,0
10925,66.0,Male,Pune,Bachelors,52,One year,Electronic check,46.88,2399.31,1,1,1,118883.83,0
10926,40.0,Female,Bengaluru,Bachelors,53,Two year,Credit card,58.43,3029.57,1,1,0,32502.25,0
10927,47.0,Male,Delhi,High School,52,Month-to-month,Credit card,84.22,4342.92,1,1,0,73552.55,0
10928,39.0,Male,Chennai,High School,32,Month-to-month,Electronic check,53.68,1729.87,1,1,1,73828.11,0
10929,43.0,Female,Delhi,High School,69,Month-to-month,Credit card,70.23,4850.09,3,1,0,,0
10930,42.0,Female,Mumbai,High School,15,One year,Electronic check,64.72,1063.71,3,1,0,72095.55,1
10931,48.0,Male,Delhi,Masters,41,Month-to-month,Credit card,52.49,2176.24,1,1,1,86931.08,0
10932,57.0,Male,Hyderabad,Bachelors,5,Month-to-month,Credit card,53.42,362.56,2,0,1,72122.81,0
10933,63.0,Female,Hyderabad,Bachelors,21,Month-to-month,Electronic check,71.45,1536.21,2,1,0,100458.18,0
10934,46.0,Female,Bengaluru,High School,41,Two year,Credit card,43.51,1838.2,1,0,1,22090.87,0
10935,50.0,Male,Bengaluru,Bachelors,35,Month-to-month,Electronic check,74.94,2604.95,3,0,1,51470.86,0
10936,27.0,Male,Bengaluru,Bachelors,68,Month-to-month,Credit card,54.63,3661.11,4,0,0,102451.23,0
10937,41.0,Male,Delhi,Bachelors,44,Month-to-month,Bank transfer,67.8,2960.75,3,0,0,90064.58,0
10938,54.0,Female,Mumbai,High School,30,Month-to-month,Mailed check,95.45,2862.91,2,0,1,81891.26,0
10939,53.0,Female,Mumbai,Bachelors,31,One year,Credit card,61.3,1868.89,1,0,1,97130.74,0
10940,45.0,Female,Hyderabad,High School,44,One year,Electronic check,85.24,3700.5,1,0,0,27835.73,0
10941,54.0,Female,Chennai,Bachelors,57,Two year,Mailed check,25.58,1478.9,4,0,1,87503.43,0
10942,48.0,Male,Delhi,PhD,20,Two year,Bank transfer,54.65,1042.73,1,0,1,93416.14,0
10943,,Male,Delhi,High School,42,Month-to-month,Electronic check,65.61,2678.95,1,1,1,55508.6,0
10944,46.0,Male,Bengaluru,High School,41,Two year,Electronic check,107.31,4343.61,1,1,1,127843.22,0
10945,37.0,Male,Mumbai,Bachelors,0,One year,Bank transfer,21.88,,1,1,1,74319.68,0
10946,,Male,Bengaluru,High School,66,Two year,Electronic check,62.88,4100.53,1,0,0,21759.08,0
10947,18.0,Male,Delhi,Bachelors,41,Month-to-month,Mailed check,97.05,3967.65,2,1,1,78387.98,0
10948,47.0,Female,Delhi,High School,17,Month-to-month,Bank transfer,47.73,841.43,1,1,1,54163.08,0
10949,18.0,Female,Mumbai,High School,46,One year,Mailed check,60.32,2803.44,1,0,1,95629.9,0
10950,20.0,Female,Pune,Bachelors,49,Two year,Electronic check,72.3,3509.66,1,1,1,82054.77,0
10951,48.0,Female,Mumbai,Masters,66,Two year,Electronic check,69.06,4492.76,2,1,0,56845.71,0
10952,48.0,Female,Mumbai,Bachelors,2,Month-to-month,Electronic check,99.45,170.12,2,1,1,,0
10953,27.0,Male,Delhi,High School,30,Month-to-month,Bank transfer,74.87,2278.88,3,1,1,90667.93,1
10954,33.0,Male,Chennai,,13,Two year,Electronic check,94.21,1269.19,2,1,0,51785.76,0
10955,60.0,Female,Hyderabad,High School,41,Month-to-month,Credit card,57.08,2357.92,1,0,0,66655.01,0
10956,36.0,Female,Bengaluru,High School,36,Month-to-month,Electronic check,48.71,1813.63,2,0,1,81372.17,0
10957,71.0,Male,Bengaluru,Bachelors,34,Two year,Electronic check,60.03,2127.48,1,1,1,61986.21,0
10958,42.0,Female,Delhi,Masters,71,Month-to-month,Credit card,39.5,2780.34,2,1,1,62643.21,1
10959,47.0,Male,Mumbai,Masters,38,Month-to-month,Electronic check,75.64,2948.65,2,1,0,70807.95,0
10960,63.0,Male,Delhi,Bachelors,30,Month-to-month,Bank transfer,56.51,1682.27,1,1,1,46552.43,0
10961,44.0,Female,Delhi,Masters,4,Month-to-month,Electronic check,50.22,251.87,1,1,0,20879.16,1
10962,29.0,Female,Bengaluru,Bachelors,21,Month-to-month,Credit card,75.97,1630.8,2,0,1,75260.97,0
10963,41.0,Male,Hyderabad,PhD,65,Two year,Electronic check,39.84,2490.75,1,1,1,26244.2,0
10964,42.0,Male,Pune,Masters,32,One year,Electronic check,296.13,2574.09,2,0,1,48153.15,0
10965,24.0,Female,Bengaluru,Bachelors,66,Month-to-month,Bank transfer,54.48,3534.62,1,1,1,31025.19,0
10966,39.0,Female,Hyderabad,High School,38,Two year,Mailed check,90.5,3349.9,2,1,0,33734.22,0
10967,32.0,Male,Pune,Masters,40,Month-to-month,Credit card,56.36,2298.37,2,0,0,79379.81,0
10968,,Male,Delhi,Masters,31,Month-to-month,Credit card,78.9,2549.34,1,0,1,65109.22,0
10969,42.0,Female,Delhi,Bachelors,40,Month-to-month,Credit card,68.95,,1,1,1,64315.19,0
10970,38.0,Male,Hyderabad,Bachelors,4,Month-to-month,Electronic check,81.37,368.19,2,1,1,41050.16,1
10971,41.0,Female,Bengaluru,Bachelors,4,Month-to-month,Bank transfer,67.42,343.91,1,0,1,55571.32,0
10972,45.0,Male,Chennai,Masters,34,Month-to-month,Electronic check,28.41,976.36,1,0,1,78282.01,0
10973,50.0,Male,Bengaluru,PhD,43,Two year,Electronic check,87.19,3747.9,2,1,0,,0
10974,29.0,Female,Pune,Bachelors,40,One year,Electronic check,63.07,2510.52,1,1,0,88098.83,1
10975,28.0,Male,Mumbai,High School,31,Month-to-month,Mailed check,82.37,2580.35,2,1,1,91232.02,0
10976,56.0,Female,Chennai,High School,21,Two year,Mailed check,80.19,1727.72,1,1,0,64451.16,0
10977,37.0,Male,Mumbai,Masters,51,Month-to-month,Credit card,47.99,,1,1,1,29250.52,0
10978,24.0,Male,Mumbai,Bachelors,44,Month-to-month,Mailed check,44.87,1995.65,1,1,1,53353.81,0
10979,48.0,Female,Mumbai,Masters,3,Month-to-month,Electronic check,79.42,235.7,3,0,1,67850.84,0
10980,48.0,Male,Bengaluru,High School,33,Month-to-month,Electronic check,58.33,1845.24,1,0,0,52917.28,0
10981,22.0,Male,Delhi,High School,51,Month-to-month,Bank transfer,85.6,4410.49,1,0,1,46798.27,0
10982,45.0,Male,Mumbai,Bachelors,57,Month-to-month,Bank transfer,61.08,3417.33,1,1,0,71534.55,0
10983,52.0,Female,Bengaluru,Bachelors,20,Month-to-month,Electronic check,87.52,1781.37,2,1,1,123466.67,1
10984,47.0,Female,Bengaluru,PhD,67,Month-to-month,Bank transfer,74.31,5016.56,2,0,1,59259.86,0
10985,,Male,Delhi,High School,47,Month-to-month,Credit card,71.34,3295.96,1,1,1,69938.27,0
10986,24.0,Male,Bengaluru,Bachelors,31,One year,Electronic check,56.77,1729.48,1,0,0,41135.21,0
10987,46.0,Female,Chennai,Masters,45,Month-to-month,Credit card,70.11,3261.02,1,1,0,97354.82,0
10988,38.0,Female,Hyderabad,Masters,63,One year,Credit card,91.24,5744.15,2,1,0,89244.35,0
10989,36.0,Male,Bengaluru,PhD,16,Month-to-month,Credit card,63.81,959.95,2,1,1,87726.15,0
10990,53.0,Male,Chennai,,10,One year,Electronic check,76.69,806.94,2,1,1,99915.51,1
10991,61.0,Female,Chennai,Bachelors,32,Two year,Electronic check,66.02,2074.01,2,1,1,60598.49,0
10992,65.0,Male,Delhi,Bachelors,6,Month-to-month,Bank transfer,67.74,310.41,1,0,0,63346.81,0
10993,59.0,Female,Mumbai,Masters,61,One year,Mailed check,102.92,6304.11,2,1,0,107617.33,0
10994,41.0,Male,Mumbai,Bachelors,70,One year,Electronic check,91.44,6354.97,2,1,1,83920.02,0
10995,47.0,Female,Bengaluru,Masters,44,Month-to-month,Mailed check,66.75,2953.06,1,1,1,21177.12,0
10996,52.0,Female,Pune,Bachelors,71,Month-to-month,Bank transfer,69.72,,3,1,1,80006.06,0
10997,44.0,Female,Mumbai,Bachelors,5,Month-to-month,Electronic check,49.56,283.16,1,1,0,57202.64,0
10998,44.0,Female,Bengaluru,Masters,46,One year,Electronic check,61.19,2823.91,2,1,0,89759.78,0
10999,53.0,Male,Mumbai,High School,32,Month-to-month,Credit card,71.81,2168.46,2,0,1,78980.19,0
11000,41.0,Female,Bengaluru,High School,20,Two year,Mailed check,83.71,1693.3,3,0,1,31708.06,0
11001,33.0,Female,Chennai,Bachelors,22,Month-to-month,Electronic check,81.48,1778.07,1,1,1,75914.26,0
11002,37.0,Male,Chennai,Masters,39,Month-to-month,Credit card,40.6,1654.24,3,1,1,74633.81,0
11003,50.0,Male,Pune,Bachelors,46,Month-to-month,Bank transfer,86.49,3998.3,1,0,1,77996.17,0
11004,,Male,Bengaluru,High School,11,Month-to-month,Mailed check,63.05,731.36,1,1,1,82661.63,0
11005,46.0,Female,Hyderabad,Masters,44,One year,Electronic check,43.29,1869.23,3,0,1,102911.25,0
11006,51.0,Male,Chennai,High School,67,Month-to-month,Bank transfer,324.79,6285.3,1,1,0,79105.56,0
11007,37.0,Male,Hyderabad,Masters,0,One year,Bank transfer,97.19,,2,1,0,70503.77,0
11008,52.0,Female,Pune,Masters,64,Two year,Credit card,70.8,4513.17,1,1,1,95255.29,0
11009,47.0,Female,Mumbai,Bachelors,44,Two year,Electronic check,80.59,3612.86,3,1,1,,0
11010,26.0,Male,Mumbai,High School,24,Two year,Bank transfer,81.88,1957.45,2,1,1,90131.56,0
11011,,Male,Mumbai,Bachelors,53,Month-to-month,Electronic check,95.71,5011.39,1,1,0,74536.53,0
11012,35.0,Female,Chennai,Bachelors,45,Two year,Credit card,81.02,3604.52,2,1,1,79515.67,0
11013,20.0,Female,Mumbai,High School,56,Month-to-month,Electronic check,35.79,2052.49,1,0,0,75632.96,0
11014,28.0,Male,Chennai,Bachelors,5,Month-to-month,Mailed check,109.22,537.74,2,0,0,70407.41,1
11015,29.0,Male,Delhi,High School,4,Two year,Bank transfer,88.44,342.72,2,1,1,117633.76,0
11016,43.0,Male,Hyderabad,PhD,46,Month-to-month,Bank transfer,53.79,2527.35,2,1,1,53520.83,0
11017,38.0,Male,Hyderabad,Bachelors,22,Month-to-month,Bank transfer,42.35,885.96,2,0,0,95407.93,0
11018,38.0,Male,Delhi,High School,17,Month-to-month,Mailed check,76.11,1182.11,2,1,1,67231.15,0
11019,50.0,Female,Mumbai,Bachelors,30,Month-to-month,Credit card,58.88,1723.76,2,1,1,37430.78,0
11020,46.0,Female,Bengaluru,Bachelors,52,One year,Bank transfer,72.26,3769.62,3,0,0,65857.01,0
11021,46.0,Female,Pune,High School,13,One year,Mailed check,81.35,1045.07,1,1,0,57970.93,0
11022,47.0,Female,Mumbai,High School,71,Month-to-month,Credit card,52.54,3652.32,1,0,1,82706.7,1
11023,50.0,Female,Mumbai,High School,30,Month-to-month,Mailed check,40.45,1264.3,2,1,1,72008.6,0
11024,18.0,Male,Chennai,Bachelors,10,Month-to-month,Bank transfer,73.49,743.07,1,1,1,47515.41,0
11025,37.0,Male,Mumbai,High School,5,Month-to-month,Electronic check,53.27,285.8,1,1,0,102362.17,1
11026,18.0,Female,Mumbai,High School,62,Month-to-month,Electronic check,68.21,4250.0,2,1,1,93982.95,0
11027,42.0,Female,Chennai,Masters,8,Month-to-month,Mailed check,35.45,218.67,1,1,1,104893.22,0
11028,42.0,Male,Hyderabad,High School,30,Two year,Electronic check,59.45,,1,1,0,75213.22,0
11029,56.0,Male,Delhi,Bachelors,48,Two year,Electronic check,80.73,3920.41,1,0,1,69213.87,1
11030,57.0,Female,Pune,Bachelors,37,Month-to-month,Mailed check,78.33,2955.23,1,1,0,85478.33,0
11031,45.0,Male,Hyderabad,Masters,19,Month-to-month,Bank transfer,47.66,,1,1,1,57295.55,0
11032,35.0,Female,Mumbai,Bachelors,7,Two year,Electronic check,39.3,300.76,1,1,0,72861.31,0
11033,48.0,Male,Delhi,High School,51,One year,Bank transfer,65.35,3245.98,2,1,0,66135.09,0
11034,35.0,Female,Chennai,Bachelors,35,Two year,Electronic check,77.34,,1,1,0,37857.25,0
11035,42.0,Male,Hyderabad,Masters,3,Two year,Electronic check,73.91,173.9,2,1,0,72804.02,0
11036,55.0,Male,Bengaluru,High School,13,Month-to-month,Electronic check,53.73,762.6,4,1,0,60298.73,0
11037,35.0,Female,Delhi,High School,41,Month-to-month,Bank transfer,71.55,2990.07,1,0,0,64663.85,0
11038,52.0,Male,Mumbai,Bachelors,12,Month-to-month,Mailed check,98.05,1129.07,4,1,1,78003.27,0
11039,51.0,Male,Bengaluru,Bachelors,28,One year,Credit card,69.51,1943.98,1,1,0,97995.73,0
11040,30.0,Male,Mumbai,High School,9,Two year,Bank transfer,29.07,274.06,2,1,0,51327.06,0
11041,55.0,Male,Chennai,Bachelors,58,Month-to-month,Credit card,69.47,4074.3,4,1,0,62595.72,1
11042,,Male,Mumbai,High School,46,Two year,Electronic check,109.97,,2,1,1,53168.18,0
11043,43.0,Male,Mumbai,Bachelors,57,One year,Bank transfer,36.68,1980.28,1,1,0,51736.03,0
11044,32.0,Male,Mumbai,Masters,3,One year,Bank transfer,65.65,198.86,1,0,1,56919.48,0
11045,31.0,Female,Chennai,High School,27,One year,Mailed check,60.02,1493.97,1,1,0,65678.09,0
11046,35.0,Female,Delhi,Bachelors,19,Month-to-month,Credit card,67.11,1283.02,3,1,0,82889.18,1
11047,49.0,Male,Delhi,Bachelors,45,One year,Mailed check,69.27,3146.76,1,1,1,77049.81,0
11048,30.0,Female,Bengaluru,Masters,59,One year,Electronic check,90.08,5376.52,1,1,1,46749.15,0
11049,48.0,Female,Bengaluru,Bachelors,16,One year,Bank transfer,66.87,1038.79,1,1,1,98471.53,0
11050,26.0,Female,Chennai,Bachelors,56,Month-to-month,Electronic check,93.1,5221.66,1,0,0,,0
11051,39.0,Female,Delhi,Bachelors,42,Month-to-month,Electronic check,62.41,2653.8,1,1,0,50173.92,0
11052,,Male,Mumbai,Bachelors,60,One year,Bank transfer,57.3,3379.21,1,1,0,96930.44,0
11053,74.0,Male,Chennai,PhD,5,Two year,Electronic check,50.28,297.17,2,1,0,77192.65,0
11054,24.0,Female,Bengaluru,Bachelors,72,Month-to-month,Bank transfer,25.02,1815.16,1,1,1,66557.98,0
11055,61.0,Female,Bengaluru,Bachelors,31,Month-to-month,Mailed check,71.07,2172.9,1,1,0,77877.76,1
11056,44.0,Male,Mumbai,PhD,20,Month-to-month,Credit card,110.19,2210.87,1,1,0,69433.04,1
11057,47.0,Male,Chennai,High School,13,Two year,Mailed check,75.08,969.07,1,1,0,,0
11058,44.0,Male,Pune,Bachelors,71,Month-to-month,Mailed check,80.11,5726.81,2,1,0,74120.94,0
11059,48.0,Male,Delhi,PhD,64,Month-to-month,Mailed check,55.91,3560.22,1,1,0,62576.63,1
11060,40.0,Female,Mumbai,Masters,9,One year,Bank transfer,59.62,547.93,1,1,0,25431.81,0
11061,61.0,Male,Mumbai,High School,32,Month-to-month,Electronic check,86.66,2742.07,1,1,1,81598.02,0
11062,36.0,Female,Delhi,Bachelors,53,One year,Mailed check,109.19,5740.18,1,1,1,61779.58,0
11063,57.0,Female,Bengaluru,High School,43,Month-to-month,Electronic check,97.73,4210.97,2,0,0,87114.83,1
11064,34.0,Male,Delhi,Bachelors,13,One year,Mailed check,82.72,1030.52,3,0,0,80596.85,1
11065,41.0,Female,Bengaluru,Bachelors,26,Month-to-month,Credit card,65.77,1750.05,1,1,1,62351.39,0
11066,28.0,Male,Delhi,,26,Month-to-month,Bank transfer,69.61,1839.47,1,1,0,92505.74,0
11067,,Male,Mumbai,Masters,21,One year,Mailed check,48.42,978.56,1,1,1,74506.52,0
11068,,Male,Pune,High School,70,Month-to-month,Electronic check,33.14,2330.49,2,1,1,73600.14,0
11069,41.0,Male,Delhi,Masters,14,Month-to-month,Bank transfer,40.21,524.46,1,1,1,66961.56,0
11070,39.0,Female,Pune,Bachelors,51,Month-to-month,Credit card,66.1,3290.88,4,0,1,107038.23,0
11071,28.0,Male,Bengaluru,High School,66,One year,Mailed check,58.58,3836.42,1,1,0,54308.13,0
11072,39.0,Female,Mumbai,Masters,58,One year,Credit card,32.67,1892.34,4,1,0,62901.16,0
11073,,Female,Bengaluru,Masters,58,Two year,Mailed check,64.18,3748.51,1,1,1,42778.63,0
11074,30.0,Female,Pune,Masters,11,Month-to-month,Electronic check,57.99,645.36,1,1,0,85988.08,1
11075,45.0,Female,Chennai,Masters,9,Month-to-month,Credit card,39.2,398.18,1,1,0,57192.72,0
11076,59.0,Female,Delhi,High School,57,Two year,Bank transfer,56.86,3191.96,1,0,1,59659.22,0
11077,79.0,Male,Mumbai,High School,54,Month-to-month,Mailed check,57.94,3109.93,4,0,1,58627.39,0
11078,,Male,Delhi,Bachelors,54,Two year,Credit card,51.43,2859.44,1,0,0,71379.88,0
11079,61.0,Female,Mumbai,High School,30,Month-to-month,Credit card,85.39,2465.15,1,1,1,42483.29,0
11080,45.0,Female,Delhi,Masters,38,Month-to-month,Credit card,23.14,856.72,4,1,0,20648.6,0
11081,40.0,Female,Pune,Bachelors,1,One year,Bank transfer,21.31,0.0,1,1,1,80069.49,0
11082,,Male,Hyderabad,High School,21,Month-to-month,Bank transfer,65.07,1356.7,1,1,0,,0
11083,,Male,Chennai,Masters,38,One year,Mailed check,67.11,2528.46,1,0,1,88791.03,0
11084,43.0,Male,Bengaluru,Bachelors,9,Month-to-month,Mailed check,73.89,695.12,1,0,1,104287.61,0
11085,37.0,Male,Mumbai,Bachelors,9,Month-to-month,Electronic check,53.14,,3,0,0,66387.08,0
11086,24.0,Female,Mumbai,Masters,3,One year,Credit card,44.81,69.15,1,1,1,98588.84,0
11087,22.0,Female,Hyderabad,Bachelors,15,Two year,Electronic check,64.84,943.19,2,0,0,69466.36,0
11088,50.0,Male,Delhi,Bachelors,72,Month-to-month,Credit card,55.29,3980.87,1,0,1,105183.31,0
11089,38.0,Male,Bengaluru,High School,50,Month-to-month,Electronic check,99.12,4992.97,1,0,0,59963.21,0
11090,34.0,Female,Mumbai,Bachelors,69,Two year,Electronic check,57.87,4114.68,2,1,0,17972.6,0
11091,42.0,Male,Delhi,Bachelors,18,Month-to-month,Electronic check,63.83,1184.08,2,1,0,,1
11092,52.0,Male,Mumbai,Bachelors,43,Month-to-month,Mailed check,119.46,5086.16,2,0,0,,0
11093,44.0,Female,Mumbai,High School,65,Month-to-month,Electronic check,60.72,3942.11,1,1,1,81769.3,0
11094,33.0,Female,Chennai,Bachelors,25,One year,Electronic check,77.24,1940.05,1,1,1,58662.89,0
11095,58.0,Male,Hyderabad,High School,47,Month-to-month,Bank transfer,79.22,3697.37,2,0,1,77235.83,0
11096,63.0,Male,Chennai,Masters,50,Month-to-month,Mailed check,81.09,4078.01,2,1,1,91364.75,0
11097,48.0,Male,Chennai,Bachelors,60,Month-to-month,Electronic check,71.37,4168.63,1,1,1,68116.44,0
11098,55.0,Female,Bengaluru,High School,70,Month-to-month,Electronic check,69.26,4875.86,1,1,0,127780.58,1
11099,58.0,Male,Delhi,Bachelors,44,Month-to-month,Electronic check,67.21,2933.42,2,0,1,58616.8,0
11100,57.0,Female,Bengaluru,Masters,42,Month-to-month,Credit card,52.33,2192.37,1,1,1,92055.24,0
11101,50.0,Male,Mumbai,Masters,63,Month-to-month,Credit card,72.16,4619.37,2,1,0,86762.62,0
11102,50.0,Female,Chennai,Masters,49,Month-to-month,Mailed check,109.63,5308.79,2,0,0,54603.8,0
11103,49.0,Female,Chennai,Masters,26,Month-to-month,Electronic check,91.64,2396.28,1,1,0,60662.31,0
11104,28.0,Female,Bengaluru,PhD,46,Month-to-month,Electronic check,71.69,3337.44,1,0,0,92398.17,0
11105,,Male,Delhi,Bachelors,40,Month-to-month,Bank transfer,83.83,3361.72,1,1,1,73185.33,0
11106,24.0,Male,Mumbai,Bachelors,16,One year,Electronic check,45.88,653.37,2,1,0,77437.58,0
11107,32.0,Male,Mumbai,High School,37,One year,Bank transfer,59.27,2260.51,3,1,1,34008.72,0
11108,,Male,Delhi,Masters,45,Month-to-month,Electronic check,85.85,3852.68,1,0,0,84431.97,0
11109,53.0,Male,Pune,Masters,65,Month-to-month,Bank transfer,97.72,6325.42,1,1,0,76320.53,0
11110,61.0,Male,Mumbai,High School,42,Month-to-month,Mailed check,48.04,2002.16,1,0,0,68593.98,0
11111,38.0,Female,Pune,Bachelors,12,Two year,Electronic check,54.36,633.21,2,1,0,77939.62,0
11112,27.0,Female,Bengaluru,High School,72,Two year,Electronic check,112.99,8075.77,1,1,1,60997.21,0
11113,39.0,Female,Delhi,Masters,42,Month-to-month,Bank transfer,67.12,2827.29,2,0,1,56978.14,0
11114,43.0,Male,Mumbai,High School,20,Two year,Bank transfer,105.11,2072.34,1,1,0,64678.52,0
11115,43.0,Female,Mumbai,Bachelors,55,Month-to-month,Bank transfer,69.55,3858.79,1,1,0,59787.53,1
11116,57.0,Female,Bengaluru,Bachelors,28,One year,Electronic check,70.42,1997.64,1,1,1,,0
11117,,Female,Bengaluru,High School,27,One year,Bank transfer,58.28,1654.84,3,0,1,90061.16,0
11118,47.0,Male,Delhi,Masters,61,Month-to-month,Electronic check,85.74,5219.56,2,0,1,48693.68,0
11119,29.0,Female,Delhi,Bachelors,63,One year,Bank transfer,94.87,5936.65,1,0,0,114798.51,0
11120,48.0,Male,Mumbai,Bachelors,38,Month-to-month,Credit card,42.23,1531.25,1,1,1,60477.15,0
11121,42.0,Male,Delhi,High School,27,Two year,Electronic check,57.25,1655.42,3,0,0,70648.02,0
11122,32.0,Male,Hyderabad,Bachelors,63,Month-to-month,Credit card,85.13,5396.3,3,0,0,89743.18,0
11123,39.0,Male,Bengaluru,High School,12,Month-to-month,Credit card,62.15,711.18,1,1,1,,0
11124,40.0,Female,Mumbai,Bachelors,54,Month-to-month,Credit card,54.15,3008.76,2,1,0,64785.43,0
11125,38.0,Female,Chennai,Bachelors,42,Month-to-month,Electronic check,87.21,3730.63,3,1,0,57386.66,0
11126,,Female,Mumbai,High School,62,Month-to-month,Credit card,89.28,5467.8,1,1,0,74511.76,0
11127,41.0,Female,Chennai,Masters,30,Month-to-month,Electronic check,55.11,1615.63,1,0,0,78141.09,0
11128,39.0,Female,Bengaluru,Bachelors,60,Month-to-month,Mailed check,69.67,4173.58,1,1,1,68300.29,0
11129,18.0,Female,Hyderabad,Bachelors,1,One year,Bank transfer,38.41,0.0,1,1,0,67279.76,0
11130,30.0,Female,Mumbai,PhD,55,One year,Electronic check,45.3,2486.67,2,1,1,93432.89,0
11131,39.0,Male,Hyderabad,Masters,5,Month-to-month,Mailed check,67.73,374.25,1,1,1,76632.69,0
11132,33.0,Male,Hyderabad,Bachelors,46,Month-to-month,Credit card,65.69,2953.08,1,0,0,70911.35,0
11133,60.0,Male,Mumbai,High School,14,Month-to-month,Electronic check,43.73,626.87,1,1,0,73253.15,1
11134,40.0,Female,Mumbai,Bachelors,70,Month-to-month,Mailed check,49.25,3505.92,2,0,0,110389.56,0
11135,59.0,Female,Hyderabad,Masters,56,Month-to-month,Credit card,41.57,2347.93,1,0,0,73798.83,0
11136,43.0,Male,Delhi,Bachelors,7,Month-to-month,Electronic check,75.01,521.29,1,1,0,58682.13,0
11137,42.0,Female,Bengaluru,Bachelors,65,Month-to-month,Credit card,21.71,1377.74,1,1,1,,0
11138,41.0,Female,Mumbai,Masters,18,Month-to-month,Credit card,42.75,811.04,2,1,0,38453.38,0
11139,42.0,Male,Mumbai,Bachelors,39,Two year,Electronic check,24.02,877.93,1,0,1,59725.43,0
11140,64.0,Female,Hyderabad,Masters,6,One year,Mailed check,74.22,457.46,1,1,1,67615.71,0
11141,18.0,Female,Mumbai,Masters,7,Two year,Electronic check,25.34,178.66,2,1,0,57776.33,0
11142,18.0,Male,Mumbai,Masters,17,One year,Credit card,65.7,1173.18,1,1,0,77725.17,0
11143,,Male,Mumbai,High School,39,Month-to-month,Electronic check,101.07,3912.59,2,0,0,57492.82,1
11144,42.0,Female,Chennai,,39,One year,Mailed check,101.82,3946.09,1,1,0,49881.24,0
11145,,Male,Delhi,Masters,62,Two year,Bank transfer,25.27,1504.65,2,1,0,83478.16,0
11146,48.0,Male,Bengaluru,Bachelors,12,Two year,Bank transfer,71.57,880.7,1,0,1,100126.68,0
11147,37.0,Female,Bengaluru,Bachelors,54,One year,Bank transfer,43.24,2313.77,1,1,0,45642.31,0
11148,55.0,Male,Delhi,High School,0,Month-to-month,Electronic check,38.75,,1,1,0,75361.75,0
11149,55.0,Male,Mumbai,Bachelors,21,One year,Bank transfer,62.5,1274.16,3,0,0,28089.9,0
11150,44.0,Female,Delhi,Bachelors,12,Month-to-month,Bank transfer,92.02,1131.1,2,1,1,,0
11151,55.0,Female,Mumbai,Masters,9,Month-to-month,Bank transfer,78.19,648.56,1,1,0,57047.15,1
11152,46.0,Male,Pune,Bachelors,42,Month-to-month,Bank transfer,49.27,2018.63,1,1,1,94968.03,0
11153,35.0,Male,Hyderabad,High School,65,Month-to-month,Electronic check,80.51,5277.97,1,1,1,52868.47,0
11154,51.0,Male,Chennai,Bachelors,48,Month-to-month,Electronic check,15.64,742.41,1,1,0,52045.79,0
11155,43.0,Male,Chennai,PhD,62,Two year,Electronic check,48.44,3051.05,1,0,1,70793.92,0
11156,42.0,Female,Mumbai,High School,43,One year,Electronic check,46.87,,3,1,0,70815.84,0
11157,61.0,Male,Hyderabad,High School,3,One year,Electronic check,66.72,200.1,1,1,1,52727.11,0
11158,18.0,Male,Bengaluru,Masters,25,Two year,Electronic check,60.54,1521.31,3,1,0,113696.87,0
11159,24.0,Female,Chennai,High School,60,Month-to-month,Mailed check,61.89,3782.76,1,1,1,64162.01,0
11160,27.0,Female,Pune,Bachelors,3,One year,Bank transfer,61.16,248.77,2,1,1,72498.87,0
11161,37.0,Female,Delhi,PhD,7,One year,Bank transfer,65.49,516.09,1,0,1,61160.85,0
11162,39.0,Male,Bengaluru,Masters,60,Month-to-month,Credit card,76.88,4581.36,1,1,1,79679.37,0
11163,22.0,Male,Delhi,High School,4,Month-to-month,Mailed check,68.29,223.82,2,1,0,97169.07,0
11164,29.0,Female,Chennai,PhD,70,One year,Mailed check,58.74,4149.84,1,1,1,106600.6,0
11165,31.0,Female,Delhi,Masters,55,Two year,Electronic check,73.84,4130.04,3,1,0,53230.16,0
11166,74.0,Female,Delhi,PhD,48,Month-to-month,Credit card,83.17,4050.3,2,1,0,94217.49,0
11167,65.0,Male,Chennai,,39,One year,Bank transfer,52.77,2058.68,4,1,0,,0
11168,37.0,Female,Mumbai,Bachelors,6,One year,Electronic check,63.69,418.53,2,1,1,91439.81,0
11169,37.0,Female,Bengaluru,Bachelors,30,Two year,Electronic check,90.56,2754.07,1,1,1,67978.66,0
11170,27.0,Male,Bengaluru,Bachelors,58,One year,Electronic check,40.74,2370.37,1,1,1,65885.1,0
11171,18.0,Male,Bengaluru,Bachelors,65,Month-to-month,Mailed check,104.7,6815.12,2,1,1,90585.72,0
11172,40.0,Male,Mumbai,Bachelors,32,One year,Electronic check,35.54,1142.19,1,1,1,91003.24,0
11173,29.0,Female,Mumbai,Bachelors,61,Two year,Credit card,57.4,3462.0,1,0,1,104445.85,0
11174,41.0,Male,Delhi,Bachelors,56,Month-to-month,Electronic check,44.1,2435.3,1,1,0,,0
11175,21.0,Male,Delhi,High School,4,One year,Credit card,113.13,,2,1,1,67647.88,0
11176,32.0,Female,Pune,PhD,45,Month-to-month,Electronic check,53.93,2346.89,1,1,0,15883.22,1
11177,44.0,Female,Hyderabad,Masters,44,Month-to-month,Mailed check,53.98,2382.26,1,1,0,34552.27,0
11178,47.0,Male,Bengaluru,Bachelors,39,One year,Credit card,56.84,2214.73,3,0,1,,0
11179,,Female,Mumbai,Masters,56,Month-to-month,Electronic check,67.1,3795.7,2,1,0,45776.7,0
11180,25.0,Male,Pune,PhD,64,Month-to-month,Credit card,57.77,3760.32,1,1,1,87910.87,0
11181,,Female,Mumbai,Bachelors,40,One year,Electronic check,62.08,2549.41,1,1,1,41179.54,0
11182,32.0,Female,Pune,,23,Month-to-month,Mailed check,10.0,300.92,2,0,1,58971.3,0
11183,50.0,Female,Pune,High School,71,Two year,Credit card,66.26,4666.61,1,1,1,59835.42,0
11184,42.0,Female,Pune,PhD,70,Month-to-month,Electronic check,65.39,4505.7,2,1,1,96504.35,0
11185,24.0,Female,Delhi,,50,One year,Electronic check,87.85,4439.04,2,1,0,56618.75,0
11186,38.0,Female,Mumbai,Masters,46,Month-to-month,Electronic check,93.8,4383.91,1,1,0,79953.07,0
11187,47.0,Female,Bengaluru,Bachelors,7,One year,Electronic check,60.87,503.89,1,1,1,74305.53,0
11188,50.0,Female,Delhi,Bachelors,29,Two year,Mailed check,82.96,2430.09,1,1,0,89872.35,0
11189,40.0,Female,Delhi,Bachelors,14,One year,Bank transfer,40.77,470.94,1,1,1,88704.73,0
11190,62.0,Male,Bengaluru,Bachelors,37,One year,Electronic check,81.88,3047.84,2,0,1,69264.32,0
11191,55.0,Female,Hyderabad,PhD,60,Month-to-month,Bank transfer,52.41,3172.37,1,0,0,32681.52,0
11192,39.0,Male,Delhi,Bachelors,16,Two year,Bank transfer,38.94,,3,0,1,64901.7,0
11193,52.0,Female,Delhi,High School,72,Month-to-month,Credit card,60.92,4457.72,2,1,0,69560.98,0
11194,67.0,Male,Bengaluru,Masters,9,Month-to-month,Credit card,95.81,907.77,1,1,0,76292.2,0
11195,,Male,Mumbai,High School,7,Month-to-month,Credit card,68.98,453.5,1,1,1,53773.79,0
11196,,Female,Hyderabad,High School,71,One year,Electronic check,97.92,6900.86,1,1,1,95099.82,0
11197,30.0,Female,Chennai,,7,Two year,Electronic check,48.53,366.41,1,0,1,70299.63,1
11198,61.0,Male,Chennai,Bachelors,53,Two year,Bank transfer,88.05,4627.03,2,1,0,49749.06,0
11199,28.0,Female,Hyderabad,Masters,55,One year,Electronic check,50.65,2859.51,1,0,0,59918.99,0
11200,25.0,Male,Bengaluru,Bachelors,24,One year,Electronic check,69.96,1593.81,1,1,1,112427.94,0
11201,36.0,Female,Chennai,High School,4,Two year,Credit card,69.77,307.42,1,0,1,84616.31,0
11202,47.0,Male,Bengaluru,Bachelors,22,One year,Mailed check,79.55,1766.08,1,0,1,93066.04,0
11203,41.0,Female,Chennai,Bachelors,5,Month-to-month,Mailed check,70.52,342.26,2,1,0,47085.09,0
11204,34.0,Female,Mumbai,Masters,49,Two year,Mailed check,48.74,2342.0,4,1,1,54845.75,0
11205,33.0,Female,Hyderabad,Bachelors,64,Two year,Electronic check,84.37,5296.59,2,1,1,55008.71,0
11206,,Male,Mumbai,Bachelors,72,One year,Electronic check,103.1,7396.63,4,0,1,74056.66,0
11207,31.0,Female,Mumbai,PhD,58,One year,Credit card,52.16,2999.59,2,1,0,66171.96,0
11208,72.0,Female,Bengaluru,High School,56,Two year,Electronic check,24.62,1434.31,1,0,1,59231.12,0
11209,46.0,Male,Mumbai,PhD,64,One year,Mailed check,75.99,4824.22,3,1,1,61990.47,0
11210,54.0,Male,Delhi,High School,56,Month-to-month,Electronic check,57.71,3254.4,1,1,1,52531.23,0
11211,36.0,Female,Chennai,Bachelors,47,Two year,Electronic check,62.12,2855.03,1,0,1,66043.54,0
11212,40.0,Male,Bengaluru,High School,72,One year,Electronic check,77.24,5585.29,3,1,0,94490.74,0
11213,33.0,Male,Hyderabad,Masters,23,One year,Electronic check,54.96,1152.19,2,0,0,36710.93,0
11214,18.0,Male,Chennai,Bachelors,30,Month-to-month,Bank transfer,59.09,1877.46,3,0,1,77622.55,0
11215,24.0,Male,Bengaluru,Masters,66,Month-to-month,Electronic check,62.8,4137.75,1,1,1,100362.04,0
11216,18.0,Female,Pune,Masters,22,Month-to-month,Mailed check,97.33,2001.53,2,0,1,65969.88,0
11217,,Female,Mumbai,High School,21,Month-to-month,Bank transfer,65.66,1342.97,1,0,1,58364.73,0
11218,26.0,Female,Mumbai,High School,11,Month-to-month,Mailed check,37.82,372.24,1,1,1,90333.09,0
11219,59.0,Male,Delhi,Masters,20,One year,Electronic check,38.69,741.01,3,1,1,48347.12,0
11220,41.0,Male,Hyderabad,Bachelors,43,Month-to-month,Electronic check,68.06,2908.35,1,1,0,69500.79,0
11221,59.0,Male,Mumbai,Masters,64,Month-to-month,Electronic check,40.15,2536.47,2,1,1,47123.43,0
11222,47.0,Female,Delhi,Bachelors,9,Month-to-month,Electronic check,30.63,,3,1,0,28857.78,0
11223,52.0,Female,Bengaluru,Masters,49,One year,Mailed check,78.98,3812.09,3,1,0,,0
11224,,Female,Chennai,Bachelors,55,One year,Mailed check,80.06,4444.39,1,1,1,42205.31,0
11225,49.0,Male,Chennai,Bachelors,65,Month-to-month,Electronic check,56.9,3758.56,1,1,0,69743.25,0
11226,51.0,Male,Mumbai,Masters,54,Month-to-month,Electronic check,71.46,,3,1,0,94530.65,0
11227,35.0,Female,Delhi,Bachelors,11,Month-to-month,Bank transfer,69.14,759.66,2,1,1,,0
11228,49.0,Male,Hyderabad,Masters,35,One year,Electronic check,78.25,2682.43,1,1,0,72057.64,0
11229,49.0,Male,Chennai,High School,69,One year,Mailed check,78.3,,1,1,1,622245.6,0
11230,35.0,Male,Mumbai,Masters,66,One year,Credit card,10.0,671.5,1,1,0,78777.18,0
11231,27.0,Male,Hyderabad,Bachelors,44,Two year,Credit card,59.71,2616.27,3,0,0,61571.5,0
11232,27.0,Male,Mumbai,High School,70,One year,Electronic check,76.39,5367.1,1,1,0,27654.92,1
11233,43.0,Male,Mumbai,Bachelors,48,Month-to-month,Bank transfer,55.97,2702.0,2,1,1,105782.83,0
11234,46.0,Female,Delhi,Bachelors,4,Month-to-month,Credit card,65.8,210.49,1,1,0,46919.75,0
11235,32.0,Female,Chennai,PhD,66,Month-to-month,Bank transfer,81.52,5439.97,1,1,0,100420.96,0
11236,42.0,Male,Hyderabad,Bachelors,12,Month-to-month,Bank transfer,66.78,790.98,2,0,0,81809.77,0
11237,49.0,Male,Bengaluru,High School,27,Month-to-month,Bank transfer,98.17,2734.37,3,1,0,48527.72,0
11238,,Female,Hyderabad,PhD,17,Month-to-month,Credit card,89.79,1547.45,1,1,1,76863.96,0
11239,62.0,Female,Delhi,Bachelors,52,Month-to-month,Electronic check,62.39,3342.83,1,1,1,116924.04,0
11240,,Female,Mumbai,Bachelors,2,Month-to-month,Bank transfer,60.64,180.04,2,0,0,103784.36,0
11241,29.0,Male,Chennai,Bachelors,46,Two year,Mailed check,10.0,471.36,1,1,0,58720.31,0
11242,64.0,Female,Mumbai,Bachelors,63,Month-to-month,Mailed check,57.82,3606.5,1,1,1,54336.42,0
11243,35.0,Female,Pune,Bachelors,57,Month-to-month,Electronic check,35.23,1973.03,2,0,0,72204.58,0
11244,56.0,Male,Chennai,Bachelors,22,Month-to-month,Credit card,69.87,1563.79,1,1,1,66358.7,0
11245,43.0,Male,Hyderabad,Masters,65,One year,Electronic check,68.36,4450.56,2,1,0,96394.22,1
11246,37.0,Female,Bengaluru,Masters,26,Two year,Bank transfer,80.31,2058.61,1,0,1,86270.96,0
11247,18.0,Female,Chennai,,49,Month-to-month,Credit card,95.73,4732.42,2,1,0,32770.68,0
11248,40.0,Male,Mumbai,High School,36,Two year,Electronic check,64.42,2321.06,2,0,1,80090.86,0
11249,22.0,Female,Bengaluru,High School,4,Two year,Electronic check,115.17,502.63,2,1,0,66060.0,0
11250,55.0,Male,Delhi,High School,0,One year,Mailed check,70.11,,2,1,1,70816.38,1
11251,62.0,Female,Bengaluru,PhD,13,One year,Bank transfer,36.18,520.31,2,1,0,75476.75,0
11252,32.0,Male,Hyderabad,High School,68,Month-to-month,Electronic check,52.63,,1,1,1,96372.04,0
11253,46.0,Male,Mumbai,Bachelors,69,Month-to-month,Bank transfer,56.8,3979.08,1,1,0,91511.45,0
11254,33.0,Male,Mumbai,PhD,29,One year,Bank transfer,78.03,2311.74,1,1,1,53505.66,0
11255,34.0,Male,Bengaluru,Bachelors,70,Two year,Electronic check,44.16,3086.95,2,1,1,68710.54,0
11256,52.0,Female,Pune,High School,3,One year,Mailed check,58.44,167.05,1,1,1,60132.53,0
11257,41.0,Female,Hyderabad,High School,70,Month-to-month,Mailed check,61.46,4391.35,1,1,1,32999.39,0
11258,65.0,Male,Bengaluru,Bachelors,16,Month-to-month,Mailed check,55.14,867.71,1,1,1,67593.85,0
11259,36.0,Male,Pune,Bachelors,2,Month-to-month,Credit card,82.85,,2,0,1,110584.6,0
11260,55.0,Male,Chennai,Bachelors,55,Two year,Mailed check,79.11,4331.98,1,0,0,32335.05,0
11261,43.0,Male,Hyderabad,High School,27,Month-to-month,Electronic check,90.66,2354.73,1,0,0,69470.64,0
11262,52.0,Female,Delhi,Masters,21,Month-to-month,Mailed check,57.72,1150.75,2,0,1,68764.96,0
11263,36.0,Male,Bengaluru,Masters,55,One year,Bank transfer,91.46,5050.6,3,1,0,76330.18,0
11264,41.0,Male,Delhi,Bachelors,24,Month-to-month,Mailed check,34.99,874.82,2,1,1,48820.05,0
11265,40.0,Female,Chennai,Bachelors,54,Month-to-month,Electronic check,34.46,1881.3,1,1,0,38647.57,0
11266,31.0,Female,Delhi,Bachelors,14,Month-to-month,Electronic check,38.3,593.5,2,0,1,39670.85,0
11267,51.0,Male,Hyderabad,High School,6,Month-to-month,Credit card,65.2,410.76,1,1,1,99280.54,0
11268,50.0,Female,Chennai,Masters,23,Month-to-month,Electronic check,91.45,2064.59,1,0,1,48380.91,0
11269,50.0,Male,Bengaluru,Bachelors,44,Month-to-month,Electronic check,467.84,2306.72,1,0,1,59009.63,0
11270,62.0,Female,Mumbai,High School,16,Month-to-month,Credit card,54.51,880.64,1,1,1,116301.92,0
11271,61.0,Male,Mumbai,Masters,10,One year,Bank transfer,60.25,573.72,2,0,0,53846.38,0
11272,37.0,Male,Hyderabad,PhD,54,One year,Electronic check,77.6,4214.03,1,1,0,77532.79,0
11273,47.0,Male,Mumbai,High School,36,One year,Electronic check,54.49,1965.61,2,1,1,93403.86,0
11274,34.0,Female,Mumbai,Bachelors,31,One year,Mailed check,53.26,1620.81,2,1,0,92345.84,0
11275,42.0,Female,Delhi,PhD,17,One year,Bank transfer,35.4,592.91,1,0,0,40705.32,0
11276,,Female,Bengaluru,High School,1,Month-to-month,Electronic check,52.42,123.1,1,1,0,54306.25,0
11277,63.0,Female,Bengaluru,Masters,3,Month-to-month,Bank transfer,90.9,341.74,2,1,0,76652.01,0
11278,47.0,Female,Mumbai,Bachelors,49,One year,Electronic check,67.0,3292.41,1,1,0,112438.38,0
11279,39.0,Female,Bengaluru,Bachelors,5,Month-to-month,Electronic check,48.72,246.46,1,1,0,53246.77,1
11280,58.0,Male,Delhi,High School,18,Month-to-month,Bank transfer,92.2,1587.95,1,0,0,59140.51,0
11281,18.0,Male,Bengaluru,High School,66,Month-to-month,Bank transfer,52.13,3526.55,1,1,1,79230.64,0
11282,18.0,Female,Chennai,Bachelors,25,Two year,Bank transfer,96.24,2457.82,1,0,0,83632.48,0
11283,,Female,Mumbai,High School,54,Two year,Electronic check,95.88,5215.12,3,1,0,,0
11284,43.0,Female,Bengaluru,Bachelors,25,Month-to-month,Mailed check,66.23,1542.01,1,1,1,51380.17,0
11285,45.0,Female,Mumbai,High School,68,Month-to-month,Electronic check,32.03,2180.09,1,0,1,58294.94,0
11286,25.0,Female,Mumbai,,59,Month-to-month,Electronic check,115.37,6800.47,2,0,1,74741.03,1
11287,42.0,Male,Bengaluru,High School,34,Month-to-month,Mailed check,73.52,2533.82,2,1,1,97770.85,0
11288,68.0,Female,Hyderabad,Bachelors,49,Month-to-month,Bank transfer,57.87,2813.08,2,1,1,,0
11289,53.0,Female,Bengaluru,High School,30,Month-to-month,Credit card,86.03,2569.31,1,1,1,69509.36,0
11290,44.0,Female,Pune,Masters,68,One year,Credit card,80.45,5501.57,4,1,0,47429.57,0
11291,36.0,Female,Chennai,High School,26,Two year,Bank transfer,93.84,2401.16,1,1,1,110990.99,0
11292,,Male,Mumbai,High School,61,Month-to-month,Credit card,50.43,3047.53,1,0,1,73393.78,0
11293,18.0,Female,Bengaluru,Bachelors,44,Month-to-month,Electronic check,72.01,3178.11,2,1,1,,1
11294,45.0,Male,Bengaluru,Masters,46,One year,Credit card,38.91,1856.78,1,1,0,,0
11295,53.0,Female,Bengaluru,High School,25,Month-to-month,Electronic check,79.66,2031.92,2,1,1,71875.88,0
11296,22.0,Female,Delhi,Bachelors,60,Month-to-month,Mailed check,64.5,3923.77,3,1,0,36993.2,1
11297,,Male,Pune,High School,54,Month-to-month,Electronic check,71.18,3846.89,1,1,1,22683.24,0
11298,27.0,Male,Delhi,PhD,59,One year,Mailed check,61.78,3719.77,1,0,1,97541.91,0
11299,29.0,Male,Chennai,High School,58,Month-to-month,Bank transfer,59.48,3362.78,1,1,1,71717.28,0
11300,43.0,Female,Bengaluru,High School,11,Month-to-month,Electronic check,45.9,606.01,1,0,0,74541.42,0
11301,18.0,Male,Chennai,Bachelors,63,One year,Credit card,82.39,5298.16,2,1,0,42520.82,0
11302,50.0,Male,Delhi,High School,61,Month-to-month,Credit card,97.77,,3,1,1,50132.59,0
11303,52.0,Male,Mumbai,Bachelors,17,Two year,Bank transfer,52.75,938.36,2,0,1,93370.64,0
11304,39.0,Male,Bengaluru,Masters,71,Month-to-month,Electronic check,77.18,5477.88,4,1,0,108283.16,0
11305,18.0,Female,Bengaluru,Masters,38,Month-to-month,Bank transfer,74.51,2820.9,1,1,1,56331.97,0
11306,29.0,Female,Mumbai,High School,23,Month-to-month,Electronic check,65.18,1468.6,1,0,1,84772.63,0
11307,58.0,Female,Hyderabad,High School,16,Two year,Electronic check,31.41,500.11,1,1,0,74180.55,0
11308,18.0,Male,Chennai,High School,26,Month-to-month,Electronic check,36.36,973.16,2,1,0,,0
11309,37.0,Female,Chennai,Bachelors,2,Month-to-month,Mailed check,47.82,116.63,1,1,1,110743.1,0
11310,27.0,Male,Delhi,Bachelors,50,Month-to-month,Electronic check,17.94,996.33,1,1,1,60029.56,0
11311,52.0,Female,Delhi,Bachelors,51,Two year,Electronic check,95.98,4899.99,1,1,1,97295.68,0
11312,33.0,Male,Chennai,Masters,48,Two year,Mailed check,73.09,3433.88,1,1,1,78391.31,0
11313,47.0,Female,Pune,Bachelors,40,One year,Bank transfer,64.34,2655.82,2,1,0,69628.43,0
11314,49.0,Female,Mumbai,Bachelors,26,Month-to-month,Credit card,16.81,376.01,3,0,1,100184.38,0
11315,66.0,Female,Mumbai,Bachelors,52,Month-to-month,Credit card,24.87,1265.27,1,1,1,76382.96,0
11316,39.0,Female,Mumbai,Bachelors,63,Month-to-month,Electronic check,64.95,4105.44,1,1,0,67878.59,0
11317,47.0,Male,Delhi,Bachelors,6,Month-to-month,Credit card,108.35,670.96,1,0,0,100347.73,0
11318,23.0,Female,Chennai,High School,27,Two year,Bank transfer,49.63,1267.74,1,1,1,97483.77,0
11319,57.0,Male,Mumbai,High School,72,One year,Electronic check,84.0,6010.68,1,0,0,96443.19,0
11320,32.0,Female,Hyderabad,Masters,62,Month-to-month,Mailed check,54.44,3301.24,2,1,1,15000.0,0
11321,35.0,Female,Mumbai,Masters,72,One year,Mailed check,66.22,4798.93,2,0,0,79683.89,0
11322,42.0,Female,Mumbai,,13,Month-to-month,Mailed check,91.72,1251.53,2,1,0,,0
11323,,Female,Bengaluru,High School,33,Month-to-month,Credit card,57.39,1832.78,2,0,1,69233.01,1
11324,45.0,Female,Bengaluru,Masters,9,Month-to-month,Mailed check,49.82,498.16,1,1,0,83415.15,0
11325,55.0,Male,Delhi,Bachelors,63,Month-to-month,Electronic check,96.2,6107.14,2,1,0,75732.25,0
11326,46.0,Female,Delhi,High School,37,Month-to-month,Bank transfer,66.0,2409.05,2,0,0,84911.76,0
11327,21.0,Female,Delhi,Masters,17,Month-to-month,Credit card,89.01,,1,0,1,64104.84,0
11328,40.0,Female,Pune,Masters,6,Two year,Bank transfer,49.92,245.96,1,1,1,102959.97,0
11329,52.0,Male,Chennai,High School,53,Two year,Mailed check,95.95,5055.59,1,0,0,87136.77,0
11330,18.0,Male,Bengaluru,Bachelors,59,Month-to-month,Credit card,71.02,4267.26,1,0,1,81935.58,0
11331,28.0,Male,Pune,Masters,64,One year,Electronic check,74.57,4766.56,1,1,1,80861.52,0
11332,53.0,Male,Bengaluru,Bachelors,70,Month-to-month,Bank transfer,67.9,4702.66,1,1,0,,0
11333,46.0,Male,Mumbai,Bachelors,59,Month-to-month,Credit card,53.88,3186.31,3,0,0,92477.13,0
11334,47.0,Male,Bengaluru,High School,57,Month-to-month,Credit card,64.96,3637.95,3,1,1,67519.01,0
11335,66.0,Female,Chennai,Bachelors,59,Month-to-month,Electronic check,55.26,3286.06,2,0,0,91786.83,0
11336,48.0,Female,Hyderabad,Masters,72,Month-to-month,Credit card,86.11,6151.04,2,1,1,73829.15,0
11337,51.0,Male,Pune,Bachelors,33,One year,Electronic check,60.53,1955.86,4,0,0,112172.39,0
11338,77.0,Female,Bengaluru,Bachelors,55,One year,Bank transfer,32.08,1783.17,1,1,1,94150.01,0
11339,,Male,Pune,Bachelors,59,Month-to-month,Bank transfer,28.05,1742.46,1,0,0,56236.59,0
11340,,Male,Hyderabad,Bachelors,8,Month-to-month,Electronic check,27.01,325.97,2,1,0,121275.64,0
11341,48.0,Male,Chennai,Masters,50,One year,Electronic check,78.6,3878.01,3,0,0,,0
11342,48.0,Female,Pune,Masters,24,Two year,Bank transfer,39.67,922.25,2,1,1,84021.8,0
11343,,Male,Delhi,Bachelors,9,Month-to-month,Electronic check,71.6,670.18,1,1,0,54682.56,1
11344,29.0,Female,Bengaluru,PhD,12,Month-to-month,Mailed check,68.0,874.44,2,1,0,111407.97,0
11345,72.0,Male,Delhi,Bachelors,8,Two year,Bank transfer,63.58,400.44,1,0,0,75561.73,0
11346,,Male,Chennai,Bachelors,65,Month-to-month,Bank transfer,74.64,4855.97,1,1,0,52536.5,0
11347,32.0,Male,Bengaluru,Bachelors,56,One year,Credit card,68.48,3810.52,1,1,1,64137.12,0
11348,,Male,Mumbai,High School,7,Month-to-month,Credit card,10.0,0.0,2,0,0,54293.51,0
11349,41.0,Female,Delhi,High School,45,Two year,Credit card,57.88,2537.74,1,0,1,63272.91,0
11350,39.0,Female,Mumbai,Bachelors,48,Two year,Mailed check,74.35,3540.41,1,1,1,62769.75,1
11351,49.0,Male,Delhi,Bachelors,37,Month-to-month,Electronic check,101.09,3743.27,2,1,1,53474.57,0
11352,25.0,Female,Mumbai,PhD,44,Month-to-month,Bank transfer,102.1,4542.81,1,1,1,75941.4,0
11353,47.0,Female,Pune,Masters,66,One year,Credit card,35.01,2328.38,2,1,0,78606.93,0
11354,,Male,Bengaluru,Masters,37,Month-to-month,Credit card,57.31,2167.85,1,1,1,48081.26,0
11355,48.0,Female,Pune,High School,48,Month-to-month,Bank transfer,30.55,,2,0,1,33518.09,0
11356,37.0,Male,Mumbai,High School,41,Month-to-month,Credit card,98.44,4000.79,1,1,1,76841.04,0
11357,35.0,Male,Delhi,High School,28,Month-to-month,Mailed check,87.28,2434.65,3,1,1,81702.25,0
11358,37.0,Female,Pune,Bachelors,65,Two year,Mailed check,72.71,4760.93,3,1,1,86064.77,0
11359,39.0,Female,Hyderabad,High School,30,Month-to-month,Electronic check,68.65,2111.13,1,1,0,,0
11360,37.0,Male,Mumbai,High School,58,Month-to-month,Bank transfer,95.37,5524.07,2,1,0,104599.77,0
11361,54.0,Male,Chennai,High School,44,One year,Mailed check,91.65,3986.14,2,1,1,91935.49,0
11362,,Female,Mumbai,Bachelors,50,One year,Electronic check,90.48,4540.78,1,0,1,128956.22,0
11363,53.0,Female,Delhi,PhD,55,Month-to-month,Electronic check,75.05,4151.65,2,1,0,138214.24,1
11364,37.0,Male,Hyderabad,High School,53,Month-to-month,Mailed check,57.32,3099.6,3,0,1,31321.74,0
11365,47.0,Female,Hyderabad,High School,41,Month-to-month,Mailed check,81.88,3323.14,1,0,0,21662.95,1
11366,27.0,Male,Hyderabad,Bachelors,44,Two year,Credit card,82.95,3616.41,3,1,0,69837.39,0
11367,59.0,Female,Mumbai,Bachelors,37,Month-to-month,Credit card,60.81,2287.78,1,1,0,81093.11,0
11368,58.0,Female,Mumbai,Bachelors,24,Month-to-month,Electronic check,57.27,1354.11,3,1,0,68330.53,0
11369,54.0,Male,Delhi,High School,53,Two year,Electronic check,89.93,4743.81,4,0,1,85478.77,0
11370,22.0,Male,Delhi,High School,64,Month-to-month,Electronic check,101.61,6565.75,1,1,0,64054.67,0
11371,53.0,Male,Mumbai,Bachelors,51,Two year,Electronic check,48.51,2405.46,1,1,1,54733.08,0
11372,,Female,Hyderabad,High School,56,One year,Bank transfer,59.21,3418.57,2,1,1,58056.4,0
11373,21.0,Female,Chennai,Bachelors,60,Month-to-month,Bank transfer,72.72,4332.57,3,0,1,65596.3,0
11374,42.0,Female,Pune,Masters,26,Two year,Electronic check,75.71,2011.8,1,1,0,88557.27,0
11375,,Male,Chennai,PhD,4,Month-to-month,Bank transfer,53.51,208.6,1,0,0,59291.7,0
11376,49.0,Male,Mumbai,Bachelors,24,Two year,Credit card,106.44,2568.13,2,1,1,63642.69,0
11377,44.0,Male,Bengaluru,Masters,55,Month-to-month,Electronic check,74.29,4072.81,1,0,1,82544.77,0
11378,46.0,Male,Pune,Bachelors,59,Month-to-month,Credit card,76.69,4567.54,2,1,0,65626.48,0
11379,61.0,Female,Mumbai,High School,37,Month-to-month,Electronic check,103.7,3819.53,2,1,1,94567.63,0
11380,58.0,Female,Mumbai,High School,56,Month-to-month,Electronic check,55.12,3058.07,4,0,1,49770.86,1
11381,18.0,Female,Delhi,Bachelors,5,Month-to-month,Mailed check,63.05,405.92,1,0,0,,0
11382,38.0,Male,Bengaluru,Masters,47,Month-to-month,Electronic check,37.43,1760.68,3,1,0,,0
11383,,Female,Pune,Masters,49,Month-to-month,Electronic check,61.21,2965.51,2,1,1,78894.35,0
11384,19.0,Male,Bengaluru,Bachelors,37,Month-to-month,Electronic check,32.24,1118.37,3,1,1,50970.89,0
11385,43.0,Female,Bengaluru,Masters,52,Month-to-month,Electronic check,81.45,4328.68,1,1,0,99559.1,0
11386,58.0,Male,Bengaluru,High School,35,One year,Bank transfer,74.24,2570.8,2,1,1,112348.61,0
11387,28.0,Male,Chennai,Bachelors,38,One year,Electronic check,58.9,2341.29,2,1,0,56187.21,0
11388,46.0,Female,Delhi,High School,44,One year,Electronic check,62.79,2782.7,2,1,1,102720.61,0
11389,30.0,Male,Bengaluru,Bachelors,57,One year,Bank transfer,81.75,4666.89,1,1,1,17593.09,0
11390,33.0,Female,Pune,Masters,18,Month-to-month,Bank transfer,40.01,728.67,1,1,1,93674.47,0
11391,61.0,Female,Pune,Bachelors,21,Month-to-month,Bank transfer,69.49,1570.09,1,0,1,51129.22,0
11392,35.0,Male,Delhi,High School,30,One year,Mailed check,80.39,2302.09,1,1,1,91473.6,0
11393,48.0,Male,Mumbai,PhD,14,Month-to-month,Credit card,25.79,371.78,2,0,0,48851.93,0
11394,18.0,Male,Pune,High School,24,One year,Electronic check,80.07,1908.42,3,1,1,68493.27,0
11395,66.0,Female,Pune,High School,25,Month-to-month,Credit card,28.17,693.6,2,0,1,52177.46,0
11396,50.0,Male,Mumbai,Bachelors,22,Month-to-month,Mailed check,62.41,1380.49,1,1,1,65294.62,0
11397,40.0,Male,Mumbai,Bachelors,29,Month-to-month,Credit card,39.41,1129.58,1,1,0,110258.33,0
11398,49.0,Male,Mumbai,Bachelors,36,One year,Electronic check,96.49,3483.05,1,1,0,67625.37,0
11399,24.0,Male,Bengaluru,Masters,50,Two year,Credit card,39.54,1975.82,1,1,1,116426.64,0
11400,57.0,Male,Delhi,High School,22,One year,Credit card,28.7,565.72,2,0,0,61512.12,0
11401,38.0,Male,Mumbai,Bachelors,61,One year,Electronic check,67.93,4162.8,1,1,1,102818.82,0
11402,39.0,Male,Chennai,High School,34,One year,Mailed check,55.9,1936.4,1,1,1,,0
11403,36.0,Female,Mumbai,High School,52,Two year,Electronic check,31.9,1631.7,2,1,0,63696.8,0
11404,34.0,Female,Pune,High School,8,Two year,Electronic check,76.57,705.95,1,1,0,58205.58,0
11405,51.0,Male,Delhi,High School,12,Month-to-month,Mailed check,21.19,321.06,1,1,0,103829.52,1
11406,45.0,Female,Delhi,Bachelors,33,Month-to-month,Mailed check,42.2,,1,1,0,74075.47,0
11407,50.0,Male,Pune,Masters,26,Two year,Mailed check,52.35,1402.69,1,1,1,24062.17,0
11408,42.0,Male,Mumbai,Masters,36,One year,Electronic check,82.65,2976.9,2,1,0,41177.15,0
11409,49.0,Male,Mumbai,Bachelors,11,Month-to-month,Electronic check,93.5,1085.57,1,1,0,47721.43,1
11410,37.0,Male,Delhi,Bachelors,34,One year,Electronic check,89.26,3113.38,2,1,1,90549.11,0
11411,71.0,Female,Bengaluru,High School,50,Month-to-month,Electronic check,61.63,3121.9,1,1,1,87710.16,0
11412,22.0,Male,Bengaluru,High School,53,Two year,Mailed check,11.6,586.29,1,1,0,63391.21,0
11413,58.0,Female,Pune,Bachelors,18,Month-to-month,Electronic check,73.6,1322.82,2,0,0,57932.78,0
11414,60.0,Male,Pune,Bachelors,25,Two year,Credit card,97.35,2462.43,1,1,1,85760.54,0
11415,31.0,Male,Mumbai,Bachelors,38,One year,Bank transfer,92.14,3543.21,1,0,1,45150.49,0
11416,71.0,Female,Mumbai,Masters,37,Month-to-month,Credit card,75.18,2777.79,1,1,1,80068.72,0
11417,55.0,Male,Bengaluru,High School,57,Two year,Electronic check,38.83,2184.97,1,1,0,78195.4,0
11418,55.0,Male,Pune,High School,28,Month-to-month,Electronic check,53.44,1575.53,1,1,1,63959.03,1
11419,42.0,Male,Delhi,PhD,48,One year,Electronic check,107.54,,4,1,1,78748.92,0
11420,39.0,Male,Delhi,Bachelors,64,Month-to-month,Mailed check,33.83,2118.05,1,1,1,72246.08,0
11421,39.0,Female,Mumbai,PhD,21,Month-to-month,Credit card,39.75,768.39,1,1,1,80943.23,0
11422,47.0,Female,Pune,High School,60,One year,Bank transfer,85.74,5097.22,1,1,1,40649.75,0
11423,60.0,Female,Mumbai,High School,24,One year,Credit card,55.51,1394.61,1,1,0,83519.04,0
11424,44.0,Female,Bengaluru,Bachelors,24,Two year,Credit card,39.0,1000.04,2,1,1,,0
11425,30.0,Male,Mumbai,High School,47,One year,Mailed check,98.62,4631.44,2,0,1,77060.93,0
11426,53.0,Female,Bengaluru,Masters,45,Month-to-month,Mailed check,75.14,3406.12,4,0,0,83226.75,0
11427,,Female,Delhi,Bachelors,40,Two year,Electronic check,56.6,2263.47,1,0,0,67581.78,0
11428,51.0,Male,Bengaluru,Bachelors,16,Two year,Bank transfer,39.79,577.04,1,1,0,89609.32,0
11429,52.0,Female,Mumbai,Bachelors,7,Two year,Bank transfer,110.04,881.19,2,1,1,71435.44,0
11430,38.0,Male,Mumbai,High School,66,Two year,Electronic check,64.46,4323.1,1,1,1,44745.29,0
11431,30.0,Male,Mumbai,Bachelors,63,One year,Credit card,95.74,6049.34,1,1,1,88044.76,0
11432,31.0,Male,Chennai,High School,64,One year,Credit card,84.66,5375.45,1,1,1,34048.78,0
11433,21.0,Male,Hyderabad,Bachelors,37,One year,Credit card,53.54,1969.73,1,1,1,76221.15,0
11434,45.0,Male,Mumbai,Bachelors,64,Month-to-month,Electronic check,53.72,3403.46,2,1,1,,0
11435,41.0,Female,Delhi,Masters,34,Two year,Bank transfer,96.82,3296.76,3,1,0,60141.23,0
11436,,Male,Delhi,Bachelors,5,Month-to-month,Bank transfer,97.18,,2,0,0,73783.75,0
11437,18.0,Male,Mumbai,Masters,14,Month-to-month,Electronic check,23.71,314.88,1,1,1,54395.66,0
11438,26.0,Male,Chennai,High School,19,Month-to-month,Electronic check,77.1,1392.18,2,1,1,81268.53,0
11439,57.0,Female,Delhi,Bachelors,27,Month-to-month,Electronic check,62.33,1789.51,2,0,1,71249.53,0
11440,,Female,Hyderabad,Bachelors,68,One year,Electronic check,42.27,2886.24,2,1,1,,0
11441,,Male,Bengaluru,High School,24,Month-to-month,Bank transfer,70.76,1721.07,1,1,1,99439.95,0
11442,24.0,Female,Pune,High School,44,Month-to-month,Credit card,35.31,1532.52,3,1,0,74505.22,0
11443,61.0,Female,Hyderabad,Bachelors,19,Month-to-month,Credit card,54.74,961.96,1,1,0,83877.62,0
11444,40.0,Female,Mumbai,Bachelors,46,One year,Electronic check,47.43,2177.61,2,0,0,101164.95,0
11445,46.0,Female,Mumbai,,41,Month-to-month,Bank transfer,54.0,2197.84,2,1,1,100803.93,0
11446,72.0,Male,Delhi,Bachelors,10,Month-to-month,Electronic check,63.43,669.78,3,0,1,,0
11447,62.0,Male,Mumbai,High School,33,Month-to-month,Electronic check,42.66,1453.08,3,1,0,63341.52,0
11448,38.0,Female,Delhi,Bachelors,7,Two year,Credit card,99.61,735.52,1,1,1,38546.52,0
11449,34.0,Female,Pune,High School,64,Month-to-month,Credit card,75.85,4903.81,2,1,1,74547.2,0
11450,38.0,Male,Mumbai,Bachelors,51,Two year,Credit card,104.48,5418.66,1,1,0,94080.85,0
11451,49.0,Female,Hyderabad,Masters,68,Month-to-month,Mailed check,61.48,4200.13,2,0,1,77794.93,0
11452,41.0,Female,Delhi,Masters,63,Month-to-month,Bank transfer,52.93,3389.55,1,1,0,15000.0,0
11453,37.0,Male,Mumbai,Bachelors,16,Two year,Mailed check,103.69,1683.73,1,1,1,89141.37,0
11454,61.0,Female,Mumbai,Bachelors,51,One year,Bank transfer,52.28,2571.28,3,1,1,90492.98,0
11455,41.0,Male,Mumbai,Masters,7,Month-to-month,Electronic check,61.08,419.83,2,0,0,63373.11,0
11456,72.0,Male,Delhi,Bachelors,70,One year,Electronic check,80.84,5615.41,1,0,1,91743.96,0
11457,43.0,Male,Pune,High School,57,Month-to-month,Credit card,37.77,2164.46,1,1,1,83815.24,0
11458,65.0,Male,Bengaluru,Masters,49,Month-to-month,Electronic check,80.65,3912.3,1,1,0,,0
11459,47.0,Male,Mumbai,,72,Month-to-month,Credit card,77.83,5634.04,1,1,1,97968.62,0
11460,55.0,Male,Mumbai,Bachelors,61,Month-to-month,Electronic check,92.93,5717.78,1,1,1,42115.51,0
11461,33.0,Male,Pune,Masters,63,Month-to-month,Credit card,84.58,5388.72,3,1,1,68740.62,0
11462,31.0,Male,Mumbai,,7,Month-to-month,Credit card,93.6,736.16,1,1,0,66545.95,0
11463,48.0,Male,Delhi,Masters,1,Two year,Electronic check,62.57,0.0,1,1,0,51840.36,1
11464,55.0,Male,Chennai,Bachelors,70,Month-to-month,Mailed check,46.02,3161.45,2,1,0,76683.47,0
11465,43.0,Male,Bengaluru,Bachelors,18,Month-to-month,Credit card,111.42,2151.95,1,1,0,,0
11466,25.0,Female,Mumbai,Bachelors,31,Month-to-month,Electronic check,31.41,1024.19,1,0,1,97450.32,0
11467,24.0,Female,Hyderabad,High School,3,Two year,Electronic check,33.62,112.08,1,0,1,,0
11468,23.0,Female,Delhi,Bachelors,45,Month-to-month,Electronic check,77.43,,1,1,0,,0
11469,19.0,Female,Bengaluru,Bachelors,59,Month-to-month,Electronic check,100.75,5941.41,1,0,1,40609.05,0
11470,43.0,Male,Mumbai,High School,61,Two year,Electronic check,69.17,4122.68,2,0,1,73655.72,0
11471,57.0,Male,Chennai,Masters,42,Month-to-month,Electronic check,86.98,3614.54,1,0,1,69246.83,0
11472,42.0,Male,Bengaluru,High School,48,Month-to-month,Electronic check,21.09,1006.73,2,1,1,59042.24,0
11473,18.0,Female,Mumbai,Masters,37,One year,Credit card,54.01,1962.58,3,1,0,111917.11,1
11474,40.0,Female,Bengaluru,Bachelors,32,Month-to-month,Electronic check,23.77,731.38,2,1,1,72328.92,0
11475,40.0,Female,Delhi,Bachelors,40,Month-to-month,Electronic check,82.17,3414.74,3,1,0,81933.08,0
11476,69.0,Female,Pune,Masters,68,One year,Credit card,30.96,2092.7,3,1,0,91733.67,0
11477,23.0,Male,Mumbai,Bachelors,18,Two year,Credit card,36.89,677.93,2,1,1,71209.09,0
11478,37.0,Female,Delhi,Bachelors,34,Two year,Mailed check,76.31,2606.67,1,1,0,127003.37,0
11479,64.0,Female,Hyderabad,,43,One year,Mailed check,88.36,3828.95,1,0,0,49311.81,0
11480,48.0,Female,Mumbai,Bachelors,41,Month-to-month,Mailed check,61.5,2497.64,2,1,0,56666.43,0
11481,49.0,Male,Delhi,Masters,2,One year,Credit card,77.54,217.43,2,0,0,49257.83,1
11482,,Male,Chennai,Bachelors,20,Two year,Credit card,76.83,1558.78,2,1,0,104378.48,0
11483,46.0,Male,Hyderabad,High School,47,One year,Electronic check,60.26,2767.86,2,1,0,87645.89,0
11484,52.0,Male,Delhi,Masters,50,Month-to-month,Mailed check,40.92,,2,1,0,58028.66,0
11485,31.0,Male,Delhi,Bachelors,53,Two year,Bank transfer,77.43,4095.18,2,0,1,50994.72,0
11486,53.0,Male,Bengaluru,Bachelors,72,Two year,Credit card,78.49,5640.37,2,1,1,100467.59,0
11487,24.0,Male,Chennai,Masters,49,Month-to-month,Electronic check,84.67,4174.29,1,1,1,,0
11488,46.0,Male,Hyderabad,Bachelors,42,One year,Credit card,71.87,3050.28,1,1,1,101029.2,0
11489,44.0,Female,Bengaluru,Bachelors,24,Two year,Credit card,39.29,968.79,1,0,1,68676.71,0
11490,34.0,Male,Chennai,Bachelors,27,Month-to-month,Mailed check,80.19,2182.08,1,1,1,81253.78,0
11491,42.0,Female,Delhi,High School,60,Two year,Mailed check,64.97,3902.48,1,1,0,76605.01,1
11492,34.0,Female,Delhi,High School,34,Month-to-month,Mailed check,54.38,1741.36,1,1,0,56269.55,0
11493,28.0,Male,Hyderabad,Masters,52,Month-to-month,Credit card,58.52,3081.93,3,1,1,66828.83,0
11494,37.0,Male,Delhi,Masters,9,Two year,Bank transfer,49.81,472.71,1,1,1,43945.33,0
11495,28.0,Male,Bengaluru,High School,9,Two year,Credit card,84.55,711.71,2,0,1,80870.35,0
11496,46.0,Male,Mumbai,High School,15,Month-to-month,Credit card,33.8,521.03,1,1,1,86747.47,0
11497,27.0,Male,Bengaluru,High School,14,Two year,Bank transfer,43.14,636.36,2,0,0,91783.55,0
11498,51.0,Female,Bengaluru,Bachelors,44,One year,Electronic check,57.77,2600.44,1,0,0,84663.99,0
11499,27.0,Male,Chennai,Bachelors,46,Two year,Mailed check,100.5,4648.52,2,1,1,67179.38,0
11500,35.0,Female,Mumbai,Bachelors,40,Month-to-month,Electronic check,88.19,3543.68,2,1,0,104143.35,0
11501,34.0,Male,Chennai,High School,21,Two year,Electronic check,28.9,654.24,1,1,1,89630.79,0
11502,59.0,Female,Mumbai,Bachelors,42,One year,Bank transfer,94.73,3963.33,2,1,1,100548.02,0
11503,,Female,Hyderabad,Bachelors,8,One year,Mailed check,94.69,778.12,2,0,1,101928.31,0
11504,39.0,Male,Bengaluru,High School,34,Month-to-month,Electronic check,39.17,1300.72,2,0,1,67236.81,0
11505,48.0,Male,Delhi,,11,Month-to-month,Bank transfer,10.0,165.51,1,1,0,78533.35,0
11506,18.0,Female,Pune,Bachelors,5,Month-to-month,Electronic check,63.41,236.56,3,0,0,87040.43,0
11507,41.0,Female,Delhi,Bachelors,12,Month-to-month,Credit card,89.69,1117.12,1,1,1,44718.88,1
11508,68.0,Female,Mumbai,Bachelors,8,Two year,Bank transfer,100.01,800.97,1,1,1,45206.59,0
11509,44.0,Female,Bengaluru,Masters,34,One year,Electronic check,45.84,1606.83,1,1,1,41415.14,0
11510,43.0,Male,Bengaluru,Bachelors,39,One year,Credit card,103.54,3999.03,1,1,0,67621.8,1
11511,49.0,Female,Hyderabad,Masters,44,Month-to-month,Electronic check,15.99,708.06,1,1,0,62667.02,0
11512,,Male,Delhi,Bachelors,32,One year,Electronic check,56.9,1823.83,2,1,0,38415.25,1
11513,18.0,Female,Mumbai,High School,12,Month-to-month,Mailed check,55.82,691.53,2,1,1,73285.88,0
11514,20.0,Female,Delhi,High School,1,Two year,Electronic check,90.35,37.97,3,1,0,,0
11515,45.0,Male,Bengaluru,Bachelors,52,Month-to-month,Credit card,93.56,4896.93,1,0,0,96009.28,1
11516,33.0,Female,Bengaluru,Masters,71,Month-to-month,Credit card,85.99,6013.0,2,1,0,114285.54,0
11517,59.0,Female,Chennai,Bachelors,20,Month-to-month,Credit card,35.29,672.41,1,0,0,80041.91,0
11518,38.0,Male,Delhi,High School,14,Month-to-month,Mailed check,83.98,1097.58,1,1,1,54674.13,0
11519,18.0,Female,Bengaluru,High School,22,One year,Electronic check,76.2,1717.81,1,1,0,84227.94,0
11520,26.0,Female,Pune,Bachelors,15,One year,Mailed check,28.23,443.46,2,1,1,70204.66,0
11521,18.0,Male,Delhi,Bachelors,16,Month-to-month,Electronic check,19.53,335.28,2,0,1,64717.24,0
11522,39.0,Male,Delhi,Bachelors,36,One year,Credit card,87.84,3235.9,1,0,0,51044.78,1
11523,40.0,Male,Pune,High School,57,Two year,Electronic check,61.04,3463.48,1,1,0,59787.16,0
11524,36.0,Male,Mumbai,Bachelors,51,One year,Electronic check,36.73,1903.71,1,0,0,66088.6,0
11525,56.0,Male,Bengaluru,Bachelors,70,One year,Bank transfer,60.42,,1,1,0,87690.12,0
11526,58.0,Female,Delhi,PhD,26,Month-to-month,Bank transfer,73.01,1893.95,2,1,1,81242.56,0
11527,40.0,Male,Mumbai,Masters,35,One year,Credit card,63.18,2276.63,1,1,1,110162.68,0
11528,18.0,Female,Hyderabad,Bachelors,27,Month-to-month,Credit card,30.86,937.31,2,1,0,84835.44,1
11529,50.0,Male,Mumbai,Bachelors,3,Month-to-month,Mailed check,106.48,297.87,4,1,0,79334.49,0
11530,49.0,Female,Chennai,Masters,28,Month-to-month,Credit card,87.09,2480.21,1,0,1,,0
11531,46.0,Male,Delhi,Masters,19,Month-to-month,Credit card,57.62,1110.74,3,1,1,47175.81,0
11532,55.0,Female,Mumbai,Bachelors,34,Month-to-month,Credit card,58.51,2005.9,2,1,0,57462.34,0
11533,27.0,Male,Mumbai,Bachelors,11,Month-to-month,Credit card,72.91,,1,1,1,54603.55,0
11534,68.0,Female,Chennai,,54,Two year,Bank transfer,40.15,2151.45,2,1,0,15000.0,0
11535,30.0,Male,Delhi,Bachelors,61,Month-to-month,Electronic check,72.1,4218.85,1,1,0,47810.1,0
11536,52.0,Female,Delhi,Masters,70,Month-to-month,Credit card,35.72,2577.14,2,0,1,105248.61,0
11537,20.0,Male,Mumbai,Bachelors,6,Month-to-month,Electronic check,63.45,,2,1,1,78109.2,0
11538,30.0,Female,Bengaluru,Bachelors,8,Month-to-month,Credit card,39.29,302.24,3,0,0,61716.48,0
11539,62.0,Male,Delhi,Masters,70,Month-to-month,Mailed check,40.4,2816.99,2,1,1,78766.56,0
11540,39.0,Male,Pune,Masters,61,One year,Mailed check,101.21,6134.62,2,0,0,27025.1,0
11541,53.0,Female,Mumbai,Bachelors,42,Month-to-month,Credit card,66.3,2796.61,1,1,0,76206.15,0
11542,45.0,Male,Mumbai,PhD,23,Month-to-month,Mailed check,69.56,1597.66,4,1,1,98104.83,0
11543,41.0,Female,Delhi,Bachelors,37,One year,Electronic check,20.75,731.92,2,0,1,67335.45,0
11544,60.0,Male,Mumbai,High School,39,Month-to-month,Credit card,51.87,2030.4,2,0,1,31016.23,0
11545,39.0,Female,Chennai,High School,61,Two year,Electronic check,75.15,4582.5,3,1,0,60893.31,0
11546,19.0,Male,Pune,High School,38,Month-to-month,Credit card,69.27,2678.65,1,1,0,98143.76,0
11547,32.0,Female,Bengaluru,Bachelors,2,Month-to-month,Credit card,17.61,0.0,1,1,1,75689.85,0
11548,49.0,Female,Chennai,PhD,51,Month-to-month,Mailed check,69.56,3507.29,2,1,0,38797.18,0
11549,,Female,Chennai,Bachelors,56,Two year,Bank transfer,73.06,4127.62,3,1,1,,0
11550,22.0,Female,Mumbai,Masters,21,Month-to-month,Electronic check,93.24,1926.05,2,1,1,42416.21,0
11551,33.0,Female,Mumbai,High School,8,Month-to-month,Credit card,50.58,359.47,1,1,0,64655.66,0
11552,34.0,Female,Bengaluru,High School,10,Month-to-month,Mailed check,15.67,127.19,1,1,1,47177.51,1
11553,37.0,Female,Pune,High School,61,Two year,Electronic check,43.07,2622.22,1,1,1,47207.96,0
11554,24.0,Male,Chennai,Bachelors,32,One year,Credit card,40.86,1302.66,1,1,1,60052.68,0
11555,34.0,Male,Bengaluru,PhD,38,Month-to-month,Mailed check,81.21,3075.48,3,1,0,83995.3,0
11556,33.0,Female,Mumbai,High School,70,One year,Credit card,10.0,648.57,2,1,1,98391.69,0
11557,,Female,Chennai,Bachelors,4,One year,Mailed check,55.14,259.22,1,0,0,61504.3,0
11558,53.0,Female,Hyderabad,Masters,15,Month-to-month,Credit card,96.37,1511.86,1,1,0,47776.84,0
11559,40.0,Female,Pune,Bachelors,60,Month-to-month,Bank transfer,65.16,3814.08,3,0,1,80530.06,0
11560,37.0,Female,Hyderabad,Bachelors,39,Month-to-month,Bank transfer,84.72,3226.4,2,1,1,81175.2,0
11561,44.0,Female,Mumbai,Bachelors,1,Month-to-month,Electronic check,28.88,79.02,1,0,0,75288.28,0
11562,31.0,Female,Bengaluru,Bachelors,51,One year,Bank transfer,29.76,1596.25,1,1,1,,0
11563,27.0,Male,Delhi,Bachelors,10,Two year,Mailed check,96.62,859.74,1,0,1,67523.54,0
11564,30.0,Male,Delhi,Bachelors,57,One year,Bank transfer,67.23,3872.88,1,0,1,72159.32,0
11565,34.0,Female,Bengaluru,Masters,58,Month-to-month,Credit card,67.27,3983.55,2,1,0,66003.68,0
11566,27.0,Female,Chennai,High School,60,Month-to-month,Bank transfer,466.23,2380.88,1,1,0,93545.36,1
11567,44.0,Male,Hyderabad,Bachelors,33,Month-to-month,Mailed check,67.22,2297.24,1,0,1,119026.11,0
11568,51.0,Female,Mumbai,Masters,19,One year,Credit card,39.79,747.11,1,1,1,73952.37,0
11569,21.0,Female,Mumbai,High School,64,One year,Bank transfer,91.11,5846.77,1,1,0,69855.41,0
11570,42.0,Male,Delhi,High School,40,One year,Credit card,125.01,4964.44,2,1,0,75628.95,1
11571,39.0,Male,Hyderabad,Bachelors,46,Two year,Credit card,75.65,3529.95,2,1,1,55525.72,0
11572,46.0,Female,Bengaluru,Bachelors,9,Month-to-month,Electronic check,51.03,500.99,1,1,1,86829.52,0
11573,,Male,Bengaluru,Bachelors,45,One year,Mailed check,10.0,536.24,1,1,1,79705.88,0
11574,23.0,Male,Delhi,Masters,42,Two year,Electronic check,27.94,1245.51,2,0,1,60749.66,0
11575,26.0,Female,Chennai,High School,21,Month-to-month,Bank transfer,99.21,2082.95,3,1,1,89845.47,0
11576,42.0,Female,Mumbai,High School,55,One year,Mailed check,42.36,2485.22,1,1,1,70417.77,0
11577,55.0,Female,Bengaluru,High School,9,Month-to-month,Bank transfer,56.84,579.1,1,0,1,48658.75,0
11578,18.0,Female,Chennai,Masters,52,Month-to-month,Electronic check,79.42,4156.87,3,0,1,77735.3,0
11579,46.0,Female,Delhi,High School,70,Month-to-month,Bank transfer,97.61,6782.84,1,1,0,75213.84,0
11580,57.0,Female,Mumbai,Bachelors,41,Month-to-month,Electronic check,60.61,2408.51,4,1,1,91129.2,0
11581,40.0,Female,Hyderabad,Masters,7,One year,Mailed check,361.07,320.45,2,1,0,88294.03,0
11582,49.0,Male,Mumbai,High School,40,Month-to-month,Mailed check,66.58,2616.52,1,1,1,,0
11583,33.0,Male,Bengaluru,High School,38,Month-to-month,Bank transfer,51.19,2014.09,1,1,0,59614.09,0
11584,40.0,Male,Pune,,40,One year,Mailed check,52.38,2119.55,4,1,0,70038.36,0
11585,21.0,Male,Mumbai,High School,19,Month-to-month,Bank transfer,74.06,1376.47,1,1,1,77992.8,0
11586,18.0,Male,Pune,Bachelors,45,Month-to-month,Electronic check,69.08,3101.81,1,1,1,80642.6,0
11587,54.0,Male,Mumbai,Bachelors,19,Two year,Bank transfer,111.9,2113.21,1,1,1,76631.07,0
11588,29.0,Male,Bengaluru,Bachelors,40,Two year,Mailed check,74.65,3026.0,2,1,1,,0
11589,36.0,Female,Mumbai,High School,43,Month-to-month,Electronic check,90.33,3840.25,2,0,0,91929.97,0
11590,24.0,Male,Hyderabad,Masters,47,Two year,Credit card,41.43,1964.69,2,0,0,55165.36,0
11591,24.0,Male,Pune,Masters,58,Two year,Credit card,252.12,4454.9,1,1,1,124546.88,0
11592,40.0,Female,Delhi,High School,64,Month-to-month,Electronic check,49.09,3099.32,2,1,1,86787.55,0
11593,33.0,Female,Pune,High School,56,Two year,Electronic check,73.7,4206.6,2,1,0,45195.32,0
11594,47.0,Female,Hyderabad,Bachelors,58,One year,Credit card,80.15,4633.92,1,1,0,74075.05,0
11595,48.0,Male,Pune,Bachelors,63,Two year,Credit card,66.1,4114.66,2,1,0,86999.04,0
11596,46.0,Female,Hyderabad,Bachelors,17,Month-to-month,Mailed check,117.96,2047.96,2,1,1,62313.88,0
11597,45.0,Female,Hyderabad,High School,21,One year,Credit card,96.42,2027.54,1,1,0,37106.83,0
11598,63.0,Male,Pune,Bachelors,38,Month-to-month,Electronic check,90.9,3474.62,3,0,0,47140.59,0
11599,28.0,Male,Hyderabad,High School,33,One year,Electronic check,81.81,2640.5,1,1,0,81926.04,0
11600,41.0,Male,Chennai,Bachelors,51,Month-to-month,Electronic check,103.79,5333.91,1,1,1,31398.44,0
11601,57.0,Male,Delhi,Bachelors,0,One year,Bank transfer,33.39,,1,1,1,38114.42,0
11602,58.0,Male,Mumbai,PhD,10,Two year,Bank transfer,95.15,888.36,1,1,0,81810.36,0
11603,24.0,Male,Bengaluru,High School,54,Month-to-month,Bank transfer,43.19,2349.97,1,1,0,65103.92,0
11604,38.0,Male,Delhi,Bachelors,60,Month-to-month,Electronic check,52.58,3115.53,1,0,0,54692.83,0
11605,60.0,Female,Delhi,High School,22,Month-to-month,Electronic check,77.35,1836.18,2,1,1,59115.89,0
11606,49.0,Female,Chennai,High School,22,Month-to-month,Mailed check,92.13,2088.84,2,0,0,37642.1,0
11607,45.0,Female,Bengaluru,High School,40,Two year,Mailed check,39.62,1598.91,1,1,1,80657.98,0
11608,39.0,Male,Pune,Masters,34,One year,Mailed check,53.72,1765.09,2,1,0,52256.04,0
11609,37.0,Female,Delhi,Bachelors,12,One year,Bank transfer,67.15,756.5,2,1,1,58213.45,0
11610,46.0,Male,Delhi,Masters,36,Two year,Mailed check,60.9,2229.71,1,1,0,77629.27,0
11611,39.0,Female,Mumbai,High School,59,One year,Credit card,83.79,4875.49,4,1,1,64354.19,0
11612,,Female,Pune,Bachelors,53,Month-to-month,Credit card,130.0,6823.44,1,1,1,54497.63,0
11613,43.0,Female,Delhi,Bachelors,59,Month-to-month,Electronic check,74.23,4380.01,1,0,0,26232.35,0
11614,33.0,Female,Pune,Bachelors,46,Month-to-month,Credit card,48.83,2252.85,1,1,0,78083.37,0
11615,49.0,Female,Delhi,PhD,64,Two year,Mailed check,36.48,2353.72,1,1,0,71737.85,0
11616,80.0,Female,Delhi,PhD,18,Two year,Mailed check,57.84,1019.14,1,1,1,58617.48,0
11617,19.0,Male,Chennai,Masters,3,Month-to-month,Bank transfer,44.31,178.94,1,1,1,47177.22,0
11618,46.0,Male,Bengaluru,High School,8,Month-to-month,Credit card,75.29,559.23,2,1,1,70280.77,0
11619,32.0,Female,Bengaluru,Masters,72,One year,Electronic check,74.94,5427.01,3,1,1,80570.38,0
11620,50.0,Female,Delhi,PhD,46,One year,Electronic check,54.81,2531.97,2,0,0,72150.7,0
11621,43.0,Male,Delhi,Bachelors,18,One year,Credit card,108.67,1986.09,2,1,1,106037.44,0
11622,52.0,Female,Chennai,Bachelors,62,Month-to-month,Mailed check,48.82,3085.94,2,1,1,85505.04,0
11623,57.0,Female,Mumbai,Bachelors,22,One year,Credit card,62.37,1349.37,2,1,0,67639.77,0
11624,45.0,Male,Mumbai,Bachelors,43,One year,Mailed check,79.06,3366.53,1,0,0,86242.13,0
11625,57.0,Female,Mumbai,High School,18,Month-to-month,Credit card,84.63,1438.92,1,1,0,71070.57,0
11626,18.0,Male,Bengaluru,High School,6,One year,Electronic check,93.11,457.71,1,1,0,70994.24,0
11627,63.0,Male,Chennai,High School,19,Month-to-month,Credit card,74.43,1405.37,1,0,1,98520.0,0
11628,47.0,Female,Hyderabad,Bachelors,16,Two year,Credit card,88.12,1404.54,2,0,0,50242.73,0
11629,56.0,Male,Pune,High School,40,Two year,Credit card,50.37,1960.5,1,1,0,70512.81,0
11630,26.0,Male,Bengaluru,Masters,1,One year,Electronic check,85.2,,1,1,0,96173.62,0
11631,31.0,Female,Bengaluru,Bachelors,17,Month-to-month,Mailed check,84.9,1519.47,1,1,0,76797.79,1
11632,44.0,Male,Bengaluru,High School,41,Two year,Electronic check,98.28,4073.27,2,0,0,61880.83,0
11633,42.0,Female,Chennai,Bachelors,28,Month-to-month,Credit card,28.29,729.04,1,0,0,32464.49,0
11634,,Male,Mumbai,High School,46,Month-to-month,Electronic check,45.04,2049.72,1,1,0,20052.37,0
11635,56.0,Male,Delhi,Masters,47,Month-to-month,Mailed check,83.11,3926.47,1,0,0,115675.99,0
11636,19.0,Female,Delhi,Masters,70,Month-to-month,Electronic check,10.0,668.68,1,0,1,76787.26,0
11637,55.0,Male,Pune,Bachelors,61,Two year,Bank transfer,75.82,4584.59,2,0,1,,0
11638,42.0,Female,Mumbai,High School,16,Month-to-month,Bank transfer,88.32,1396.21,1,1,1,77688.05,0
11639,39.0,Male,Mumbai,Bachelors,50,One year,Electronic check,52.32,2670.53,1,1,0,49151.17,0
11640,23.0,Female,Bengaluru,Bachelors,45,One year,Bank transfer,55.54,2558.37,4,1,0,62713.57,0
11641,49.0,Male,Bengaluru,Bachelors,43,One year,Electronic check,41.37,1742.14,1,1,1,49299.31,0
11642,18.0,Female,Delhi,Masters,58,Month-to-month,Credit card,53.53,3127.77,2,0,0,38907.98,0
11643,50.0,Female,Bengaluru,High School,10,Month-to-month,Credit card,54.16,541.28,2,0,0,23690.33,0
11644,23.0,Male,Bengaluru,Masters,27,Two year,Electronic check,49.98,1299.05,1,1,0,34851.54,0
11645,43.0,Male,Delhi,Bachelors,59,Month-to-month,Mailed check,48.77,2862.58,1,0,0,92468.33,0
11646,40.0,Female,Delhi,Bachelors,65,Month-to-month,Bank transfer,59.04,3774.39,1,0,1,48288.6,1
11647,57.0,Female,Mumbai,High School,2,One year,Credit card,58.77,175.69,1,0,1,81767.63,0
11648,,Male,Chennai,High School,34,One year,Credit card,106.23,3689.44,1,1,0,91046.24,0
11649,33.0,Female,Delhi,,19,One year,Mailed check,56.33,1049.74,2,1,1,70364.75,0
11650,35.0,Female,Bengaluru,Bachelors,12,Month-to-month,Mailed check,72.57,838.39,1,1,0,,0
11651,59.0,Female,Delhi,PhD,4,Month-to-month,Electronic check,52.31,,1,0,1,72926.5,0
11652,49.0,Male,Mumbai,High School,39,Month-to-month,Mailed check,52.03,2089.98,2,1,1,60834.35,0
11653,37.0,Female,Hyderabad,Masters,48,One year,Credit card,27.5,1264.28,1,0,1,96486.0,0
11654,39.0,Female,Delhi,Bachelors,38,Two year,Credit card,30.43,1148.94,2,1,0,111283.75,0
11655,,Female,Mumbai,PhD,26,One year,Mailed check,38.45,996.75,1,1,0,101895.86,0
11656,47.0,Male,Pune,High School,56,One year,Electronic check,69.04,3827.7,2,0,1,22665.61,0
11657,,Female,Chennai,Bachelors,47,One year,Bank transfer,88.68,4187.26,2,1,0,60385.41,0
11658,,Female,Hyderabad,Masters,66,One year,Mailed check,25.69,,1,1,1,70091.5,0
11659,44.0,Male,Bengaluru,Bachelors,25,Month-to-month,Bank transfer,52.92,1295.99,2,1,1,80187.28,0
11660,73.0,Female,Bengaluru,PhD,17,Two year,Bank transfer,34.93,588.74,1,1,0,,0
11661,28.0,Male,Delhi,Masters,33,One year,Bank transfer,59.19,1878.82,1,1,1,31644.24,0
11662,41.0,Male,Delhi,Bachelors,37,Month-to-month,Mailed check,88.67,3177.97,1,1,0,98749.37,0
11663,65.0,Male,Bengaluru,High School,33,One year,Bank transfer,55.17,1866.52,1,1,0,57699.37,0
11664,57.0,Male,Hyderabad,High School,60,Month-to-month,Bank transfer,63.95,3799.98,3,1,1,37277.06,1
11665,33.0,Female,Bengaluru,High School,3,Month-to-month,Bank transfer,97.02,397.8,1,0,1,45719.9,0
11666,45.0,Female,Chennai,Bachelors,38,Two year,Bank transfer,75.07,2951.25,1,1,1,78590.44,0
11667,42.0,Male,Delhi,,31,One year,Credit card,48.28,1471.36,3,1,1,51903.95,0
11668,46.0,Male,Delhi,Bachelors,15,Month-to-month,Electronic check,68.5,1144.45,1,1,0,75315.76,0
11669,33.0,Female,Delhi,High School,46,One year,Electronic check,46.79,2199.22,2,1,1,48468.0,0
11670,41.0,Male,Hyderabad,Masters,58,Month-to-month,Electronic check,74.25,4274.23,1,1,1,,0
11671,21.0,Female,Mumbai,High School,39,One year,Bank transfer,76.34,2848.17,3,1,1,101336.36,0
11672,44.0,Female,Delhi,Bachelors,6,Month-to-month,Electronic check,34.92,243.93,1,1,0,78760.18,1
11673,48.0,Female,Hyderabad,Bachelors,5,One year,Mailed check,68.85,345.81,2,1,0,62657.48,0
11674,39.0,Female,Bengaluru,Bachelors,30,Two year,Electronic check,62.41,1893.87,2,0,1,58530.04,0
11675,21.0,Female,Delhi,Masters,48,Month-to-month,Credit card,76.98,3683.6,4,1,0,102227.81,0
11676,55.0,Female,Hyderabad,High School,22,One year,Bank transfer,83.29,1775.19,4,1,1,83013.66,0
11677,47.0,Male,Pune,Bachelors,22,One year,Electronic check,75.5,1639.65,2,1,0,95229.89,0
11678,33.0,Female,Bengaluru,High School,62,One year,Mailed check,58.33,3651.79,1,1,0,57158.76,0
11679,38.0,Male,Hyderabad,High School,1,Two year,Electronic check,85.53,67.81,1,0,0,71114.66,0
11680,22.0,Female,Mumbai,PhD,5,Month-to-month,Credit card,45.79,210.93,3,1,1,78848.38,0
11681,29.0,Male,Bengaluru,High School,11,Month-to-month,Credit card,35.95,319.48,2,1,0,57898.48,0
11682,35.0,Female,Delhi,High School,71,One year,Credit card,10.0,714.56,3,1,0,67898.29,0
11683,58.0,Female,Pune,High School,36,Month-to-month,Mailed check,63.46,2228.96,2,1,1,57160.57,0
11684,34.0,Female,Mumbai,Bachelors,11,Two year,Credit card,46.93,562.16,1,1,0,78779.3,0
11685,50.0,Male,Pune,Masters,22,One year,Electronic check,73.75,1585.79,1,1,1,40929.33,0
11686,35.0,Female,Delhi,High School,70,One year,Bank transfer,21.63,1499.31,1,0,0,82583.34,0
11687,45.0,Female,Bengaluru,Bachelors,50,Month-to-month,Mailed check,50.76,2646.2,2,1,1,76835.69,0
11688,40.0,Male,Bengaluru,Masters,16,Month-to-month,Mailed check,75.35,1190.27,1,0,1,65527.21,0
11689,53.0,Male,Mumbai,Masters,17,Two year,Electronic check,42.34,697.75,1,0,1,79889.38,0
11690,35.0,Male,Mumbai,Masters,5,Month-to-month,Electronic check,74.0,399.28,2,1,0,,0
11691,22.0,Male,Delhi,High School,56,One year,Credit card,52.75,2864.74,1,1,1,55257.12,0
11692,24.0,Female,Hyderabad,,10,One year,Bank transfer,64.28,705.34,1,1,0,81961.98,0
11693,35.0,Male,Hyderabad,Bachelors,20,Month-to-month,Credit card,78.09,1611.5,1,1,1,82914.31,0
11694,26.0,Male,Pune,Bachelors,25,One year,Bank transfer,85.96,2175.22,1,1,0,58840.05,0
11695,47.0,Female,Mumbai,Masters,45,Month-to-month,Electronic check,67.03,2847.5,1,1,1,56952.85,0
11696,,Male,Hyderabad,Masters,44,Two year,Electronic check,47.09,2058.99,2,1,0,65974.58,0
11697,73.0,Female,Mumbai,Bachelors,58,One year,Bank transfer,54.92,3121.72,2,1,1,57855.88,0
11698,19.0,Male,Bengaluru,Bachelors,21,Month-to-month,Electronic check,79.01,1715.42,2,1,0,103552.62,0
11699,45.0,Female,Mumbai,Bachelors,28,One year,Electronic check,42.53,1243.47,3,1,1,76962.47,0
11700,27.0,Female,Pune,High School,28,Two year,Mailed check,61.08,1729.64,1,1,0,70321.21,0
11701,36.0,Male,Bengaluru,Bachelors,3,Month-to-month,Bank transfer,56.51,109.37,1,1,1,49480.05,0
11702,44.0,Male,Delhi,,53,Month-to-month,Bank transfer,62.73,3399.4,1,1,1,86257.77,0
11703,18.0,Female,Delhi,Bachelors,39,Month-to-month,Electronic check,42.8,1656.09,2,1,0,56544.69,0
11704,45.0,Male,Delhi,Masters,34,One year,Credit card,24.26,915.11,1,1,0,55639.56,0
11705,67.0,Female,Mumbai,PhD,72,Month-to-month,Credit card,76.46,5518.39,3,1,1,86997.52,0
11706,36.0,Female,Hyderabad,Bachelors,13,One year,Credit card,86.21,1146.07,2,0,0,78521.1,0
11707,45.0,Male,Bengaluru,High School,70,Month-to-month,Electronic check,25.57,1766.88,2,0,1,15000.0,0
11708,55.0,Female,Mumbai,High School,49,Two year,Credit card,73.12,3653.23,1,1,0,66529.04,0
11709,40.0,Female,Mumbai,Masters,16,Two year,Mailed check,88.83,1451.7,2,0,0,72761.43,0
11710,34.0,Female,Delhi,High School,49,Month-to-month,Electronic check,78.11,3899.53,1,1,1,62528.88,0
11711,18.0,Female,Bengaluru,Bachelors,55,One year,Bank transfer,55.83,3079.53,1,0,0,73528.0,0
11712,50.0,Female,Mumbai,High School,26,Month-to-month,Credit card,44.24,1147.89,2,0,1,30186.86,0
11713,41.0,Male,Mumbai,Masters,25,Month-to-month,Mailed check,66.78,1699.26,1,1,0,15000.0,0
11714,29.0,Female,Mumbai,,60,Month-to-month,Electronic check,70.45,4299.13,3,1,0,48539.7,0
11715,,Female,Delhi,Bachelors,11,One year,Electronic check,67.11,789.05,2,1,1,76209.44,0
11716,34.0,Female,Bengaluru,Bachelors,0,Two year,Bank transfer,61.04,,2,0,1,15000.0,0
11717,35.0,Male,Hyderabad,Bachelors,48,Month-to-month,Credit card,41.18,1883.78,1,0,1,51441.99,0
11718,50.0,Male,Delhi,Bachelors,66,Month-to-month,Electronic check,74.3,4944.32,1,0,0,27699.26,0
11719,25.0,Female,Delhi,High School,36,One year,Electronic check,75.36,2641.02,1,0,0,64662.27,0
11720,56.0,Female,Bengaluru,High School,9,Two year,Credit card,69.42,626.53,2,0,0,113073.78,0
11721,24.0,Male,Delhi,High School,39,One year,Credit card,67.44,2624.37,1,1,1,65222.13,0
11722,33.0,Male,Pune,PhD,18,Month-to-month,Credit card,101.94,1764.03,4,0,1,67634.94,1
11723,67.0,Female,Hyderabad,High School,60,Two year,Electronic check,51.26,3094.23,3,1,1,88463.08,0
11724,57.0,Female,Bengaluru,Bachelors,44,Month-to-month,Credit card,93.19,4208.08,1,1,1,70468.74,0
11725,43.0,Male,Bengaluru,High School,24,Month-to-month,Electronic check,48.85,1156.77,2,0,0,65270.18,1
11726,30.0,Female,Bengaluru,Bachelors,45,Month-to-month,Mailed check,89.4,,1,1,1,90386.21,0
11727,35.0,Male,Delhi,High School,48,Month-to-month,Mailed check,92.13,4540.02,1,1,1,80381.52,0
11728,43.0,Male,Mumbai,Masters,49,One year,Credit card,58.55,2912.08,1,1,0,76349.77,0
11729,42.0,Female,Chennai,Masters,26,Two year,Electronic check,101.54,2607.8,2,1,0,66946.84,0
11730,41.0,Male,Pune,Bachelors,41,One year,Credit card,75.32,3099.97,3,1,1,62386.58,0
11731,,Male,Pune,Masters,3,Two year,Credit card,45.7,161.14,1,1,1,90177.76,0
11732,39.0,Male,Delhi,High School,29,Month-to-month,Credit card,56.77,1718.02,1,1,0,62597.82,0
11733,23.0,Male,Pune,Bachelors,27,One year,Mailed check,89.92,2488.54,1,1,0,97087.56,0
11734,35.0,Male,Hyderabad,High School,39,One year,Mailed check,85.31,3188.6,1,1,1,46962.78,0
11735,54.0,Female,Delhi,Bachelors,69,Month-to-month,Electronic check,41.72,2835.87,1,1,1,101543.25,0
11736,24.0,Male,Pune,Bachelors,69,Month-to-month,Mailed check,61.94,4270.36,2,1,1,80384.88,0
11737,40.0,Female,Pune,Bachelors,35,Two year,Electronic check,69.48,2381.04,3,1,1,48692.23,0
11738,31.0,Male,Bengaluru,Masters,47,Month-to-month,Bank transfer,53.83,2345.01,1,1,1,81197.53,0
11739,43.0,Female,Chennai,Masters,7,Two year,Credit card,116.87,781.81,3,1,1,55693.34,0
11740,37.0,Female,Chennai,High School,35,Two year,Credit card,70.14,2454.72,2,1,0,70735.42,0
11741,61.0,Female,Bengaluru,Bachelors,50,Month-to-month,Mailed check,63.64,3155.74,2,1,1,59294.2,0
11742,49.0,Male,Delhi,Masters,49,Month-to-month,Mailed check,91.2,4418.95,2,0,1,,0
11743,25.0,Female,Mumbai,Bachelors,70,One year,Mailed check,56.97,3989.97,1,1,1,90711.48,0
11744,51.0,Male,Pune,Bachelors,34,Month-to-month,Credit card,87.16,2980.59,1,0,1,81407.26,0
11745,32.0,Male,Mumbai,Bachelors,66,One year,Electronic check,28.31,1845.03,1,1,0,45241.96,0
11746,34.0,Female,Mumbai,High School,71,Month-to-month,Electronic check,55.02,3975.01,2,1,0,46501.88,0
11747,46.0,Female,Delhi,Bachelors,41,Two year,Electronic check,88.08,3614.17,1,1,1,75957.06,0
11748,36.0,Male,Delhi,Bachelors,6,Month-to-month,Credit card,99.54,553.66,1,0,0,77550.12,0
11749,54.0,Female,Delhi,Bachelors,27,One year,Mailed check,47.99,1239.5,1,1,0,55162.21,0
11750,32.0,Female,Mumbai,PhD,55,Two year,Credit card,45.42,2487.45,1,1,1,105008.94,0
11751,34.0,Male,Chennai,High School,42,One year,Credit card,77.48,3309.83,1,1,0,,0
11752,33.0,Female,Bengaluru,PhD,68,One year,Credit card,51.29,3446.54,1,0,0,56237.32,0
11753,35.0,Female,Pune,Bachelors,59,Two year,Mailed check,59.09,3516.1,3,1,0,54110.38,0
11754,56.0,Female,Chennai,High School,4,Two year,Credit card,84.28,341.85,2,1,0,,0
11755,50.0,Female,Bengaluru,High School,62,Two year,Mailed check,53.03,3387.52,1,1,0,62699.2,0
11756,64.0,Female,Delhi,Masters,26,Two year,Mailed check,21.76,585.27,2,1,0,97635.46,0
11757,71.0,Male,Delhi,,59,Month-to-month,Mailed check,36.38,2111.51,2,0,1,91659.51,0
11758,29.0,Female,Pune,High School,37,Two year,Bank transfer,65.22,2449.96,1,1,0,70771.53,0
11759,43.0,Female,Bengaluru,Bachelors,33,Two year,Electronic check,24.0,830.5,2,1,1,84913.92,0
11760,27.0,Male,Chennai,PhD,5,One year,Mailed check,58.46,272.45,1,0,1,88105.45,0
11761,32.0,Male,Pune,Bachelors,8,One year,Credit card,34.37,216.76,1,0,1,71281.74,0
11762,34.0,Female,Mumbai,Bachelors,43,One year,Electronic check,101.08,4373.24,2,1,1,78857.61,0
11763,28.0,Male,Pune,Masters,41,Month-to-month,Electronic check,112.63,4621.01,1,0,1,83072.13,0
11764,28.0,Male,Chennai,Bachelors,40,Month-to-month,Credit card,41.72,1592.97,1,1,1,80727.33,0
11765,40.0,Female,Delhi,High School,11,One year,Credit card,70.65,789.88,1,1,0,52866.32,1
11766,26.0,Female,Pune,Bachelors,37,Month-to-month,Electronic check,43.87,1591.34,1,1,1,55090.39,1
11767,53.0,Male,Bengaluru,Bachelors,4,Month-to-month,Mailed check,58.2,157.02,1,1,0,63650.92,1
11768,30.0,Male,Delhi,High School,10,Two year,Electronic check,104.68,1029.19,2,1,1,54453.39,0
11769,79.0,Male,Mumbai,,36,Month-to-month,Electronic check,54.73,2034.43,1,1,1,37591.79,0
11770,36.0,Male,Hyderabad,Bachelors,45,Two year,Electronic check,58.71,,1,1,1,84870.94,0
11771,,Male,Chennai,High School,47,One year,Electronic check,44.26,2127.56,2,1,1,77620.98,0
11772,25.0,Female,Mumbai,Masters,71,Two year,Bank transfer,90.22,,1,1,1,40533.94,0
11773,,Female,Delhi,Bachelors,62,Month-to-month,Electronic check,10.0,649.79,2,0,1,64699.83,0
11774,57.0,Female,Mumbai,High School,27,Month-to-month,Electronic check,55.26,1496.95,1,1,1,65945.71,0
11775,46.0,Female,Bengaluru,PhD,57,One year,Electronic check,63.99,,1,1,0,74002.78,0
11776,24.0,Female,Bengaluru,Masters,6,Month-to-month,Electronic check,50.46,257.48,1,1,1,46197.71,1
11777,45.0,Male,Chennai,Bachelors,62,One year,Bank transfer,84.0,5177.64,1,0,1,40212.13,0
11778,27.0,Male,Mumbai,Bachelors,28,One year,Bank transfer,91.44,2630.39,2,1,0,81433.94,0
11779,,Male,Mumbai,Bachelors,55,Month-to-month,Credit card,33.94,1920.53,2,1,0,36252.84,0
11780,53.0,Female,Mumbai,High School,70,Two year,Electronic check,111.06,7720.21,1,1,1,64881.4,0
11781,43.0,Female,Pune,Bachelors,51,Month-to-month,Electronic check,33.69,1720.86,1,1,0,62826.3,0
11782,18.0,Male,Bengaluru,High School,67,Month-to-month,Bank transfer,93.35,6234.32,3,0,0,67287.74,0
11783,29.0,Female,Mumbai,Masters,0,Two year,Electronic check,68.3,,1,0,0,,0
11784,51.0,Female,Mumbai,,12,Month-to-month,Mailed check,53.92,620.24,1,1,0,105168.55,0
11785,58.0,Male,Mumbai,Bachelors,45,One year,Bank transfer,55.99,2589.83,2,1,1,34811.17,0
11786,56.0,Female,Hyderabad,High School,39,One year,Mailed check,64.26,2505.19,1,0,1,89284.79,0
11787,21.0,Male,Bengaluru,Bachelors,8,Month-to-month,Mailed check,69.59,567.53,3,0,1,15000.0,0
11788,,Male,Hyderabad,High School,52,Month-to-month,Mailed check,44.76,2338.73,1,1,0,,0
11789,55.0,Female,Delhi,Bachelors,4,Month-to-month,Mailed check,59.85,188.01,2,0,1,25056.87,0
11790,20.0,Male,Delhi,Bachelors,72,Month-to-month,Electronic check,48.05,3465.03,1,1,0,123600.68,0
11791,42.0,Male,Bengaluru,Bachelors,11,Month-to-month,Electronic check,38.27,474.09,1,1,1,61425.11,0
11792,46.0,Female,Mumbai,Bachelors,32,Month-to-month,Bank transfer,47.02,1578.27,1,1,0,98388.43,0
11793,38.0,Male,Delhi,High School,60,Two year,Electronic check,39.7,2324.61,4,1,1,93851.43,0
11794,18.0,Female,Mumbai,Bachelors,37,Two year,Electronic check,55.76,1987.19,1,0,1,60397.24,0
11795,38.0,Male,Hyderabad,,54,Month-to-month,Mailed check,74.51,4026.65,1,1,1,62085.52,0
11796,38.0,Male,Bengaluru,Masters,51,One year,Mailed check,67.66,3506.12,3,1,1,51582.5,0
11797,40.0,Male,Delhi,,69,Month-to-month,Electronic check,108.44,7500.34,1,0,1,87322.14,0
11798,35.0,Female,Bengaluru,Masters,33,Month-to-month,Credit card,16.37,574.22,1,0,0,60683.7,0
11799,36.0,Male,Mumbai,PhD,71,Month-to-month,Electronic check,75.33,5280.42,1,1,1,51982.36,0
11800,41.0,Female,Chennai,Bachelors,37,One year,Credit card,65.14,2381.58,2,0,1,81820.07,0
11801,48.0,Male,Hyderabad,Bachelors,65,Month-to-month,Credit card,82.94,5281.29,1,1,1,,0
11802,38.0,Female,Mumbai,Bachelors,53,Two year,Electronic check,80.76,4273.16,1,1,1,62762.39,0
11803,37.0,Female,Chennai,Bachelors,9,One year,Electronic check,61.37,444.12,3,0,1,72356.33,0
11804,43.0,Male,Delhi,Bachelors,46,One year,Electronic check,68.8,3231.43,2,1,0,55866.55,0
11805,,Female,Delhi,Masters,64,Two year,Credit card,48.63,3190.06,1,0,0,59185.93,0
11806,48.0,Female,Bengaluru,Bachelors,9,Month-to-month,Credit card,78.5,713.53,2,1,1,103769.63,0
11807,42.0,Female,Chennai,Masters,61,One year,Bank transfer,23.66,1367.63,1,1,1,65506.83,0
11808,43.0,Female,Mumbai,Bachelors,7,Month-to-month,Credit card,82.09,593.42,1,1,1,62088.21,0
11809,54.0,Male,Delhi,Masters,63,Month-to-month,Credit card,64.49,4155.83,1,0,1,66147.25,0
11810,18.0,Female,Pune,Bachelors,57,Month-to-month,Bank transfer,54.28,3117.75,2,1,0,79998.01,0
11811,18.0,Female,Pune,Bachelors,11,Month-to-month,Credit card,59.88,717.93,2,1,1,47255.0,0
11812,46.0,Male,Chennai,Masters,53,One year,Mailed check,61.5,3235.24,1,1,1,79398.74,0
11813,42.0,Female,Mumbai,Masters,8,Month-to-month,Mailed check,93.54,704.76,1,1,1,75628.04,1
11814,44.0,Male,Bengaluru,Bachelors,41,Month-to-month,Bank transfer,130.0,5326.46,1,0,0,30649.58,0
11815,36.0,Male,Delhi,Bachelors,67,Two year,Bank transfer,91.84,6056.94,2,1,1,109473.62,1
11816,,Male,Mumbai,High School,15,Month-to-month,Mailed check,52.56,901.6,2,1,0,102137.9,0
11817,54.0,Female,Mumbai,High School,12,Month-to-month,Mailed check,78.86,,2,0,1,52387.62,0
11818,48.0,Male,Chennai,High School,30,Month-to-month,Electronic check,79.81,2437.64,4,1,1,45306.62,0
11819,39.0,Male,Mumbai,Masters,26,Month-to-month,Electronic check,44.65,1137.82,2,1,1,75017.13,0
11820,18.0,Female,Delhi,High School,3,Two year,Mailed check,37.26,34.63,3,1,0,38631.01,0
11821,52.0,Female,Mumbai,Bachelors,33,Two year,Mailed check,63.61,,2,1,1,100014.22,0
11822,,Female,Bengaluru,Bachelors,18,One year,Electronic check,82.77,1433.65,1,1,1,,1
11823,50.0,Male,Hyderabad,Bachelors,9,Month-to-month,Electronic check,29.54,283.3,2,1,1,105679.75,0
11824,31.0,Female,Delhi,Masters,20,Two year,Electronic check,49.14,1004.95,1,1,0,51863.13,0
11825,51.0,Male,Chennai,Bachelors,1,One year,Credit card,77.6,81.3,1,1,1,67531.55,0
11826,53.0,Male,Mumbai,Bachelors,66,Two year,Bank transfer,65.92,4311.49,1,1,1,97878.68,0
11827,62.0,Female,Delhi,Bachelors,72,Month-to-month,Electronic check,96.16,6916.04,1,0,0,62888.73,1
11828,31.0,Male,Mumbai,Bachelors,26,One year,Bank transfer,33.95,835.2,2,1,1,75986.02,0
11829,39.0,Male,Delhi,PhD,63,Month-to-month,Mailed check,116.75,7395.71,1,1,1,94038.49,0
11830,52.0,Female,Pune,Bachelors,33,Month-to-month,Bank transfer,31.16,1056.86,1,1,1,57766.96,0
11831,43.0,Male,Hyderabad,Masters,66,Two year,Credit card,20.36,1342.69,3,0,1,42241.74,0
11832,27.0,Male,Mumbai,Masters,12,One year,Mailed check,63.7,735.98,2,0,1,37908.37,0
11833,47.0,Female,Pune,High School,20,One year,Electronic check,40.04,906.17,1,1,1,82835.52,0
11834,50.0,Female,Hyderabad,,54,Month-to-month,Credit card,64.15,3399.0,1,0,1,78553.12,0
11835,43.0,Female,Delhi,High School,16,Month-to-month,Electronic check,63.38,936.85,1,1,0,93356.59,1
11836,45.0,Male,Pune,Masters,60,Two year,Credit card,60.69,3637.3,3,1,0,63971.02,0
11837,39.0,Female,Hyderabad,Bachelors,31,Month-to-month,Credit card,46.47,1427.67,1,0,1,38523.78,0
11838,61.0,Female,Hyderabad,Bachelors,29,Month-to-month,Mailed check,74.52,2215.96,3,1,0,18239.45,1
11839,30.0,Male,Mumbai,Bachelors,33,Month-to-month,Credit card,58.02,1946.97,1,1,0,133095.18,0
11840,34.0,Male,Mumbai,Masters,58,One year,Credit card,89.28,5179.72,2,0,1,81592.31,0
11841,42.0,Male,Chennai,Bachelors,0,Month-to-month,Credit card,61.03,,1,1,0,73009.42,1
11842,53.0,Male,Hyderabad,High School,54,Month-to-month,Electronic check,43.78,2388.23,1,1,0,76130.07,0
11843,23.0,Male,Chennai,Bachelors,56,One year,Electronic check,27.87,1665.9,1,1,1,38510.54,0
11844,25.0,Female,Hyderabad,Bachelors,59,One year,Mailed check,61.21,3624.06,1,0,0,52512.82,0
11845,18.0,Female,Pune,Bachelors,72,One year,Bank transfer,37.08,2635.71,4,1,1,108353.26,0
11846,42.0,Male,Delhi,High School,57,Month-to-month,Mailed check,35.3,2022.03,2,0,0,84483.64,0
11847,27.0,Female,Delhi,High School,38,Month-to-month,Electronic check,76.6,2779.87,1,1,1,53200.85,0
11848,37.0,Male,Mumbai,High School,34,Month-to-month,Mailed check,25.89,878.63,2,1,1,43010.06,0
11849,51.0,Male,Mumbai,Masters,28,Month-to-month,Electronic check,96.07,2744.61,1,1,1,58654.73,0
11850,34.0,Female,Bengaluru,High School,60,Month-to-month,Mailed check,68.51,4140.71,3,1,0,63060.53,0
11851,,Male,Bengaluru,Bachelors,28,Two year,Electronic check,64.04,1808.05,1,0,1,115081.21,1
11852,38.0,Female,Mumbai,High School,41,Two year,Mailed check,42.24,1764.3,1,1,0,65858.12,0
11853,51.0,Male,Bengaluru,High School,7,Month-to-month,Bank transfer,81.82,627.9,1,1,1,43829.86,0
11854,48.0,Male,Delhi,Bachelors,23,One year,Mailed check,64.94,1564.88,1,1,0,68710.75,0
11855,,Female,Delhi,Masters,19,Month-to-month,Electronic check,49.91,970.66,3,1,0,75815.45,0
11856,40.0,Male,Bengaluru,,31,Month-to-month,Mailed check,69.4,2135.59,1,0,0,41827.98,0
11857,56.0,Male,Delhi,Bachelors,36,One year,Electronic check,27.98,891.6,1,1,0,78847.64,0
11858,47.0,Female,Hyderabad,Masters,52,Month-to-month,Electronic check,29.02,1557.95,2,0,0,96596.15,0
11859,24.0,Female,Bengaluru,Bachelors,31,Month-to-month,Bank transfer,40.36,1276.92,1,1,0,73050.77,0
11860,51.0,Female,Delhi,Masters,10,Month-to-month,Bank transfer,72.69,734.53,1,1,1,52464.57,0
11861,28.0,Female,Delhi,High School,39,One year,Electronic check,64.93,2497.87,2,1,1,58364.85,0
11862,60.0,Male,Mumbai,High School,3,One year,Credit card,88.08,312.5,1,1,1,,0
11863,55.0,Male,Chennai,Bachelors,61,Month-to-month,Credit card,44.76,2717.5,2,1,0,67055.62,0
11864,46.0,Female,Pune,Bachelors,56,Month-to-month,Credit card,77.64,4346.12,2,1,0,76837.16,0
11865,44.0,Male,Mumbai,Bachelors,16,Month-to-month,Mailed check,62.49,997.04,1,0,1,50274.08,0
11866,39.0,Female,Delhi,Masters,19,Month-to-month,Mailed check,44.25,863.24,1,0,0,112673.4,0
11867,51.0,Male,Chennai,High School,2,Month-to-month,Bank transfer,73.48,89.53,1,1,1,,0
11868,37.0,Female,Hyderabad,Masters,26,One year,Bank transfer,63.55,1680.43,1,1,1,30558.9,0
11869,45.0,Female,Delhi,Bachelors,2,One year,Bank transfer,51.16,66.28,2,1,0,,0
11870,53.0,Male,Bengaluru,Masters,68,One year,Mailed check,65.92,4448.27,2,1,1,48351.48,0
11871,35.0,Male,Pune,Bachelors,9,Month-to-month,Electronic check,62.15,603.61,1,1,1,104610.08,0
11872,34.0,Female,Mumbai,Bachelors,48,One year,Credit card,61.62,2908.01,2,1,1,89600.28,0
11873,26.0,Male,Hyderabad,Bachelors,41,Two year,Mailed check,55.92,2336.89,1,1,1,105721.67,0
11874,28.0,Male,Chennai,Bachelors,17,Month-to-month,Bank transfer,36.29,622.0,3,0,0,70224.6,0
11875,18.0,Male,Mumbai,Masters,58,Month-to-month,Mailed check,66.64,3782.71,1,0,1,65391.23,0
11876,51.0,Male,Pune,,7,Two year,Mailed check,47.34,399.6,2,0,0,42554.79,0
11877,66.0,Male,Pune,High School,64,One year,Bank transfer,42.55,2738.71,1,0,0,77693.05,0
11878,61.0,Male,Hyderabad,Masters,54,Month-to-month,Bank transfer,59.7,3243.51,1,0,1,65684.3,0
11879,21.0,Male,Bengaluru,Bachelors,46,One year,Electronic check,81.15,3783.26,1,1,0,64837.21,0
11880,51.0,Female,Bengaluru,Bachelors,64,Month-to-month,Electronic check,69.08,4496.08,3,0,1,,0
11881,60.0,Male,Bengaluru,Bachelors,29,Month-to-month,Electronic check,53.31,,2,1,1,67220.4,0
11882,36.0,Female,Mumbai,Bachelors,20,One year,Bank transfer,52.43,1079.46,2,1,0,99281.59,0
11883,43.0,Female,Delhi,Bachelors,11,One year,Mailed check,78.99,887.45,1,1,0,35062.36,0
11884,18.0,Male,Mumbai,PhD,67,Month-to-month,Electronic check,12.27,804.95,2,1,1,129138.47,0
11885,45.0,Female,Delhi,Bachelors,29,Month-to-month,Electronic check,82.54,2314.49,1,1,0,61788.05,0
11886,28.0,Male,Hyderabad,High School,60,Two year,Credit card,23.77,1436.95,2,0,0,85558.05,0
11887,,Male,Chennai,Bachelors,24,One year,Electronic check,33.86,881.59,1,1,1,89058.0,0
11888,22.0,Female,Delhi,Bachelors,69,Month-to-month,Mailed check,53.69,3733.78,2,1,0,59058.15,0
11889,49.0,Male,Bengaluru,Bachelors,63,Month-to-month,Mailed check,112.74,7049.25,2,1,0,88018.66,1
11890,55.0,Male,Bengaluru,Masters,22,One year,Mailed check,101.9,2296.68,1,1,0,89162.07,0
11891,32.0,Female,Bengaluru,PhD,35,Month-to-month,Electronic check,80.54,2803.43,2,1,0,54310.82,0
11892,,Female,Hyderabad,PhD,57,Month-to-month,Bank transfer,72.84,4047.28,1,1,1,,0
11893,,Male,Mumbai,High School,16,Two year,Electronic check,24.03,435.38,1,0,1,70996.75,0
11894,39.0,Male,Mumbai,High School,1,One year,Bank transfer,68.45,21.18,1,1,0,67459.13,0
11895,34.0,Female,Delhi,High School,21,Two year,Mailed check,52.92,1200.36,1,1,0,100648.86,0
11896,22.0,Male,Pune,Masters,43,Month-to-month,Mailed check,47.03,2079.68,1,1,1,85458.7,0
11897,48.0,Male,Pune,Masters,9,Month-to-month,Mailed check,68.41,604.3,2,1,1,68450.68,0
11898,36.0,Female,Bengaluru,High School,24,Two year,Credit card,54.64,1334.33,2,1,1,,0
11899,28.0,Male,Bengaluru,Bachelors,67,Two year,Mailed check,84.12,5757.24,1,0,0,24973.63,0
11900,35.0,Male,Bengaluru,Masters,5,One year,Electronic check,22.41,162.05,4,1,1,56463.16,0
11901,56.0,Female,Delhi,High School,3,Month-to-month,Mailed check,66.65,211.86,3,1,0,76332.06,0
11902,50.0,Female,Delhi,Bachelors,30,One year,Mailed check,45.66,1514.26,1,1,0,,0
11903,40.0,Male,Mumbai,Bachelors,0,Month-to-month,Electronic check,55.99,,1,1,1,74394.93,0
11904,50.0,Female,Mumbai,High School,2,Two year,Credit card,71.7,,3,1,0,102081.26,0
11905,27.0,Female,Pune,Bachelors,13,One year,Electronic check,40.42,478.65,1,0,1,89094.68,0
11906,,Female,Hyderabad,Masters,7,Month-to-month,Credit card,68.61,396.53,1,1,1,59256.75,0
11907,44.0,Male,Hyderabad,High School,59,Month-to-month,Mailed check,60.33,3545.08,3,0,1,66919.33,0
11908,36.0,Female,Chennai,Bachelors,8,Month-to-month,Bank transfer,50.47,405.68,2,0,1,78985.28,0
11909,48.0,Female,Bengaluru,Masters,38,One year,Bank transfer,54.65,2093.16,2,0,0,60130.02,0
11910,32.0,Female,Hyderabad,Bachelors,51,Month-to-month,Electronic check,61.6,3070.61,3,1,1,103688.38,0
11911,49.0,Female,Chennai,High School,45,Month-to-month,Mailed check,48.11,2197.98,1,1,1,889578.11,0
11912,49.0,Male,Mumbai,Bachelors,47,Month-to-month,Electronic check,65.16,3021.0,2,0,0,76954.34,0
11913,,Male,Mumbai,Bachelors,26,Month-to-month,Electronic check,58.88,1561.32,2,1,1,86179.83,1
11914,57.0,Female,Bengaluru,Bachelors,64,One year,Bank transfer,51.55,3345.95,1,1,1,63104.17,0
11915,18.0,Male,Mumbai,High School,5,Month-to-month,Electronic check,99.98,480.12,1,1,1,58146.41,1
11916,34.0,Female,Hyderabad,PhD,7,Month-to-month,Bank transfer,74.14,470.79,1,1,0,68326.21,1
11917,55.0,Female,Chennai,Bachelors,62,Month-to-month,Mailed check,56.58,3585.14,2,1,1,,0
11918,38.0,Male,Chennai,High School,4,Two year,Credit card,68.21,316.49,2,1,0,,0
11919,23.0,Female,Delhi,High School,14,Month-to-month,Credit card,42.41,601.34,3,1,0,46483.73,1
11920,28.0,Female,Mumbai,Masters,12,Month-to-month,Electronic check,55.39,738.1,1,1,0,95312.87,0
11921,55.0,Female,Pune,Masters,2,Month-to-month,Credit card,57.96,120.08,2,1,1,78784.52,0
11922,18.0,Female,Pune,Bachelors,8,Month-to-month,Electronic check,37.57,,1,1,1,92172.86,0
11923,57.0,Female,Delhi,Bachelors,41,One year,Mailed check,73.52,2964.23,3,1,1,86705.3,0
11924,41.0,Male,Chennai,High School,48,Month-to-month,Credit card,53.88,2580.85,2,1,0,117957.56,0
11925,26.0,Female,Chennai,High School,6,Two year,Electronic check,57.18,381.67,2,1,0,94529.38,0
11926,34.0,Male,Delhi,Masters,68,One year,Bank transfer,52.49,3638.81,1,1,1,54070.25,0
11927,29.0,Female,Delhi,Bachelors,6,One year,Electronic check,130.0,781.18,1,1,1,80345.9,0
11928,53.0,Female,Pune,High School,50,Month-to-month,Credit card,50.42,2581.66,1,0,0,57735.25,0
11929,52.0,Female,Hyderabad,Bachelors,58,Month-to-month,Mailed check,19.49,1119.71,2,1,0,60009.22,0
11930,20.0,Male,Bengaluru,Bachelors,38,Month-to-month,Electronic check,29.8,1093.32,1,1,0,38924.99,0
11931,37.0,Male,Pune,PhD,35,Two year,Electronic check,81.7,2794.18,2,0,1,63705.51,0
11932,31.0,Female,Chennai,High School,7,Two year,Bank transfer,94.4,635.49,1,1,1,81990.75,1
11933,59.0,Male,Mumbai,Bachelors,17,Month-to-month,Bank transfer,50.0,786.57,1,0,1,68547.52,0
11934,24.0,Female,Bengaluru,Masters,62,Two year,Bank transfer,93.14,5875.16,1,0,0,45813.9,0
11935,,Female,Chennai,Masters,25,One year,Mailed check,81.31,2054.71,1,1,0,36493.57,0
11936,42.0,Male,Mumbai,Masters,2,One year,Mailed check,60.83,116.88,1,0,0,,0
11937,27.0,Male,Mumbai,Bachelors,53,Two year,Bank transfer,59.27,3227.41,1,1,0,77153.54,0
11938,33.0,Male,Chennai,Bachelors,49,Two year,Electronic check,68.98,3314.91,1,0,0,51870.48,0
11939,32.0,Female,Chennai,High School,4,One year,Electronic check,84.3,330.34,2,0,1,80159.24,0
11940,25.0,Male,Mumbai,PhD,3,Month-to-month,Electronic check,73.74,321.2,1,1,0,118162.09,0
11941,43.0,Male,Mumbai,High School,8,One year,Credit card,50.11,393.68,2,1,0,83650.17,0
11942,26.0,Female,Chennai,Bachelors,3,Month-to-month,Mailed check,61.17,305.85,2,1,0,15000.0,0
11943,18.0,Female,Mumbai,High School,44,Month-to-month,Electronic check,108.59,4817.24,1,0,0,128350.42,0
11944,37.0,Female,Mumbai,Bachelors,9,Two year,Credit card,70.53,700.07,1,1,1,,0
11945,19.0,Female,Pune,Bachelors,44,Month-to-month,Mailed check,84.13,3768.46,1,1,0,65467.74,1
11946,32.0,Female,Chennai,Bachelors,12,Month-to-month,Electronic check,76.88,922.64,1,0,0,45065.11,0
11947,30.0,Female,Delhi,Bachelors,70,Month-to-month,Mailed check,71.01,,1,1,1,53719.95,0
11948,31.0,Female,Bengaluru,Bachelors,52,One year,Credit card,67.39,3498.51,2,1,0,76257.01,0
11949,68.0,Female,Delhi,PhD,27,Month-to-month,Credit card,84.74,2238.63,1,1,0,,0
11950,43.0,Female,Delhi,Bachelors,31,Two year,Bank transfer,80.81,2501.81,3,1,1,68014.6,1
11951,45.0,Female,Pune,PhD,4,One year,Bank transfer,70.81,283.02,2,1,0,95241.53,0
11952,19.0,Female,Bengaluru,High School,4,Month-to-month,Mailed check,49.74,283.42,1,0,1,51448.71,0
11953,33.0,Female,Bengaluru,Bachelors,39,Month-to-month,Credit card,73.48,2895.38,2,1,1,39413.73,0
11954,45.0,Male,Delhi,High School,1,Month-to-month,Credit card,63.53,181.66,1,1,0,66935.29,0
11955,29.0,Female,Bengaluru,Bachelors,46,Month-to-month,Electronic check,58.22,2570.14,1,1,1,62556.49,0
11956,54.0,Male,Delhi,PhD,27,Month-to-month,Mailed check,123.93,3285.26,4,1,0,56904.99,0
11957,26.0,Male,Delhi,High School,10,Month-to-month,Electronic check,31.14,293.63,1,0,1,43856.39,0
11958,38.0,Male,Bengaluru,Bachelors,39,Month-to-month,Bank transfer,86.09,3432.13,1,1,0,81422.06,1
11959,34.0,Male,Chennai,Masters,40,Month-to-month,Electronic check,46.02,1835.32,3,1,1,83095.8,0
11960,,Male,Chennai,High School,54,Month-to-month,Mailed check,67.89,3592.67,3,0,0,46555.77,0
11961,34.0,Male,Mumbai,Bachelors,14,Two year,Credit card,121.51,1688.88,1,1,1,49600.42,0
11962,38.0,Female,Bengaluru,High School,39,Two year,Mailed check,43.83,1649.49,2,1,1,73002.82,0
11963,39.0,Female,Delhi,Bachelors,61,Month-to-month,Electronic check,49.07,2923.59,2,1,0,48770.62,0
11964,32.0,Male,Bengaluru,Masters,19,One year,Electronic check,64.61,1327.53,2,1,0,612309.25,0
11965,48.0,Male,Chennai,High School,60,Month-to-month,Credit card,46.36,2764.02,1,0,1,102297.02,0
11966,45.0,Male,Chennai,Masters,52,One year,Bank transfer,84.45,4400.06,2,0,1,68683.9,0
11967,41.0,Female,Delhi,Masters,31,Two year,Bank transfer,53.24,1645.79,1,0,0,43300.44,0
11968,36.0,Male,Hyderabad,High School,64,One year,Mailed check,79.39,5068.39,1,1,1,78626.28,0
11969,52.0,Male,Mumbai,Bachelors,70,One year,Mailed check,35.76,2461.17,1,0,1,66091.6,0
11970,39.0,Male,Mumbai,Bachelors,17,Two year,Bank transfer,25.25,413.72,1,1,1,66696.55,0
11971,38.0,Male,Mumbai,Bachelors,71,Month-to-month,Credit card,59.96,4274.02,1,1,1,80457.1,0
11972,43.0,Female,Delhi,Bachelors,0,One year,Mailed check,30.49,,1,1,1,85202.82,0
11973,64.0,Female,Bengaluru,Bachelors,9,Month-to-month,Electronic check,98.4,932.97,1,0,0,70781.05,0
11974,25.0,Male,Delhi,Masters,3,Month-to-month,Mailed check,31.34,33.07,3,0,0,68665.03,0
11975,52.0,Male,Bengaluru,High School,26,One year,Bank transfer,42.17,1145.85,1,1,1,115397.91,0
11976,18.0,Female,Mumbai,Bachelors,68,Month-to-month,Electronic check,74.1,,1,1,1,96412.19,0
11977,45.0,Female,Bengaluru,High School,43,Month-to-month,Mailed check,52.1,2209.06,2,0,1,88338.01,0
11978,62.0,Female,Delhi,Bachelors,45,Month-to-month,Mailed check,31.6,1431.1,1,0,0,72886.53,0
11979,48.0,Female,Delhi,High School,6,Two year,Credit card,109.88,,2,1,0,47873.65,0
11980,44.0,Female,Bengaluru,High School,37,Month-to-month,Mailed check,42.96,1591.87,1,1,0,94802.5,0
11981,35.0,Male,Mumbai,High School,27,Month-to-month,Bank transfer,60.68,1662.37,2,1,1,73174.47,0
11982,42.0,Male,Delhi,PhD,34,Month-to-month,Mailed check,60.4,2010.45,1,1,0,57302.28,1
11983,39.0,Female,Hyderabad,High School,19,Two year,Credit card,80.63,1631.61,1,1,0,64650.91,0
11984,32.0,Male,Delhi,Bachelors,14,Month-to-month,Credit card,75.17,955.92,2,0,0,48743.98,0
11985,38.0,Male,Hyderabad,Bachelors,69,Month-to-month,Electronic check,46.81,3258.78,1,1,0,93261.24,0
11986,45.0,Female,Mumbai,High School,40,Month-to-month,Electronic check,57.83,2331.54,1,0,0,85026.82,0
11987,32.0,Female,Hyderabad,Masters,30,One year,Bank transfer,60.01,1832.45,1,0,1,73995.91,0
11988,32.0,Male,Mumbai,High School,5,Two year,Bank transfer,81.48,371.98,2,1,1,69058.72,0
11989,24.0,Male,Pune,Masters,55,Month-to-month,Bank transfer,39.3,2219.96,1,0,0,,0
11990,47.0,Male,Mumbai,High School,34,Month-to-month,Mailed check,109.4,3714.2,2,1,1,23138.4,0
11991,49.0,Male,Pune,Bachelors,28,Month-to-month,Bank transfer,48.3,1293.09,2,1,1,38915.61,0
11992,45.0,Male,Mumbai,Masters,48,Month-to-month,Bank transfer,64.81,,1,1,1,53661.8,0
11993,55.0,Male,Hyderabad,High School,9,Two year,Mailed check,39.48,361.56,3,1,1,50354.74,0
11994,43.0,Female,Delhi,Masters,38,Month-to-month,Electronic check,36.44,1304.89,2,0,0,,0
11995,47.0,Male,Mumbai,Bachelors,63,Two year,Credit card,45.76,2972.91,1,1,0,87852.86,0
11996,46.0,Female,Mumbai,Bachelors,33,Month-to-month,Mailed check,43.65,1492.9,1,1,1,67174.34,0
11997,41.0,Female,Mumbai,High School,0,Month-to-month,Electronic check,55.89,,1,1,1,100996.17,0
11998,35.0,Male,Delhi,High School,16,One year,Credit card,43.46,781.43,3,0,1,52776.25,0
11999,71.0,Male,Bengaluru,Masters,4,One year,Bank transfer,80.3,303.6,1,1,1,67018.18,0
12000,36.0,Female,Bengaluru,High School,36,Month-to-month,Bank transfer,47.77,1676.25,1,0,1,68878.28,0
12001,33.0,Male,Bengaluru,Bachelors,26,Two year,Credit card,45.34,1044.95,3,0,1,,0
12002,48.0,Male,Mumbai,Bachelors,9,Month-to-month,Electronic check,56.35,486.84,2,0,1,72329.52,0
12003,,Male,Hyderabad,High School,50,Two year,Bank transfer,86.84,4430.28,1,1,0,72938.52,0
12004,24.0,Female,Chennai,Bachelors,12,Month-to-month,Electronic check,69.73,795.37,2,0,0,33593.45,0
12005,57.0,Female,Mumbai,High School,24,Month-to-month,Credit card,62.81,1496.94,2,0,1,50202.05,0
12006,41.0,Female,Chennai,High School,72,Two year,Electronic check,33.47,2382.11,1,1,0,94110.95,0
12007,28.0,Male,Delhi,Bachelors,4,Month-to-month,Electronic check,39.86,178.19,1,1,1,24342.47,0
12008,57.0,Female,Delhi,Bachelors,18,Month-to-month,Electronic check,36.87,727.96,2,0,1,99545.84,0
12009,50.0,Female,Chennai,Masters,23,Two year,Mailed check,93.75,2079.29,1,1,0,80992.62,0
12010,26.0,Female,Hyderabad,Bachelors,37,Month-to-month,Electronic check,76.67,2769.4,4,1,1,53554.53,0
12011,65.0,Female,Bengaluru,Bachelors,17,One year,Bank transfer,46.04,857.01,1,0,1,51694.92,0
12012,51.0,Male,Delhi,High School,70,Month-to-month,Bank transfer,52.58,3717.25,2,0,1,111711.02,0
12013,,Male,Bengaluru,Bachelors,0,Month-to-month,Electronic check,46.84,,2,1,0,101050.93,0
12014,63.0,Male,Bengaluru,Bachelors,69,Month-to-month,Credit card,45.51,3225.54,1,1,0,67372.3,0
12015,44.0,Female,Pune,Masters,39,Month-to-month,Credit card,75.13,2861.82,1,1,1,72961.02,0
12016,42.0,Female,Chennai,High School,2,Month-to-month,Electronic check,58.67,163.9,4,1,1,55784.01,0
12017,33.0,Male,Mumbai,Bachelors,8,Month-to-month,Electronic check,110.79,,2,1,1,72965.25,1
12018,,Male,Delhi,Bachelors,7,One year,Bank transfer,92.51,677.9,1,1,0,55174.12,0
12019,48.0,Female,Bengaluru,Bachelors,20,Month-to-month,Electronic check,93.81,1756.84,1,1,0,68272.05,1
12020,42.0,Male,Hyderabad,Bachelors,24,Month-to-month,Mailed check,79.77,1901.44,1,1,1,109827.25,1
12021,32.0,Female,Mumbai,High School,46,Two year,Bank transfer,55.7,2599.04,1,1,1,67896.49,0
12022,44.0,Female,Chennai,High School,22,Month-to-month,Bank transfer,78.15,1716.13,1,1,1,46943.52,0
12023,41.0,Female,Bengaluru,High School,52,Two year,Bank transfer,57.33,3043.92,2,1,1,39939.81,0
12024,25.0,Male,Mumbai,Bachelors,21,One year,Credit card,100.87,2179.36,1,1,0,72796.59,0
12025,,Female,Mumbai,High School,19,Two year,Bank transfer,73.89,1355.98,2,0,0,53260.31,1
12026,49.0,Male,Hyderabad,Masters,20,Two year,Electronic check,70.77,1456.6,3,1,0,,0
12027,18.0,Male,Hyderabad,Bachelors,24,Month-to-month,Electronic check,67.8,1577.57,4,1,0,34370.93,0
12028,45.0,Male,Delhi,Masters,61,One year,Bank transfer,103.29,6303.39,2,1,0,85185.5,0
12029,36.0,Male,Mumbai,Masters,18,Month-to-month,Bank transfer,33.46,635.09,1,0,1,,0
12030,59.0,Female,Mumbai,Bachelors,19,Month-to-month,Bank transfer,105.44,1961.6,1,0,0,71018.54,0
12031,36.0,Female,Delhi,Bachelors,69,Month-to-month,Mailed check,60.9,4241.45,1,1,1,62557.33,0
12032,51.0,Male,Bengaluru,,47,Month-to-month,Bank transfer,34.06,1575.55,1,0,1,107804.56,0
12033,37.0,Female,Mumbai,Masters,13,Month-to-month,Credit card,48.45,600.82,3,1,0,73772.76,0
12034,43.0,Female,Chennai,Bachelors,63,Two year,Mailed check,28.68,1842.17,2,1,1,112800.38,0
12035,52.0,Male,Mumbai,Bachelors,13,Month-to-month,Electronic check,79.38,990.14,2,1,0,82336.33,0
12036,36.0,Male,Chennai,High School,11,One year,Credit card,42.16,419.42,1,1,0,101358.93,0
12037,,Female,Pune,Bachelors,32,Two year,Credit card,68.71,2250.78,1,1,0,65406.44,0
12038,29.0,Female,Mumbai,Bachelors,50,Month-to-month,Electronic check,89.95,4502.93,3,1,0,,0
12039,46.0,Male,Pune,High School,13,Month-to-month,Mailed check,50.22,580.15,1,0,1,96810.16,0
12040,54.0,Female,Hyderabad,Bachelors,54,One year,Bank transfer,59.1,3234.18,1,1,1,89909.12,0
12041,51.0,Female,Chennai,Bachelors,11,Two year,Electronic check,36.33,379.3,2,1,1,81681.85,0
12042,67.0,Male,Delhi,Bachelors,57,Two year,Electronic check,56.46,3148.07,2,0,1,62785.43,0
12043,32.0,Male,Chennai,Bachelors,6,Month-to-month,Electronic check,121.63,604.41,1,0,1,66506.92,0
12044,24.0,Female,Bengaluru,Bachelors,33,Two year,Bank transfer,82.11,2754.8,1,1,1,95028.56,0
12045,29.0,Male,Mumbai,Bachelors,46,Month-to-month,Electronic check,59.18,2679.28,2,1,1,99610.05,0
12046,51.0,Male,Pune,Bachelors,19,Month-to-month,Electronic check,51.54,917.07,3,1,1,56957.02,0
12047,48.0,Female,Pune,Bachelors,44,Month-to-month,Electronic check,64.06,2850.61,1,0,0,53637.3,0
12048,43.0,Male,Mumbai,Masters,50,One year,Bank transfer,67.86,3433.29,2,0,1,50109.06,0
12049,,Male,Delhi,High School,47,Month-to-month,Credit card,55.78,2582.3,1,1,1,88253.41,0
12050,52.0,Male,Pune,Masters,28,One year,Bank transfer,76.66,2192.11,2,0,0,49551.55,0
12051,26.0,Male,Bengaluru,High School,56,Month-to-month,Electronic check,44.02,2567.86,2,1,1,87987.27,0
12052,57.0,Female,Bengaluru,Bachelors,53,Month-to-month,Credit card,43.92,2395.09,2,1,1,82005.19,0
12053,79.0,Male,Mumbai,High School,23,Two year,Credit card,73.14,1741.77,2,1,1,58007.98,0
12054,47.0,Male,Delhi,Masters,53,One year,Electronic check,39.29,,1,1,0,104404.9,0
12055,50.0,Female,Bengaluru,High School,67,Month-to-month,Credit card,81.04,5407.49,1,1,0,37830.3,0
12056,36.0,Male,Hyderabad,Bachelors,59,One year,Mailed check,64.69,3813.92,2,1,0,106509.72,0
12057,18.0,Male,Delhi,Bachelors,53,Month-to-month,Electronic check,24.79,1335.91,1,1,1,,0
12058,34.0,Female,Bengaluru,High School,55,Month-to-month,Bank transfer,67.41,3644.67,2,1,1,24383.74,0
12059,28.0,Female,Mumbai,PhD,58,Month-to-month,Mailed check,27.93,1581.47,1,1,1,,0
12060,23.0,Female,Hyderabad,High School,21,Two year,Credit card,80.25,1613.86,1,0,1,91388.68,0
12061,64.0,Male,Mumbai,High School,52,Month-to-month,Mailed check,59.53,3107.32,2,1,0,60579.34,0
12062,46.0,Male,Bengaluru,Bachelors,14,Month-to-month,Credit card,105.72,1484.23,1,0,0,48776.15,0
12063,47.0,Male,Chennai,Bachelors,26,One year,Credit card,88.57,2270.18,3,1,1,35480.53,0
12064,,Male,Hyderabad,Bachelors,68,Month-to-month,Electronic check,41.66,2873.9,1,1,0,123139.82,0
12065,,Female,Mumbai,High School,20,Month-to-month,Bank transfer,20.54,358.57,1,1,1,49685.6,0
12066,55.0,Male,Chennai,Bachelors,61,Month-to-month,Mailed check,48.39,2917.3,1,1,0,42201.05,0
12067,42.0,Male,Mumbai,Bachelors,30,Two year,Electronic check,38.13,1182.93,1,1,1,75894.22,1
12068,,Male,Mumbai,Masters,15,Month-to-month,Mailed check,105.17,1623.99,2,0,1,33966.34,0
12069,39.0,Male,Chennai,Bachelors,7,Month-to-month,Credit card,64.77,413.6,1,0,0,48405.94,1
12070,38.0,Male,Mumbai,High School,40,Month-to-month,Bank transfer,85.54,3433.2,1,0,1,,0
12071,,Male,Delhi,Masters,32,Month-to-month,Bank transfer,58.73,1840.42,4,1,1,80212.63,0
12072,18.0,Female,Pune,High School,37,Month-to-month,Electronic check,61.05,2248.98,1,0,0,,0
12073,39.0,Male,Mumbai,Bachelors,3,One year,Bank transfer,64.28,200.03,1,1,1,70402.75,0
12074,43.0,Female,Chennai,Masters,19,One year,Bank transfer,89.34,1725.48,3,0,1,60265.65,0
12075,25.0,Female,Bengaluru,Masters,0,One year,Credit card,71.86,,2,1,0,68636.05,1
12076,,Male,Delhi,High School,22,Month-to-month,Credit card,41.74,931.94,1,1,0,53240.15,0
12077,43.0,Male,Delhi,Masters,67,Month-to-month,Electronic check,100.7,6692.98,4,1,0,57234.73,0
12078,18.0,Male,Delhi,Masters,11,Month-to-month,Credit card,58.56,663.57,1,1,0,56565.08,1
12079,30.0,Female,Chennai,Masters,50,Two year,Credit card,54.98,2776.55,1,1,0,54031.06,0
12080,47.0,Male,Chennai,Masters,0,One year,Electronic check,10.0,,1,1,0,92966.04,0
12081,47.0,Male,Delhi,High School,41,Month-to-month,Bank transfer,78.96,3201.38,3,0,0,86942.58,0
12082,27.0,Female,Hyderabad,Masters,67,One year,Electronic check,67.22,4549.52,1,1,1,49488.01,0
12083,44.0,Male,Bengaluru,High School,24,Month-to-month,Bank transfer,67.2,1546.94,2,1,0,43723.34,1
12084,55.0,Female,Hyderabad,Bachelors,14,Two year,Electronic check,56.14,764.42,1,0,1,66539.91,0
12085,52.0,Male,Mumbai,Bachelors,41,One year,Bank transfer,52.35,,1,1,0,117416.33,0
12086,41.0,Male,Delhi,Bachelors,20,Month-to-month,Electronic check,56.87,1074.28,3,1,1,47390.49,0
12087,36.0,Female,Delhi,High School,65,Month-to-month,Credit card,75.19,4872.81,4,1,0,66453.06,0
12088,34.0,Female,Bengaluru,High School,61,Month-to-month,Electronic check,79.06,4833.73,1,1,0,71951.85,0
12089,48.0,Male,Mumbai,Masters,47,Month-to-month,Electronic check,59.92,2724.95,1,1,1,67609.87,0
12090,45.0,Female,Bengaluru,Bachelors,46,Month-to-month,Electronic check,85.88,3930.75,2,1,1,59919.38,0
12091,,Male,Pune,Bachelors,43,Month-to-month,Mailed check,63.26,2632.76,1,0,1,95411.76,0
12092,44.0,Male,Mumbai,Masters,53,One year,Bank transfer,53.91,2959.31,1,1,1,79998.09,0
12093,53.0,Male,Bengaluru,Masters,33,Month-to-month,Mailed check,69.37,2299.83,1,1,0,88607.72,0
12094,43.0,Male,Mumbai,High School,70,Month-to-month,Mailed check,35.09,2462.59,3,0,0,82966.36,0
12095,52.0,Male,Bengaluru,Bachelors,25,Month-to-month,Credit card,70.12,1764.6,1,1,1,89666.86,0
12096,53.0,Female,Mumbai,Masters,0,Month-to-month,Bank transfer,31.07,,1,0,1,104856.93,0
12097,32.0,Male,Pune,Bachelors,50,Month-to-month,Mailed check,42.39,2168.41,1,0,1,99282.97,0
12098,18.0,Female,Delhi,High School,48,One year,Mailed check,20.59,910.14,1,0,1,121145.69,0
12099,62.0,Male,Pune,High School,71,Month-to-month,Credit card,61.15,4407.16,1,0,0,96781.51,0
12100,45.0,Male,Mumbai,PhD,28,Month-to-month,Electronic check,100.41,2873.77,1,1,1,55272.17,1
12101,20.0,Female,Chennai,Bachelors,31,Two year,Electronic check,62.42,1931.7,2,1,1,88640.86,0
12102,33.0,Male,Delhi,Masters,41,Month-to-month,Mailed check,79.16,3239.62,1,0,0,85629.57,0
12103,52.0,Male,Mumbai,Bachelors,28,Month-to-month,Bank transfer,116.75,3113.86,1,1,0,112246.49,0
12104,38.0,Male,Chennai,Bachelors,57,Month-to-month,Electronic check,73.89,4149.53,3,1,0,48722.51,0
12105,35.0,Male,Delhi,Masters,31,Month-to-month,Credit card,48.17,1519.21,1,0,0,82274.92,0
12106,60.0,Male,Bengaluru,Bachelors,57,One year,Electronic check,51.19,2977.86,1,0,1,55016.45,1
12107,28.0,Female,Hyderabad,Masters,31,One year,Bank transfer,65.01,2051.75,1,0,0,81275.99,0
12108,32.0,Male,Delhi,Bachelors,16,Month-to-month,Electronic check,51.08,,2,1,1,65275.57,0
12109,45.0,Male,Mumbai,Masters,72,Month-to-month,Credit card,52.72,3892.13,2,1,0,80548.31,0
12110,,Male,Pune,Bachelors,38,Month-to-month,Mailed check,86.68,3344.1,2,1,0,38972.56,0
12111,48.0,Male,Bengaluru,Bachelors,51,Month-to-month,Electronic check,87.58,4446.89,2,0,1,87450.98,0
12112,54.0,Female,Chennai,Bachelors,43,Two year,Electronic check,28.77,1346.22,1,0,1,74533.31,0
12113,45.0,Female,Hyderabad,Masters,26,Month-to-month,Electronic check,47.0,1167.19,4,1,1,73348.24,0
12114,48.0,Male,Chennai,Masters,70,Two year,Mailed check,54.79,3761.71,1,0,1,112905.02,0
12115,39.0,Male,Bengaluru,Bachelors,27,Month-to-month,Electronic check,78.18,2089.8,1,1,1,61585.37,0
12116,43.0,Male,Mumbai,Bachelors,72,One year,Bank transfer,90.15,6452.87,1,1,0,77529.84,0
12117,43.0,Male,Chennai,High School,31,Month-to-month,Mailed check,124.44,3839.39,1,1,1,72205.96,1
12118,45.0,Female,Chennai,High School,1,Two year,Mailed check,54.76,94.66,1,0,0,74356.86,0
12119,52.0,Male,Hyderabad,Masters,2,One year,Electronic check,55.85,110.0,1,1,1,118879.69,0
12120,49.0,Female,Chennai,Bachelors,71,One year,Mailed check,77.95,5534.04,2,1,1,71403.76,0
12121,43.0,Female,Mumbai,Bachelors,38,Month-to-month,Credit card,49.99,1902.56,2,1,0,57519.84,0
12122,31.0,Female,Delhi,Bachelors,28,Month-to-month,Mailed check,61.9,1617.58,2,1,1,111159.86,0
12123,43.0,Male,Mumbai,High School,59,One year,Credit card,55.87,3220.57,1,1,1,63230.85,0
12124,42.0,Male,Bengaluru,Bachelors,45,Month-to-month,Electronic check,10.0,430.73,1,0,0,34686.08,0
12125,45.0,Female,Delhi,Masters,48,One year,Electronic check,67.71,3207.93,2,1,1,53701.44,0
12126,71.0,Female,Mumbai,Bachelors,50,Month-to-month,Credit card,60.99,3037.91,1,1,1,42575.08,0
12127,35.0,Female,Bengaluru,Bachelors,14,One year,Bank transfer,92.97,1371.79,1,1,0,30400.76,0
12128,47.0,Male,Delhi,Bachelors,6,Month-to-month,Bank transfer,65.12,387.0,1,1,1,,0
12129,56.0,Male,Bengaluru,High School,53,One year,Mailed check,37.4,1916.09,1,1,1,,0
12130,,Male,Delhi,Bachelors,1,Month-to-month,Credit card,59.32,19.67,1,1,0,95971.61,1
12131,72.0,Male,Mumbai,High School,52,Month-to-month,Credit card,19.0,1073.53,2,1,0,83846.84,0
12132,37.0,Male,Delhi,Bachelors,9,Two year,Electronic check,38.36,421.86,2,0,1,82844.35,0
12133,46.0,Female,Mumbai,PhD,19,Month-to-month,Electronic check,78.98,1530.41,4,1,1,50349.38,0
12134,32.0,Female,Delhi,Bachelors,51,Two year,Credit card,59.56,2959.44,1,1,1,89468.53,0
12135,37.0,Female,Delhi,Masters,45,Two year,Electronic check,85.3,3853.84,1,1,1,100607.12,0
12136,45.0,Female,Pune,High School,57,Month-to-month,Mailed check,21.73,1257.79,2,1,1,78680.56,0
12137,53.0,Female,Mumbai,Bachelors,44,Month-to-month,Electronic check,59.67,2626.76,1,1,1,79295.39,0
12138,46.0,Male,Delhi,Bachelors,3,One year,Mailed check,54.54,135.12,1,0,0,42176.77,0
12139,58.0,Female,Chennai,Bachelors,61,Two year,Mailed check,86.03,5229.7,2,1,1,93197.59,0
12140,41.0,Male,Delhi,High School,15,Month-to-month,Electronic check,79.8,1165.01,1,1,0,109178.27,0
12141,38.0,Female,Bengaluru,High School,9,Two year,Electronic check,79.13,654.92,1,0,1,77104.95,0
12142,77.0,Male,Hyderabad,,64,Month-to-month,Mailed check,98.91,6398.54,1,0,0,56924.14,0
12143,47.0,Female,Mumbai,Masters,14,Month-to-month,Mailed check,56.9,840.72,2,0,0,66436.11,0
12144,33.0,Male,Pune,High School,39,Two year,Bank transfer,94.37,3666.18,1,0,1,60750.74,0
12145,33.0,Male,Delhi,High School,35,Month-to-month,Bank transfer,42.03,1488.66,1,1,0,62070.11,0
12146,30.0,Male,Hyderabad,Masters,56,One year,Electronic check,41.22,2327.81,1,1,0,84255.63,0
12147,54.0,Male,Pune,High School,3,Month-to-month,Mailed check,81.56,361.82,2,1,1,,0
12148,37.0,Female,Chennai,Bachelors,7,Month-to-month,Credit card,31.9,266.93,3,1,1,92086.61,0
12149,,Male,Mumbai,Bachelors,30,Two year,Bank transfer,77.6,2369.74,3,1,0,78159.86,0
12150,41.0,Male,Bengaluru,Masters,34,Month-to-month,Credit card,67.23,2287.72,2,1,0,50990.06,0
12151,52.0,Female,Delhi,Masters,57,One year,Credit card,88.58,5027.34,1,0,1,58984.78,0
12152,31.0,Female,Bengaluru,Masters,44,Two year,Electronic check,63.69,2871.5,1,0,1,57617.5,0
12153,28.0,Female,Chennai,Bachelors,10,One year,Electronic check,66.23,694.91,1,1,0,65897.66,0
12154,45.0,Male,Delhi,High School,71,Two year,Electronic check,76.2,5368.72,1,1,0,109483.7,0
12155,50.0,Male,Bengaluru,Masters,33,Two year,Electronic check,50.42,1686.55,2,1,1,113007.79,0
12156,,Male,Bengaluru,Masters,70,Month-to-month,Bank transfer,49.46,3504.07,1,1,0,88405.23,0
12157,31.0,Female,Delhi,Bachelors,72,One year,Electronic check,75.44,5326.89,3,1,1,72612.8,0
12158,51.0,Female,Bengaluru,Bachelors,3,Month-to-month,Credit card,64.36,146.96,1,0,0,40043.65,0
12159,,Female,Mumbai,Bachelors,36,One year,Bank transfer,56.04,2035.58,2,1,1,74840.18,0
12160,35.0,Female,Bengaluru,High School,30,One year,Credit card,63.18,1799.18,3,1,1,52619.84,0
12161,30.0,Male,Mumbai,Bachelors,36,Month-to-month,Bank transfer,100.08,3514.57,1,1,0,,0
12162,59.0,Male,Chennai,Masters,22,One year,Electronic check,55.25,,2,1,1,34665.67,0
12163,50.0,Female,Mumbai,Masters,40,Month-to-month,Electronic check,54.62,2209.38,2,1,0,78458.66,0
12164,50.0,Male,Bengaluru,High School,35,One year,Credit card,27.44,987.29,2,1,1,50766.73,0
12165,58.0,Female,Bengaluru,Bachelors,13,Month-to-month,Electronic check,64.07,912.03,2,1,1,69790.67,0
12166,79.0,Female,Delhi,High School,21,Month-to-month,Credit card,79.45,1672.56,1,1,0,84653.5,0
12167,20.0,Male,Bengaluru,High School,10,One year,Electronic check,83.4,815.37,1,1,1,92483.31,0
12168,32.0,Female,Chennai,High School,61,Month-to-month,Bank transfer,67.38,4044.81,2,1,1,68664.82,0
12169,34.0,Male,Mumbai,High School,49,Two year,Mailed check,86.03,4196.24,2,1,0,86746.76,0
12170,31.0,Male,Hyderabad,,28,One year,Bank transfer,81.09,2305.9,2,1,0,55425.66,0
12171,28.0,Male,Delhi,Masters,28,Two year,Credit card,89.48,2543.08,1,1,1,75401.84,0
12172,38.0,Female,Hyderabad,Masters,5,One year,Electronic check,86.65,446.48,1,1,0,92048.56,0
12173,26.0,Female,Chennai,Bachelors,21,Two year,Credit card,99.54,2117.7,1,1,1,77306.19,0
12174,46.0,Male,Hyderabad,Masters,67,Month-to-month,Bank transfer,61.27,4168.91,3,1,0,58354.44,0
12175,43.0,Male,Mumbai,Masters,2,One year,Mailed check,35.8,75.36,1,1,1,63861.07,0
12176,48.0,Male,Delhi,Bachelors,10,Month-to-month,Credit card,79.6,864.37,1,0,0,92344.43,0
12177,49.0,Female,Bengaluru,High School,61,Month-to-month,Credit card,82.17,4976.04,1,0,0,45979.42,0
12178,50.0,Male,Mumbai,High School,37,Two year,Electronic check,99.54,3679.32,1,0,1,49225.07,0
12179,37.0,Female,Bengaluru,Bachelors,2,One year,Electronic check,93.19,162.34,1,1,1,83234.95,0
12180,70.0,Male,Hyderabad,Bachelors,35,One year,Credit card,107.8,3812.64,2,0,0,60338.84,0
12181,45.0,Female,Hyderabad,High School,54,One year,Bank transfer,78.64,4195.84,1,1,1,38032.72,0
12182,18.0,Male,Mumbai,Bachelors,25,Month-to-month,Mailed check,70.03,1734.66,1,0,1,99718.01,0
12183,29.0,Male,Hyderabad,Masters,27,Two year,Electronic check,34.53,839.33,1,0,0,45808.79,0
12184,19.0,Male,Delhi,High School,46,Month-to-month,Bank transfer,71.78,3331.6,1,1,1,65612.54,0
12185,,Female,Mumbai,Bachelors,43,Month-to-month,Electronic check,52.84,2334.46,2,1,1,56370.55,0
12186,40.0,Female,Bengaluru,PhD,65,Month-to-month,Electronic check,69.65,,3,1,0,63450.96,0
12187,36.0,Female,Bengaluru,Bachelors,18,Two year,Mailed check,66.2,1232.23,2,1,1,50538.37,0
12188,68.0,Male,Delhi,High School,20,Month-to-month,Electronic check,75.38,1549.57,3,0,1,85714.14,0
12189,49.0,Female,Chennai,,11,Month-to-month,Bank transfer,62.86,726.44,1,1,0,72438.12,0
12190,51.0,Female,Mumbai,PhD,48,Month-to-month,Bank transfer,85.57,4138.08,3,0,1,91640.38,0
12191,30.0,Female,Delhi,High School,38,Month-to-month,Bank transfer,10.0,413.95,1,1,0,56598.3,0
12192,29.0,Male,Delhi,High School,25,Month-to-month,Electronic check,69.18,1696.72,2,0,1,116926.48,0
12193,42.0,Female,Mumbai,Bachelors,50,Month-to-month,Electronic check,91.45,4562.49,2,0,1,,0
12194,44.0,Female,Delhi,Bachelors,27,Month-to-month,Credit card,106.14,2869.29,1,1,0,,0
12195,18.0,Male,Hyderabad,Masters,14,Month-to-month,Bank transfer,81.1,1118.61,1,1,0,108567.87,0
12196,40.0,Male,Bengaluru,PhD,39,Month-to-month,Electronic check,102.07,3902.41,1,0,0,80428.92,0
12197,42.0,Male,Delhi,Masters,31,Month-to-month,Bank transfer,68.72,2068.57,1,1,1,77510.49,0
12198,39.0,Male,Bengaluru,,29,Month-to-month,Mailed check,65.06,1898.24,1,1,1,79488.06,0
12199,31.0,Male,Delhi,Masters,32,Two year,Electronic check,76.65,2498.09,4,1,1,82566.56,0
12200,35.0,Male,Mumbai,Bachelors,66,Month-to-month,Bank transfer,64.93,4285.85,1,1,1,76594.89,1
12201,40.0,Male,Bengaluru,Bachelors,15,Month-to-month,Mailed check,47.79,,2,0,1,48750.1,0
12202,,Female,Chennai,Bachelors,20,Month-to-month,Mailed check,53.66,1027.21,1,1,0,88000.2,0
12203,50.0,Male,Chennai,Bachelors,41,Two year,Credit card,40.53,1683.98,1,1,1,84534.92,0
12204,,Female,Mumbai,Bachelors,3,Two year,Electronic check,76.62,294.42,1,0,0,101425.49,1
12205,38.0,Female,Delhi,Bachelors,10,Month-to-month,Bank transfer,65.25,705.78,1,0,0,108813.3,0
12206,36.0,Female,Bengaluru,High School,41,Month-to-month,Electronic check,57.07,2372.62,1,0,0,77270.47,1
12207,48.0,Male,Chennai,Bachelors,37,Month-to-month,Credit card,52.53,1997.12,1,1,1,42993.92,0
12208,50.0,Female,Mumbai,High School,47,Month-to-month,Electronic check,76.11,3579.94,1,1,1,108995.5,0
12209,36.0,Male,Mumbai,Bachelors,8,Month-to-month,Credit card,82.17,740.5,1,1,0,47600.7,0
12210,52.0,Male,Pune,Bachelors,62,Month-to-month,Mailed check,40.13,2552.22,2,0,1,77435.21,0
12211,55.0,Male,Mumbai,PhD,35,Month-to-month,Credit card,36.67,1240.84,2,1,1,64351.85,0
12212,59.0,Female,Pune,Bachelors,11,Month-to-month,Credit card,86.0,962.08,1,0,1,60526.24,0
12213,65.0,Male,Bengaluru,Masters,22,Month-to-month,Electronic check,34.75,687.14,2,1,0,86814.6,0
12214,31.0,Male,Bengaluru,Bachelors,16,Month-to-month,Bank transfer,77.04,1308.73,3,1,0,75378.11,1
12215,42.0,Female,Mumbai,High School,33,Month-to-month,Electronic check,100.57,3330.02,1,1,0,81291.31,0
12216,42.0,Female,Chennai,Bachelors,34,Two year,Electronic check,100.62,3488.52,1,1,1,52054.9,0
12217,41.0,Female,Mumbai,High School,31,Month-to-month,Electronic check,81.23,2512.66,1,0,1,66170.35,1
12218,34.0,Male,Delhi,Masters,33,Month-to-month,Bank transfer,80.59,2566.66,1,1,0,53070.23,1
12219,23.0,Female,Mumbai,Bachelors,66,Two year,Electronic check,114.54,7691.51,2,1,0,65620.43,0
12220,43.0,Male,Mumbai,Bachelors,70,Month-to-month,Bank transfer,13.64,961.35,2,0,1,67387.23,0
12221,32.0,Male,Hyderabad,,35,Month-to-month,Credit card,54.78,1867.29,1,1,1,110574.69,0
12222,43.0,Male,Mumbai,Bachelors,70,One year,Electronic check,83.67,5914.19,1,1,0,64293.45,0
12223,32.0,Male,Bengaluru,Bachelors,59,Month-to-month,Electronic check,57.58,3499.01,2,1,1,23236.84,0
12224,28.0,Male,Hyderabad,High School,59,Month-to-month,Bank transfer,92.28,5434.4,1,1,1,,1
12225,45.0,Female,Bengaluru,Bachelors,16,One year,Electronic check,64.13,1021.12,1,0,1,79883.71,0
12226,44.0,Male,Hyderabad,Masters,32,One year,Electronic check,67.9,2184.7,1,1,0,67117.77,0
12227,50.0,Male,Mumbai,Bachelors,25,Two year,Electronic check,58.96,1418.45,3,1,1,60381.26,0
12228,70.0,Male,Chennai,High School,7,Month-to-month,Electronic check,53.5,339.97,2,1,1,49167.64,0
12229,46.0,Male,Mumbai,Bachelors,5,Month-to-month,Bank transfer,52.96,353.9,2,0,1,112637.06,0
12230,48.0,Female,Bengaluru,Bachelors,45,Month-to-month,Electronic check,70.97,3187.04,2,1,0,71140.59,0
12231,28.0,Male,Chennai,Bachelors,30,Month-to-month,Credit card,47.96,1396.92,1,1,0,31769.47,0
12232,25.0,Female,Chennai,,60,One year,Bank transfer,85.97,5135.6,1,1,0,77210.28,0
12233,63.0,Male,Mumbai,Bachelors,48,One year,Credit card,79.37,3863.4,2,1,0,96535.78,0
12234,30.0,Male,Delhi,Masters,6,Month-to-month,Bank transfer,89.19,436.35,3,1,1,73441.56,0
12235,,Male,Chennai,Bachelors,61,Two year,Electronic check,40.16,2462.49,1,1,0,50164.94,0
12236,41.0,Male,Chennai,Bachelors,36,Month-to-month,Electronic check,27.61,1117.07,1,1,1,48196.37,0
12237,,Female,Bengaluru,Masters,41,Two year,Electronic check,64.91,2762.86,4,1,1,49818.98,0
12238,30.0,Male,Mumbai,Masters,70,Month-to-month,Bank transfer,128.77,9042.56,1,1,1,103476.48,0
12239,38.0,Female,Delhi,High School,46,One year,Bank transfer,92.86,4337.38,1,1,0,68423.39,0
12240,58.0,Female,Pune,High School,1,One year,Electronic check,52.8,118.14,1,1,0,33068.06,0
12241,,Male,Mumbai,Bachelors,12,One year,Bank transfer,74.34,885.79,1,1,0,78450.95,0
12242,24.0,Female,Chennai,Masters,31,One year,Electronic check,81.01,2557.55,2,1,1,73102.81,1
12243,54.0,Male,Delhi,High School,2,One year,Bank transfer,34.9,159.23,2,0,0,60124.3,0
12244,48.0,Female,Hyderabad,Masters,12,One year,Electronic check,95.13,1078.37,1,0,0,47551.05,0
12245,34.0,Male,Mumbai,High School,57,Two year,Electronic check,61.32,3524.07,1,1,0,46594.31,0
12246,21.0,Female,Mumbai,Bachelors,10,Month-to-month,Mailed check,63.01,648.17,1,1,1,93905.94,0
12247,32.0,Male,Delhi,Masters,12,Month-to-month,Credit card,65.52,791.4,1,1,1,75445.28,0
12248,41.0,Female,Chennai,High School,36,One year,Bank transfer,90.18,,1,1,1,80530.16,0
12249,57.0,Male,Hyderabad,Masters,6,Month-to-month,Mailed check,48.39,301.92,1,1,0,75384.69,0
12250,29.0,Female,Bengaluru,Masters,18,Month-to-month,Mailed check,27.45,509.88,3,1,0,77209.15,0
12251,41.0,Female,Pune,High School,68,Month-to-month,Mailed check,72.11,4959.41,4,1,1,,0
12252,51.0,Male,Delhi,High School,46,Month-to-month,Electronic check,20.04,945.67,1,1,0,65471.75,0
12253,,Female,Chennai,Masters,70,One year,Bank transfer,58.38,4077.71,2,1,0,95628.06,0
12254,,Female,Mumbai,PhD,25,One year,Electronic check,91.11,2235.75,3,1,1,101120.98,0
12255,27.0,Female,Mumbai,Bachelors,44,Month-to-month,Mailed check,77.74,3396.94,1,1,1,43113.98,0
12256,46.0,Male,Bengaluru,High School,17,Month-to-month,Electronic check,87.93,,3,1,0,65418.31,1
12257,45.0,Female,Pune,High School,27,Month-to-month,Credit card,78.65,2088.25,1,1,1,88464.28,0
12258,56.0,Female,Hyderabad,Bachelors,12,Two year,Electronic check,118.03,1463.65,2,0,0,111405.75,0
12259,49.0,Male,Mumbai,Bachelors,60,One year,Electronic check,52.06,3145.1,1,1,0,109203.11,0
12260,18.0,Female,Pune,Bachelors,13,Month-to-month,Mailed check,73.76,1016.06,1,1,0,52493.33,0
12261,32.0,Female,Hyderabad,Bachelors,14,Month-to-month,Credit card,55.36,743.1,2,0,0,98051.01,0
12262,44.0,Female,Hyderabad,Masters,33,Two year,Credit card,86.05,2798.1,2,1,0,71290.0,0
12263,39.0,Female,Bengaluru,High School,31,One year,Electronic check,63.65,2029.95,1,1,1,92977.17,0
12264,48.0,Female,Delhi,Bachelors,22,Month-to-month,Electronic check,102.81,2268.32,2,1,1,87342.13,0
12265,52.0,Male,Mumbai,,26,One year,Bank transfer,53.32,1376.19,3,1,1,42192.79,0
12266,50.0,Female,Bengaluru,Masters,21,Month-to-month,Electronic check,95.96,2050.09,3,0,1,82099.43,1
12267,39.0,Female,Mumbai,,66,Two year,Electronic check,78.05,5184.37,2,0,0,92125.33,0
12268,18.0,Male,Bengaluru,Masters,42,Two year,Electronic check,64.29,2637.39,1,1,0,69556.58,0
12269,36.0,Male,Bengaluru,Bachelors,67,Month-to-month,Electronic check,76.93,,1,1,0,64581.04,0
12270,47.0,Male,Bengaluru,Masters,72,One year,Bank transfer,70.75,,1,1,1,35423.39,0
12271,28.0,Female,Chennai,Bachelors,47,Two year,Mailed check,72.83,3508.01,2,0,0,85039.59,0
12272,50.0,Female,Delhi,High School,60,Month-to-month,Electronic check,60.45,3560.32,2,1,0,74592.46,0
12273,54.0,Female,Delhi,Masters,8,Two year,Electronic check,49.57,412.43,3,1,1,49711.95,0
12274,44.0,Male,Mumbai,High School,69,Month-to-month,Electronic check,57.63,3967.19,1,1,0,62831.52,0
12275,18.0,Male,Delhi,Masters,35,Month-to-month,Credit card,27.97,880.19,3,1,1,566872.29,0
12276,25.0,Male,Mumbai,Bachelors,52,Two year,Mailed check,83.52,4375.95,3,1,0,57710.01,0
12277,67.0,Female,Mumbai,Bachelors,17,One year,Credit card,37.83,546.91,2,1,1,70058.9,0
12278,35.0,Female,Delhi,Bachelors,6,Month-to-month,Credit card,60.21,346.68,3,0,1,31501.48,0
12279,18.0,Female,Delhi,PhD,64,Month-to-month,Mailed check,79.26,5127.85,1,1,0,99687.28,0
12280,58.0,Male,Pune,Bachelors,32,One year,Credit card,83.47,2644.54,1,0,0,70350.0,0
12281,42.0,Female,Mumbai,High School,10,One year,Electronic check,25.96,214.41,1,1,1,45814.22,0
12282,56.0,Female,Mumbai,PhD,48,Month-to-month,Electronic check,62.98,3063.06,1,1,1,15886.41,0
12283,46.0,Female,Hyderabad,High School,3,One year,Bank transfer,75.11,212.85,1,0,0,92640.97,0
12284,48.0,Female,Mumbai,Bachelors,32,Two year,Electronic check,66.14,2096.23,2,1,0,82278.01,0
12285,,Female,Hyderabad,Masters,51,Two year,Bank transfer,94.57,4886.82,1,1,0,74635.09,0
12286,51.0,Female,Hyderabad,High School,52,Month-to-month,Credit card,46.92,2381.48,1,1,0,89000.26,0
12287,72.0,Male,Bengaluru,High School,33,Two year,Credit card,19.92,634.38,1,1,1,88939.76,0
12288,55.0,Female,Delhi,Masters,27,Month-to-month,Mailed check,82.83,2279.73,2,1,0,74277.64,0
12289,21.0,Female,Mumbai,High School,61,One year,Bank transfer,300.21,3182.38,3,0,1,64407.29,0
12290,48.0,Female,Pune,Bachelors,13,Month-to-month,Bank transfer,26.31,430.8,1,1,1,60822.88,0
12291,57.0,Male,Chennai,High School,5,Two year,Mailed check,61.51,296.71,2,0,1,79260.72,0
12292,58.0,Female,Hyderabad,Bachelors,11,Two year,Mailed check,92.07,1056.5,4,1,0,100734.69,0
12293,36.0,Male,Mumbai,Masters,58,Two year,Bank transfer,37.21,2201.8,2,1,1,67736.13,0
12294,57.0,Female,Delhi,PhD,34,Month-to-month,Mailed check,116.39,3949.65,2,1,1,102482.5,0
12295,54.0,Female,Hyderabad,Bachelors,2,One year,Bank transfer,46.57,69.19,2,1,0,78209.35,0
12296,,Male,Mumbai,Bachelors,12,Month-to-month,Electronic check,66.91,800.77,4,0,0,78375.2,1
12297,32.0,Female,Pune,High School,2,Month-to-month,Bank transfer,38.18,111.99,1,1,1,122912.41,0
12298,35.0,Female,Pune,Bachelors,59,Two year,Mailed check,65.92,3839.96,2,0,0,106358.92,0
12299,38.0,Female,Mumbai,Masters,33,One year,Electronic check,62.06,,1,1,0,106929.4,0
12300,36.0,Male,Mumbai,Masters,4,One year,Credit card,32.23,203.13,1,0,1,52452.5,0
12301,30.0,Female,Delhi,Bachelors,16,Month-to-month,Bank transfer,127.17,1997.98,2,1,0,118228.02,0
12302,18.0,Female,Delhi,High School,45,Month-to-month,Bank transfer,54.1,2452.2,2,1,0,68191.23,0
12303,36.0,Female,Delhi,Bachelors,43,Month-to-month,Electronic check,54.12,2317.05,3,1,0,64995.19,0
12304,47.0,Male,Hyderabad,Masters,59,Month-to-month,Electronic check,86.32,5084.99,3,1,0,22496.53,1
12305,36.0,Female,Bengaluru,Bachelors,1,Two year,Credit card,104.91,176.43,2,1,1,77178.4,0
12306,67.0,Male,Mumbai,Bachelors,5,One year,Mailed check,89.78,444.64,1,1,0,46166.21,0
12307,42.0,Female,Delhi,Bachelors,2,Month-to-month,Electronic check,38.57,59.3,3,1,0,,0
12308,59.0,Male,Delhi,High School,28,Month-to-month,Mailed check,69.71,1938.39,1,1,1,44445.57,0
12309,45.0,Male,Bengaluru,Bachelors,53,Month-to-month,Mailed check,23.61,1226.16,1,0,1,109549.4,0
12310,53.0,Male,Pune,High School,48,Month-to-month,Credit card,84.84,4038.82,1,0,1,82134.63,0
12311,46.0,Female,Mumbai,High School,15,Two year,Electronic check,29.03,410.48,2,0,0,,0
12312,,Female,Chennai,High School,47,Month-to-month,Mailed check,47.33,2307.67,2,0,0,47493.47,0
12313,43.0,Female,Delhi,Bachelors,47,Month-to-month,Electronic check,64.93,3087.28,2,1,1,104081.94,0
12314,48.0,Male,Hyderabad,PhD,13,Month-to-month,Electronic check,74.79,955.01,1,0,0,30340.33,0
12315,,Male,Delhi,High School,54,One year,Bank transfer,59.26,3249.12,2,0,0,74577.66,0
12316,38.0,Male,Delhi,Bachelors,30,Month-to-month,Electronic check,98.42,2873.24,2,0,1,56104.29,0
12317,47.0,Female,Delhi,Masters,4,Month-to-month,Electronic check,80.91,392.42,3,1,1,60144.96,1
12318,71.0,Male,Hyderabad,Masters,28,Two year,Mailed check,79.18,2281.8,1,1,1,58637.08,0
12319,38.0,Female,Mumbai,Bachelors,56,One year,Mailed check,37.95,2237.02,2,1,0,49876.24,0
12320,47.0,Male,Delhi,,50,Month-to-month,Credit card,102.39,5170.08,2,1,1,42286.86,0
12321,58.0,Female,Bengaluru,High School,19,Two year,Bank transfer,47.33,,1,0,0,60266.61,0
12322,57.0,Male,Hyderabad,Masters,55,Month-to-month,Electronic check,103.23,5742.21,1,1,1,72552.62,0
12323,42.0,Male,Mumbai,Bachelors,28,Two year,Electronic check,109.49,3034.43,1,0,0,95601.28,0
12324,18.0,Male,Mumbai,Bachelors,33,Month-to-month,Bank transfer,76.28,2497.47,1,1,1,76497.71,0
12325,49.0,Male,Hyderabad,High School,6,Month-to-month,Electronic check,87.7,522.99,1,0,1,95663.88,0
12326,18.0,Male,Delhi,High School,72,Month-to-month,Electronic check,10.0,788.44,2,1,1,37480.11,1
12327,,Female,Mumbai,High School,61,Month-to-month,Credit card,60.71,3660.52,2,1,1,60474.67,0
12328,44.0,Female,Delhi,High School,14,Month-to-month,Bank transfer,89.25,1201.4,2,1,0,85642.11,1
12329,55.0,Male,Bengaluru,Masters,40,Month-to-month,Electronic check,85.34,3425.43,1,1,1,77550.2,0
12330,30.0,Female,Pune,High School,56,Month-to-month,Electronic check,38.17,2173.4,1,1,0,51054.15,0
12331,22.0,Male,Hyderabad,High School,36,Month-to-month,Credit card,58.54,2072.29,2,0,1,90549.52,0
12332,45.0,Female,Chennai,Bachelors,15,Month-to-month,Bank transfer,10.0,183.52,2,1,0,58311.99,0
12333,42.0,Male,Bengaluru,Bachelors,70,Month-to-month,Electronic check,74.09,5254.72,2,1,0,52898.0,0
12334,36.0,Male,Delhi,Bachelors,19,One year,Mailed check,23.57,507.85,2,0,0,80712.85,0
12335,43.0,Female,Pune,High School,24,Two year,Credit card,89.87,2174.54,3,0,1,70135.73,0
12336,78.0,Male,Mumbai,Masters,27,Two year,Electronic check,91.02,2453.01,3,1,0,58495.93,1
12337,53.0,Male,Chennai,PhD,65,Month-to-month,Bank transfer,54.56,3633.18,2,1,1,57748.89,0
12338,56.0,Female,Delhi,Bachelors,36,Month-to-month,Credit card,76.47,2753.69,1,1,0,46464.47,0
12339,53.0,Female,Bengaluru,High School,52,Month-to-month,Mailed check,60.22,3178.46,1,1,0,61293.54,0
12340,61.0,Female,Pune,Bachelors,65,One year,Credit card,70.32,4668.71,2,0,1,94200.21,0
12341,40.0,Female,Chennai,Masters,67,Month-to-month,Electronic check,39.76,2705.68,1,1,0,75380.11,0
12342,,Male,Chennai,High School,62,Two year,Bank transfer,78.69,4828.93,1,0,1,91089.07,0
12343,40.0,Female,Chennai,Bachelors,66,Two year,Mailed check,28.89,1844.79,1,1,0,81353.51,0
12344,53.0,Female,Delhi,High School,69,Month-to-month,Mailed check,24.74,1692.18,3,1,1,56530.58,0
12345,29.0,Male,Delhi,High School,72,Month-to-month,Bank transfer,62.32,4522.51,1,1,0,33718.89,0
12346,40.0,Male,Bengaluru,Bachelors,46,Month-to-month,Bank transfer,60.35,2798.34,2,1,0,49609.2,0
12347,33.0,Female,Delhi,Bachelors,9,One year,Mailed check,70.99,749.26,3,1,1,55232.81,0
12348,,Female,Bengaluru,Bachelors,8,One year,Mailed check,50.71,427.43,2,0,1,53531.18,0
12349,52.0,Male,Mumbai,Bachelors,58,Month-to-month,Mailed check,106.49,6160.05,1,0,1,91582.44,0
12350,50.0,Female,Chennai,High School,23,Month-to-month,Credit card,68.53,1519.52,2,0,0,91352.95,0
12351,50.0,Male,Hyderabad,High School,58,One year,Credit card,70.12,4125.98,2,0,0,118661.35,0
12352,42.0,Male,Mumbai,High School,68,Month-to-month,Mailed check,69.34,4714.82,1,1,1,53198.13,0
12353,45.0,Female,Hyderabad,Bachelors,47,One year,Mailed check,87.06,4016.51,2,1,0,105143.86,0
12354,27.0,Male,Hyderabad,High School,55,Month-to-month,Credit card,77.67,4272.96,1,1,0,105007.88,0
12355,18.0,Male,Chennai,Bachelors,20,Month-to-month,Credit card,74.72,1444.61,2,1,1,,1
12356,44.0,Female,Delhi,Masters,31,Month-to-month,Bank transfer,81.19,2495.61,3,1,0,80418.22,0
12357,46.0,Male,Bengaluru,Masters,70,One year,Bank transfer,24.86,1740.51,1,0,1,97296.13,0
12358,58.0,Female,Delhi,Masters,59,Month-to-month,Electronic check,25.69,1470.45,3,1,0,68703.66,0
12359,62.0,Female,Chennai,,14,Month-to-month,Electronic check,461.66,862.24,1,1,1,66999.38,0
12360,62.0,Female,Chennai,Masters,68,Month-to-month,Electronic check,60.65,4086.99,3,1,1,56198.58,0
12361,29.0,Female,Mumbai,Masters,36,Two year,Mailed check,77.76,2763.5,2,1,1,18079.15,0
12362,37.0,Female,Delhi,Bachelors,61,Month-to-month,Bank transfer,65.44,3941.44,1,1,1,71550.38,0
12363,48.0,Female,Mumbai,Bachelors,38,Two year,Credit card,77.8,2932.26,3,1,0,54382.87,0
12364,,Female,Delhi,High School,44,Two year,Credit card,37.6,1609.67,3,1,0,46342.33,0
12365,,Male,Mumbai,Masters,11,Month-to-month,Electronic check,64.76,741.69,1,1,0,79288.22,0
12366,57.0,Female,Chennai,Bachelors,24,Two year,Bank transfer,35.5,,2,1,1,38071.13,0
12367,37.0,Male,Delhi,High School,52,Month-to-month,Credit card,73.51,3882.26,1,1,0,87733.76,1
12368,31.0,Male,Bengaluru,Masters,61,One year,Electronic check,23.68,1538.82,1,1,1,80639.18,0
12369,,Female,Hyderabad,Masters,6,Month-to-month,Electronic check,72.66,469.83,1,0,1,61195.75,0
12370,,Male,Hyderabad,Bachelors,5,One year,Credit card,32.68,185.88,1,1,0,,0
12371,39.0,Male,Delhi,Bachelors,50,One year,Electronic check,56.56,2865.02,1,1,1,43815.14,0
12372,41.0,Female,Chennai,High School,32,Month-to-month,Bank transfer,84.69,2733.41,1,1,1,86507.45,0
12373,63.0,Male,Bengaluru,Masters,61,Month-to-month,Mailed check,70.0,4272.51,3,1,1,74122.01,1
12374,37.0,Female,Mumbai,Masters,4,Month-to-month,Mailed check,28.8,113.73,1,1,0,75760.7,0
12375,18.0,Female,Mumbai,Bachelors,25,Month-to-month,Credit card,50.21,1204.17,2,1,0,81041.59,0
12376,49.0,Female,Hyderabad,Bachelors,2,One year,Mailed check,31.97,105.89,1,0,1,55866.86,0
12377,33.0,Male,Mumbai,High School,51,One year,Mailed check,27.72,1412.16,1,1,0,36580.72,0
12378,43.0,Female,Mumbai,Bachelors,62,Month-to-month,Electronic check,67.59,4263.06,2,1,1,91061.0,0
12379,41.0,Male,Delhi,Bachelors,11,Month-to-month,Electronic check,77.33,896.39,1,1,1,,0
12380,38.0,Female,Pune,PhD,23,Two year,Mailed check,74.69,1686.57,1,1,1,58222.11,0
12381,52.0,Male,Hyderabad,Bachelors,61,Month-to-month,Bank transfer,78.26,4836.19,4,1,0,79000.42,0
12382,22.0,Male,Chennai,High School,3,One year,Electronic check,64.74,66.18,1,0,0,97675.42,0
12383,35.0,Male,Delhi,High School,69,Month-to-month,Mailed check,58.99,4166.82,1,0,1,95051.42,0
12384,51.0,Female,Chennai,PhD,64,One year,Mailed check,41.39,2582.04,2,0,0,57579.71,0
12385,34.0,Male,Delhi,PhD,11,One year,Credit card,55.32,633.28,1,1,0,37247.26,0
12386,,Male,Pune,Masters,10,Month-to-month,Electronic check,35.93,380.67,2,0,1,41021.27,0
12387,51.0,Male,Bengaluru,Bachelors,50,Month-to-month,Credit card,46.41,2376.69,1,0,1,63142.03,0
12388,57.0,Female,Bengaluru,Bachelors,0,Month-to-month,Credit card,66.96,,1,1,0,102170.98,1
12389,41.0,Female,Pune,Bachelors,36,Month-to-month,Electronic check,62.41,2139.48,1,1,1,53974.2,0
12390,18.0,Male,Pune,High School,4,One year,Mailed check,130.0,503.64,1,1,1,56880.79,0
12391,,Male,Mumbai,High School,38,One year,Bank transfer,35.39,1333.86,2,1,0,56427.96,0
12392,20.0,Male,Mumbai,Bachelors,25,One year,Electronic check,62.25,1453.79,3,1,0,58301.92,0
12393,46.0,Female,Bengaluru,Bachelors,51,Month-to-month,Credit card,33.68,1719.95,2,1,1,69753.01,0
12394,30.0,Female,Mumbai,Bachelors,64,Month-to-month,Credit card,56.47,3560.29,1,1,0,41838.9,0
12395,27.0,Female,Delhi,Bachelors,35,Month-to-month,Bank transfer,57.36,2040.05,3,1,1,93855.92,0
12396,,Female,Mumbai,Bachelors,46,Month-to-month,Electronic check,83.59,3832.84,2,1,0,66813.94,0
12397,40.0,Male,Bengaluru,Masters,43,Month-to-month,Electronic check,55.11,2467.78,1,0,1,124540.96,0
12398,34.0,Female,Bengaluru,Masters,71,Month-to-month,Mailed check,60.79,4303.28,1,1,1,44181.44,0
12399,50.0,Female,Mumbai,Bachelors,16,Two year,Electronic check,55.53,910.0,1,1,1,104977.06,0
12400,36.0,Female,Bengaluru,High School,17,Month-to-month,Credit card,34.18,570.41,1,0,0,100609.6,1
12401,55.0,Male,Delhi,High School,27,Month-to-month,Mailed check,50.65,1286.39,1,1,1,60942.95,0
12402,46.0,Female,Pune,Bachelors,53,Month-to-month,Bank transfer,56.6,2989.56,1,1,1,61308.67,0
12403,33.0,Female,Mumbai,High School,63,One year,Bank transfer,66.62,4234.73,4,1,0,,0
12404,31.0,Male,Chennai,Masters,20,One year,Electronic check,77.3,1576.1,1,0,0,49983.93,0
12405,21.0,Male,Pune,,8,One year,Bank transfer,59.84,464.06,1,1,0,69986.67,0
12406,46.0,Female,Bengaluru,Bachelors,44,Month-to-month,Credit card,59.45,2542.96,4,0,0,70455.31,0
12407,37.0,Female,Hyderabad,Bachelors,43,Month-to-month,Mailed check,27.14,1199.24,1,1,0,34748.18,0
12408,18.0,Male,Mumbai,High School,27,Two year,Bank transfer,76.87,2096.46,1,1,1,120457.12,0
12409,35.0,Female,Delhi,Masters,13,Two year,Electronic check,49.69,688.14,1,1,1,64290.63,0
12410,30.0,Male,Mumbai,Bachelors,62,Two year,Bank transfer,81.44,5035.57,2,1,1,71443.47,0
12411,62.0,Male,Bengaluru,Bachelors,61,Two year,Credit card,93.96,5647.34,1,1,0,56222.78,0
12412,20.0,Male,Pune,Masters,54,Month-to-month,Bank transfer,60.87,3313.67,2,1,1,,0
12413,23.0,Female,Mumbai,Bachelors,42,Month-to-month,Electronic check,42.49,1784.12,2,1,0,62126.68,0
12414,56.0,Male,Bengaluru,Bachelors,19,One year,Electronic check,64.63,,2,1,0,69935.53,0
12415,60.0,Female,Hyderabad,Bachelors,29,One year,Credit card,72.67,2108.87,3,0,1,69679.02,0
12416,32.0,Male,Delhi,PhD,4,Month-to-month,Bank transfer,58.06,229.97,2,0,0,87707.06,0
12417,34.0,Male,Bengaluru,Masters,18,One year,Electronic check,52.59,967.48,2,1,0,74998.84,0
12418,50.0,Male,Delhi,High School,32,Two year,Bank transfer,77.4,2446.95,1,0,1,85494.23,0
12419,18.0,Male,Bengaluru,Bachelors,31,Month-to-month,Electronic check,75.95,2322.19,1,1,1,69784.16,0
12420,18.0,Male,Mumbai,Bachelors,5,Month-to-month,Credit card,57.38,282.01,1,0,1,75087.56,0
12421,38.0,Male,Bengaluru,High School,69,Month-to-month,Mailed check,28.61,1928.07,1,0,0,64691.27,0
12422,62.0,Male,Bengaluru,Masters,19,Month-to-month,Electronic check,75.04,1414.31,1,0,1,92068.46,0
12423,36.0,Male,Mumbai,Bachelors,37,One year,Electronic check,48.12,1877.42,2,0,0,77097.69,0
12424,43.0,Female,Bengaluru,Bachelors,33,One year,Electronic check,69.72,2352.89,1,0,0,66522.35,0
12425,,Female,Delhi,High School,34,Month-to-month,Bank transfer,68.33,2338.62,2,1,1,,1
12426,69.0,Male,Bengaluru,High School,61,Two year,Bank transfer,23.44,1507.42,1,0,1,67596.73,0
12427,35.0,Male,Bengaluru,,54,Month-to-month,Bank transfer,66.78,3564.88,3,1,0,,0
12428,42.0,Male,Delhi,High School,63,One year,Electronic check,76.32,,1,1,1,68760.06,0
12429,66.0,Male,Chennai,PhD,27,One year,Credit card,79.02,2110.51,2,1,0,57705.48,0
12430,22.0,Male,Delhi,Bachelors,19,Two year,Credit card,67.58,1384.21,2,1,1,86827.81,0
12431,55.0,Female,Bengaluru,High School,31,Month-to-month,Bank transfer,21.5,766.47,1,0,0,,0
12432,29.0,Male,Delhi,Bachelors,40,One year,Bank transfer,93.1,3636.34,2,0,1,109244.85,0
12433,43.0,Female,Bengaluru,Masters,24,One year,Electronic check,74.04,1850.31,3,1,1,56720.15,1
12434,39.0,Female,Chennai,,33,Two year,Credit card,38.53,,2,1,1,84661.65,0
12435,30.0,Male,Hyderabad,Bachelors,11,One year,Electronic check,47.67,495.97,3,0,1,27998.98,0
12436,29.0,Male,Mumbai,Bachelors,42,Two year,Credit card,70.09,2970.01,1,1,1,88238.95,0
12437,46.0,Male,Bengaluru,Bachelors,52,Month-to-month,Mailed check,79.96,4107.52,3,1,0,37955.19,0
12438,55.0,Female,Mumbai,Bachelors,38,Month-to-month,Electronic check,54.26,2086.98,3,0,1,48344.72,1
12439,40.0,Female,Hyderabad,High School,63,Month-to-month,Electronic check,83.16,5192.04,2,0,1,77308.96,0
12440,43.0,Male,Pune,Bachelors,72,Month-to-month,Credit card,25.56,1849.17,2,1,0,56327.02,0
12441,49.0,Male,Bengaluru,High School,66,Two year,Bank transfer,42.07,2843.39,2,1,0,53316.22,0
12442,29.0,Male,Delhi,Bachelors,6,Month-to-month,Mailed check,19.58,136.81,1,1,0,59334.05,0
12443,52.0,Male,Mumbai,,64,Month-to-month,Credit card,45.26,2878.65,2,0,0,86051.77,0
12444,53.0,Female,Delhi,Bachelors,24,One year,Mailed check,98.18,2383.39,1,0,1,49476.41,0
12445,76.0,Male,Bengaluru,Bachelors,32,Month-to-month,Credit card,110.27,3458.32,2,0,1,68808.59,0
12446,37.0,Male,Chennai,Bachelors,30,Month-to-month,Credit card,70.16,2062.86,1,1,1,61669.56,0
12447,36.0,Female,Bengaluru,High School,20,One year,Bank transfer,50.95,997.49,2,1,0,88037.6,0
12448,52.0,Male,Pune,Bachelors,64,Two year,Electronic check,60.12,3887.02,1,1,0,88654.28,0
12449,53.0,Male,Delhi,,46,Month-to-month,Credit card,75.41,3489.15,1,0,0,29623.8,0
12450,35.0,Male,Mumbai,High School,70,One year,Bank transfer,30.61,2169.46,1,0,0,92992.41,0
12451,37.0,Female,Bengaluru,Bachelors,69,Month-to-month,Mailed check,52.41,3614.92,1,0,1,56563.37,0
12452,49.0,Female,Mumbai,Bachelors,30,Month-to-month,Credit card,96.57,2857.7,2,1,1,75198.43,1
12453,,Female,Mumbai,,53,Month-to-month,Electronic check,41.99,2299.88,1,1,1,49344.01,0
12454,37.0,Female,Mumbai,Bachelors,36,Month-to-month,Electronic check,48.52,1711.83,1,1,0,78164.96,0
12455,43.0,Female,Bengaluru,Bachelors,36,Two year,Bank transfer,65.29,2371.39,1,1,1,126129.68,0
12456,55.0,Female,Mumbai,Masters,53,One year,Bank transfer,71.23,3769.58,1,1,0,72797.64,0
12457,34.0,Male,Pune,High School,50,Month-to-month,Mailed check,51.25,2590.65,1,1,0,59883.35,0
12458,18.0,Male,Chennai,Bachelors,66,Month-to-month,Bank transfer,66.69,4371.27,1,1,0,64892.45,0
12459,18.0,Male,Hyderabad,Bachelors,56,Month-to-month,Credit card,78.37,4441.35,2,1,0,37681.34,0
12460,26.0,Male,Delhi,High School,45,Two year,Electronic check,108.15,4935.66,2,0,1,101877.19,0
12461,25.0,Female,Mumbai,PhD,67,Two year,Mailed check,62.22,4218.31,3,1,1,,0
12462,40.0,Female,Hyderabad,Masters,7,Two year,Electronic check,64.09,456.51,1,1,1,46924.25,0
12463,27.0,Female,Mumbai,,55,Month-to-month,Credit card,98.6,5401.24,1,0,0,47641.0,0
12464,33.0,Male,Delhi,Bachelors,28,Two year,Electronic check,52.92,1622.87,1,1,1,70336.21,0
12465,32.0,Male,Mumbai,Bachelors,31,One year,Mailed check,35.86,1062.08,2,1,1,90503.9,0
12466,,Female,Bengaluru,High School,57,Month-to-month,Credit card,70.51,4063.13,1,1,1,44678.22,0
12467,59.0,Male,Bengaluru,Masters,19,Month-to-month,Bank transfer,88.68,1701.56,1,1,0,94495.01,1
12468,51.0,Female,Bengaluru,Bachelors,64,Month-to-month,Electronic check,72.94,4665.03,2,0,1,,0
12469,42.0,Male,Hyderabad,Bachelors,36,Month-to-month,Credit card,62.87,2272.58,1,1,1,49534.65,0
12470,36.0,Female,Mumbai,Masters,25,Month-to-month,Electronic check,33.14,802.99,1,1,1,59710.81,0
12471,36.0,Male,Mumbai,Bachelors,23,Month-to-month,Mailed check,63.72,1486.91,2,1,0,108468.19,0
12472,46.0,Female,Delhi,High School,30,One year,Electronic check,92.13,2779.74,2,0,0,39459.31,1
12473,50.0,Male,Hyderabad,High School,68,Month-to-month,Bank transfer,37.85,2707.68,1,1,1,53898.35,0
12474,30.0,Male,Mumbai,Masters,7,Month-to-month,Electronic check,59.62,470.88,1,1,0,90956.84,0
12475,42.0,Female,Chennai,Bachelors,37,One year,Credit card,56.48,2115.55,1,1,1,74762.05,0
12476,18.0,Male,Delhi,Bachelors,60,Month-to-month,Bank transfer,49.65,3007.78,1,0,1,,0
12477,45.0,Male,Mumbai,Bachelors,34,Month-to-month,Electronic check,70.45,2487.28,1,0,1,91225.45,0
12478,52.0,Female,Bengaluru,Bachelors,41,Two year,Credit card,74.75,3016.23,1,1,0,92270.51,0
12479,38.0,Male,Delhi,Bachelors,25,Month-to-month,Credit card,74.52,1853.86,1,1,1,77290.59,0
12480,66.0,Male,Delhi,Masters,9,Month-to-month,Mailed check,43.51,296.23,1,1,0,56527.28,1
12481,31.0,Male,Mumbai,Bachelors,46,Month-to-month,Mailed check,28.79,1352.28,2,0,1,59917.3,0
12482,45.0,Female,Delhi,High School,67,Month-to-month,Mailed check,70.77,4784.0,2,1,0,76262.87,0
12483,42.0,Male,Delhi,PhD,37,Month-to-month,Bank transfer,53.87,,1,1,0,41137.56,0
12484,41.0,Female,Mumbai,High School,31,Two year,Credit card,105.44,3340.39,2,0,0,99211.27,0
12485,41.0,Female,Delhi,Masters,9,Two year,Electronic check,106.46,922.2,4,0,1,107404.6,0
12486,43.0,Male,Chennai,Masters,68,Month-to-month,Mailed check,108.8,7381.28,1,1,1,64808.99,0
12487,,Female,Hyderabad,Masters,63,Month-to-month,Bank transfer,44.32,2798.14,2,1,0,77834.3,0
12488,60.0,Female,Delhi,High School,65,Month-to-month,Credit card,77.53,5119.16,1,0,0,,0
12489,,Female,Pune,High School,26,One year,Electronic check,84.16,2145.25,3,1,1,,0
12490,53.0,Male,Mumbai,High School,45,Two year,Electronic check,81.68,3690.16,1,1,0,104253.59,0
12491,33.0,Female,Chennai,Bachelors,31,Month-to-month,Credit card,57.2,1811.94,1,1,0,,0
12492,52.0,Male,Pune,Masters,17,Two year,Credit card,93.14,1611.8,4,1,1,63057.82,0
12493,32.0,Male,Bengaluru,Bachelors,15,Month-to-month,Bank transfer,65.01,,2,1,0,81015.14,0
12494,56.0,Male,Mumbai,High School,28,One year,Bank transfer,67.82,1937.04,1,0,0,59127.22,0
12495,71.0,Female,Pune,High School,40,Month-to-month,Electronic check,31.17,1219.06,2,0,0,109220.87,0
12496,40.0,Male,Delhi,Bachelors,8,One year,Credit card,79.18,717.83,3,0,1,105846.25,0
12497,18.0,Female,Mumbai,High School,51,One year,Bank transfer,59.27,3017.21,1,1,1,52049.54,0
12498,35.0,Male,Chennai,Masters,33,One year,Bank transfer,75.23,2470.4,1,1,0,66427.2,1
12499,58.0,Male,Delhi,High School,64,One year,Credit card,70.17,4558.26,1,0,1,53509.81,0
12500,49.0,Male,Bengaluru,Bachelors,20,Month-to-month,Credit card,68.98,1348.07,3,1,0,65707.17,0
12501,45.0,Male,Bengaluru,Masters,3,Month-to-month,Electronic check,63.99,207.98,1,1,0,65040.49,0
12502,55.0,Female,Pune,Bachelors,22,One year,Electronic check,82.31,1774.68,1,1,0,90993.67,0
12503,48.0,Female,Bengaluru,Masters,71,One year,Electronic check,60.62,4429.98,1,0,0,50453.78,0
12504,58.0,Male,Chennai,Masters,23,Two year,Credit card,32.99,874.2,1,1,1,15000.0,0
12505,54.0,Male,Mumbai,High School,51,One year,Mailed check,77.52,3948.01,1,1,0,34700.05,0
12506,62.0,Male,Bengaluru,High School,61,Month-to-month,Bank transfer,47.2,2905.19,1,0,1,47377.36,1
12507,47.0,Female,Bengaluru,Masters,20,Month-to-month,Mailed check,35.87,717.66,1,0,1,55574.79,0
12508,54.0,Male,Delhi,Bachelors,46,One year,Mailed check,42.51,1938.03,1,0,0,74117.84,0
12509,38.0,Female,Mumbai,Masters,14,Month-to-month,Electronic check,71.23,1003.2,1,1,1,46244.53,0
12510,34.0,Male,Mumbai,High School,26,Month-to-month,Credit card,62.88,1632.85,1,0,1,43355.79,0
12511,64.0,Male,Delhi,PhD,21,Month-to-month,Mailed check,18.08,303.65,1,1,0,49552.16,1
12512,45.0,Female,Hyderabad,PhD,49,Month-to-month,Credit card,56.56,2784.59,2,1,0,45455.61,0
12513,52.0,Female,Delhi,High School,63,Two year,Electronic check,90.72,5713.25,1,1,1,57801.14,0
12514,44.0,Male,Hyderabad,High School,18,Month-to-month,Electronic check,55.07,1006.87,1,1,0,56859.68,0
12515,34.0,Male,Chennai,Bachelors,21,Two year,Electronic check,61.36,1284.68,2,1,1,85159.25,0
12516,42.0,Male,Hyderabad,Bachelors,59,Two year,Electronic check,87.95,5171.03,2,1,1,48230.35,0
12517,61.0,Male,Chennai,High School,33,Two year,Bank transfer,82.5,2766.25,2,1,0,,0
12518,49.0,Female,Bengaluru,High School,37,One year,Electronic check,87.48,3263.42,4,1,1,58009.5,0
12519,20.0,Female,Pune,Masters,51,Month-to-month,Mailed check,10.0,579.8,1,1,1,87795.47,0
12520,39.0,Male,Hyderabad,High School,10,Month-to-month,Electronic check,103.14,1056.14,1,1,0,66605.86,0
12521,65.0,Male,Delhi,Masters,63,One year,Credit card,79.0,,1,1,0,93115.33,0
12522,39.0,Female,Hyderabad,High School,26,Month-to-month,Electronic check,119.15,3128.74,1,1,0,44647.86,0
12523,19.0,Female,Hyderabad,Masters,48,Month-to-month,Bank transfer,47.79,2194.89,4,1,1,,0
12524,67.0,Female,Hyderabad,High School,31,Two year,Credit card,26.2,917.38,2,1,1,57330.4,0
12525,,Female,Delhi,High School,54,One year,Credit card,65.16,3532.36,2,1,1,43026.99,0
12526,41.0,Male,Bengaluru,Masters,44,Month-to-month,Bank transfer,58.94,2702.58,4,1,1,68514.76,0
12527,37.0,Female,Chennai,High School,12,One year,Bank transfer,79.38,909.09,2,0,1,108124.41,0
12528,56.0,Male,Pune,Bachelors,13,One year,Bank transfer,88.65,,1,1,0,51236.01,0
12529,35.0,Female,Delhi,Bachelors,64,Two year,Credit card,63.08,4055.41,3,0,1,67195.99,0
12530,,Male,Bengaluru,Bachelors,37,One year,Credit card,59.7,2227.03,1,1,0,41130.9,0
12531,49.0,Female,Delhi,Bachelors,20,Month-to-month,Mailed check,76.5,1546.91,1,0,0,37896.99,0
12532,,Male,Hyderabad,High School,10,One year,Bank transfer,59.36,602.89,1,0,0,52680.45,0
12533,44.0,Male,Mumbai,PhD,9,One year,Credit card,57.52,486.27,3,0,0,60100.37,0
12534,40.0,Male,Pune,High School,67,Month-to-month,Electronic check,87.82,5809.67,2,1,1,61077.17,0
12535,56.0,Female,Bengaluru,Masters,71,One year,Bank transfer,92.72,6597.28,1,1,1,65027.45,0
12536,31.0,Female,Delhi,Bachelors,28,Month-to-month,Electronic check,88.85,2423.67,3,1,1,33736.68,0
12537,,Male,Mumbai,High School,14,Two year,Mailed check,61.3,789.35,1,1,0,56229.18,0
12538,50.0,Male,Bengaluru,Bachelors,30,Two year,Bank transfer,17.92,518.57,2,1,0,81038.69,0
12539,50.0,Male,Bengaluru,Bachelors,9,Month-to-month,Mailed check,61.74,577.19,1,1,1,40118.61,0
12540,48.0,Female,Hyderabad,Bachelors,40,Month-to-month,Electronic check,48.32,2032.19,1,1,1,62186.79,0
12541,,Female,Bengaluru,Bachelors,45,Month-to-month,Credit card,62.15,2845.71,1,1,1,76442.56,0
12542,38.0,Female,Bengaluru,Bachelors,71,Month-to-month,Electronic check,50.24,3638.7,3,1,0,52790.13,1
12543,52.0,Female,Delhi,Bachelors,23,Month-to-month,Mailed check,64.54,1517.1,4,1,0,77513.54,1
12544,41.0,Female,Mumbai,High School,14,Month-to-month,Electronic check,42.14,608.3,1,0,1,36535.22,1
12545,36.0,Male,Delhi,Bachelors,9,Month-to-month,Credit card,36.82,456.67,1,1,0,89545.89,0
12546,,Female,Delhi,Bachelors,27,One year,Mailed check,91.9,2415.16,1,0,0,78047.62,0
12547,68.0,Male,Chennai,Masters,43,Month-to-month,Credit card,43.67,1857.15,2,1,1,71224.64,0
12548,,Female,Mumbai,Masters,4,Month-to-month,Mailed check,65.01,243.28,1,1,1,94746.0,0
12549,,Female,Bengaluru,High School,55,Month-to-month,Mailed check,288.51,4774.68,2,1,0,62754.32,0
12550,20.0,Female,Mumbai,Masters,33,Month-to-month,Electronic check,85.11,2759.69,1,0,1,56407.17,1
12551,41.0,Male,Mumbai,Bachelors,57,Month-to-month,Mailed check,82.49,4740.1,1,1,0,100195.97,0
12552,36.0,Female,Delhi,Bachelors,33,Two year,Credit card,71.66,2393.76,3,1,1,110496.85,0
12553,18.0,Female,Delhi,High School,11,Month-to-month,Bank transfer,80.93,930.9,2,1,0,54744.37,0
12554,47.0,Female,Mumbai,Masters,1,Two year,Electronic check,95.21,134.97,1,1,1,67497.65,0
12555,,Male,Chennai,High School,40,Month-to-month,Bank transfer,74.35,3050.92,1,0,1,92990.94,0
12556,18.0,Female,Delhi,Masters,39,Month-to-month,Mailed check,24.58,956.16,1,1,1,68280.81,0
12557,53.0,Male,Delhi,Bachelors,59,Two year,Bank transfer,53.37,3175.34,1,1,1,83080.95,0
12558,61.0,Female,Pune,High School,64,Month-to-month,Bank transfer,80.32,5103.65,1,1,1,87168.88,0
12559,61.0,Female,Delhi,Bachelors,11,Month-to-month,Bank transfer,51.2,,2,1,1,57629.3,0
12560,47.0,Female,Bengaluru,Bachelors,22,Month-to-month,Credit card,100.64,2302.32,1,1,1,79224.04,0
12561,43.0,Male,Hyderabad,High School,15,Two year,Bank transfer,63.61,913.54,1,0,0,69863.76,0
12562,59.0,Female,Delhi,Bachelors,7,Month-to-month,Electronic check,66.88,500.23,1,0,1,43228.89,0
12563,64.0,Female,Mumbai,Bachelors,0,Month-to-month,Mailed check,89.74,,1,0,0,48227.64,0
12564,57.0,Male,Chennai,High School,6,Two year,Credit card,60.98,424.63,1,1,1,55646.83,0
12565,30.0,Female,Delhi,Bachelors,38,One year,Electronic check,68.88,2534.53,3,1,1,90427.44,0
12566,45.0,Male,Delhi,Bachelors,11,One year,Electronic check,84.78,977.14,1,1,1,91149.88,0
12567,48.0,Male,Delhi,High School,14,Month-to-month,Bank transfer,32.61,453.64,2,1,1,86498.08,0
12568,18.0,Female,Mumbai,High School,8,One year,Mailed check,58.72,439.76,1,1,1,79682.44,0
12569,48.0,Male,Chennai,Bachelors,52,One year,Electronic check,83.24,4315.94,1,1,1,79082.18,0
12570,72.0,Female,Chennai,Bachelors,46,Month-to-month,Credit card,66.44,3108.08,1,1,1,76106.33,0
12571,50.0,Male,Chennai,Bachelors,70,One year,Electronic check,97.28,6846.16,2,1,0,78967.14,0
12572,61.0,Female,Mumbai,Masters,8,Two year,Bank transfer,30.33,236.24,1,1,1,80457.98,0
12573,44.0,Male,Pune,Bachelors,15,Month-to-month,Mailed check,27.82,360.34,2,1,1,39102.71,0
12574,41.0,Female,Hyderabad,Masters,33,Month-to-month,Bank transfer,81.93,2650.26,1,1,1,52614.56,0
12575,47.0,Female,Bengaluru,Bachelors,47,Month-to-month,Credit card,84.05,3988.0,2,1,0,47363.72,0
12576,31.0,Female,Hyderabad,Bachelors,9,One year,Electronic check,60.75,482.86,1,1,0,,0
12577,29.0,Male,Hyderabad,Bachelors,15,One year,Credit card,73.81,1101.24,1,1,1,106390.2,0
12578,58.0,Female,Delhi,High School,30,Month-to-month,Bank transfer,81.39,2575.75,2,1,1,22280.95,0
12579,60.0,Female,Bengaluru,Bachelors,1,Month-to-month,Credit card,47.1,70.08,1,1,0,104425.92,0
12580,29.0,Male,Bengaluru,Bachelors,28,Month-to-month,Electronic check,49.45,1421.71,1,1,1,71907.87,0
12581,55.0,Male,Mumbai,High School,55,Month-to-month,Bank transfer,69.17,3751.3,2,1,0,92279.84,0
12582,41.0,Male,Mumbai,Bachelors,38,One year,Credit card,84.89,3164.45,2,0,1,81142.28,0
12583,46.0,Female,Bengaluru,Bachelors,31,Month-to-month,Bank transfer,39.35,1259.64,2,1,1,101688.69,0
12584,48.0,Male,Bengaluru,Bachelors,35,Month-to-month,Credit card,60.65,2108.63,1,0,1,74614.33,0
12585,55.0,Female,Hyderabad,Bachelors,69,Month-to-month,Mailed check,59.63,4173.15,1,0,1,40004.0,0
12586,43.0,Female,Hyderabad,Bachelors,37,Month-to-month,Bank transfer,74.2,2752.56,1,0,1,67675.15,0
12587,60.0,Male,Bengaluru,Masters,39,One year,Bank transfer,64.81,2705.41,1,1,0,81344.43,0
12588,46.0,Male,Delhi,Bachelors,67,One year,Electronic check,52.99,3526.71,1,1,1,65248.86,0
12589,50.0,Male,Bengaluru,Bachelors,11,One year,Bank transfer,92.47,1036.63,1,1,0,84470.1,0
12590,31.0,Male,Delhi,High School,7,Month-to-month,Mailed check,53.14,,1,1,0,68554.66,0
12591,70.0,Male,Chennai,High School,32,One year,Credit card,58.57,1930.84,1,1,0,56898.79,0
12592,48.0,Female,Delhi,Bachelors,23,Month-to-month,Credit card,29.99,716.8,1,1,1,46108.48,0
12593,,Female,Chennai,,14,Month-to-month,Credit card,49.3,647.14,1,1,1,61380.06,0
12594,21.0,Male,Mumbai,High School,8,One year,Bank transfer,76.35,599.94,1,1,1,74500.58,0
12595,31.0,Male,Hyderabad,Bachelors,64,Month-to-month,Credit card,72.05,4684.79,1,0,1,26893.38,0
12596,58.0,Female,Delhi,High School,44,Month-to-month,Mailed check,78.19,3507.95,2,1,1,52838.32,0
12597,46.0,Female,Mumbai,Masters,50,Month-to-month,Bank transfer,77.12,,1,1,1,26072.78,0
12598,18.0,Female,Bengaluru,Bachelors,8,One year,Electronic check,110.93,869.14,1,0,1,56424.35,0
12599,,Female,Mumbai,Bachelors,24,Month-to-month,Bank transfer,48.55,1261.27,3,1,0,,0
12600,35.0,Male,Delhi,PhD,45,Two year,Electronic check,29.37,1318.29,1,1,1,43905.44,0
12601,60.0,Female,Delhi,Bachelors,38,Month-to-month,Credit card,41.89,1605.99,1,1,0,85469.51,1
12602,41.0,Male,Delhi,Bachelors,50,Month-to-month,Mailed check,49.52,2532.35,2,1,0,132674.15,0
12603,45.0,Male,Delhi,High School,48,Month-to-month,Credit card,43.56,2029.27,2,0,0,101977.84,0
12604,57.0,Female,Delhi,High School,30,One year,Credit card,67.06,1969.82,3,0,0,72937.29,0
12605,30.0,Female,Mumbai,Masters,57,One year,Bank transfer,92.56,5264.74,3,1,1,88885.56,0
12606,,Female,Delhi,Masters,18,Month-to-month,Electronic check,98.87,1844.89,2,1,1,39866.98,0
12607,39.0,Female,Delhi,Masters,5,One year,Bank transfer,76.09,436.44,1,1,1,35384.88,0
12608,53.0,Female,Bengaluru,PhD,66,Month-to-month,Bank transfer,112.11,7440.25,1,0,1,70631.36,0
12609,25.0,Male,Bengaluru,High School,1,Two year,Mailed check,57.16,55.2,1,1,1,78769.43,0
12610,20.0,Male,Mumbai,Masters,20,Month-to-month,Bank transfer,29.08,643.08,1,1,0,94076.89,0
12611,53.0,Female,Bengaluru,High School,8,Month-to-month,Credit card,88.17,702.73,3,0,1,,1
12612,34.0,Male,Mumbai,Bachelors,16,One year,Electronic check,24.55,426.7,1,1,0,74254.7,0
12613,,Male,Delhi,Bachelors,28,Month-to-month,Mailed check,48.39,1405.52,3,1,1,73500.45,0
12614,18.0,Male,Bengaluru,Bachelors,9,One year,Credit card,76.44,,1,0,1,67109.33,0
12615,33.0,Female,Bengaluru,High School,34,Month-to-month,Mailed check,62.75,2135.68,1,1,1,68405.55,0
12616,42.0,Female,Mumbai,Masters,67,Month-to-month,Credit card,60.8,4060.47,3,1,1,51196.5,0
12617,54.0,Female,Delhi,Bachelors,9,Month-to-month,Bank transfer,39.02,420.93,1,1,0,76153.56,1
12618,32.0,Female,Delhi,Masters,67,Month-to-month,Mailed check,64.76,4412.51,1,1,1,74291.1,0
12619,64.0,Female,Delhi,Bachelors,30,Month-to-month,Credit card,87.08,2590.23,1,0,0,60319.74,1
12620,33.0,Male,Hyderabad,Bachelors,43,Month-to-month,Electronic check,65.44,2763.67,1,1,0,84647.03,0
12621,33.0,Female,Hyderabad,Masters,32,One year,Mailed check,46.74,1561.63,1,0,0,92612.29,0
12622,62.0,Female,Mumbai,Masters,23,Month-to-month,Electronic check,37.55,786.56,2,1,1,84902.28,0
12623,45.0,Female,Hyderabad,High School,7,Month-to-month,Credit card,47.19,,3,0,1,47066.25,0
12624,35.0,Male,Chennai,Bachelors,43,Two year,Electronic check,73.63,3157.68,2,1,1,72192.21,0
12625,40.0,Female,Pune,High School,66,Month-to-month,Electronic check,72.56,4794.08,2,1,1,49948.51,0
12626,60.0,Female,Mumbai,Masters,38,Two year,Electronic check,47.39,1747.82,2,0,1,72124.2,0
12627,61.0,Male,Chennai,Bachelors,43,Month-to-month,Bank transfer,16.36,714.57,1,1,0,50034.19,0
12628,,Male,Mumbai,High School,46,Two year,Electronic check,74.24,3428.36,2,1,1,98097.59,0
12629,41.0,Male,Delhi,High School,28,One year,Electronic check,45.25,1242.98,2,0,0,87233.29,0
12630,43.0,Female,Delhi,High School,8,Month-to-month,Mailed check,80.16,742.95,1,1,1,95365.76,0
12631,29.0,Male,Delhi,Bachelors,37,Month-to-month,Bank transfer,48.37,1811.18,1,1,1,93137.89,0
12632,41.0,Female,Delhi,PhD,63,Month-to-month,Bank transfer,43.27,2782.43,2,1,0,64046.81,0
12633,42.0,Female,Mumbai,PhD,22,Month-to-month,Bank transfer,68.37,1431.33,4,1,0,,1
12634,57.0,Female,Hyderabad,Bachelors,63,Month-to-month,Bank transfer,116.87,7289.57,4,0,0,108317.92,0
12635,58.0,Male,Bengaluru,Masters,62,One year,Credit card,81.48,5074.76,1,0,1,,0
12636,38.0,Female,Bengaluru,Masters,17,One year,Bank transfer,68.0,1248.74,2,1,0,40199.23,0
12637,39.0,Female,Bengaluru,Masters,41,Month-to-month,Bank transfer,72.89,2937.99,1,1,1,92164.27,0
12638,51.0,Female,Mumbai,High School,54,One year,Mailed check,26.48,1437.09,3,1,0,73163.06,0
12639,34.0,Male,Bengaluru,Bachelors,36,Month-to-month,Credit card,40.31,1389.41,2,1,1,103130.77,0
12640,50.0,Female,Hyderabad,PhD,51,Month-to-month,Credit card,10.0,474.07,3,0,1,75345.33,0
12641,41.0,Female,Mumbai,Masters,66,Month-to-month,Bank transfer,103.06,6811.62,4,0,0,69559.97,0
12642,29.0,Female,Pune,Bachelors,45,Month-to-month,Mailed check,98.6,4412.37,1,1,1,103574.66,0
12643,30.0,Male,Bengaluru,High School,61,Month-to-month,Electronic check,73.64,4426.76,4,0,0,36153.74,0
12644,,Female,Bengaluru,Bachelors,58,Month-to-month,Credit card,67.97,3875.86,2,1,0,57122.03,0
12645,40.0,Male,Bengaluru,Bachelors,59,Month-to-month,Electronic check,30.87,1727.03,1,0,0,50478.01,0
12646,63.0,Male,Hyderabad,High School,62,Two year,Mailed check,60.18,3754.99,1,0,0,21708.24,0
12647,35.0,Female,Hyderabad,Bachelors,16,One year,Mailed check,104.43,1700.76,2,0,1,89209.88,0
12648,46.0,Male,Chennai,Bachelors,1,Two year,Electronic check,67.89,97.52,1,1,1,57736.79,0
12649,73.0,Male,Mumbai,Masters,11,Month-to-month,Mailed check,52.58,532.92,1,1,1,89918.1,0
12650,28.0,Male,Mumbai,Bachelors,18,Two year,Bank transfer,270.72,524.06,2,1,0,78559.9,0
12651,,Male,Mumbai,Bachelors,50,Month-to-month,Electronic check,95.37,4803.84,1,1,1,83357.13,0
12652,59.0,Female,Pune,High School,37,Month-to-month,Electronic check,63.46,2348.38,1,0,1,59981.21,0
12653,31.0,Male,Delhi,Bachelors,34,Month-to-month,Bank transfer,26.35,888.06,2,1,0,53186.54,0
12654,42.0,Male,Delhi,Masters,0,Month-to-month,Bank transfer,44.67,,1,1,1,71974.74,0
12655,34.0,Female,Mumbai,Bachelors,49,Month-to-month,Bank transfer,36.89,1817.22,2,1,1,90221.7,0
12656,45.0,Female,Bengaluru,Masters,26,One year,Credit card,62.1,1695.46,1,1,1,68891.6,0
12657,,Male,Pune,Bachelors,55,One year,Electronic check,69.56,3882.69,3,1,1,54557.4,1
12658,40.0,Male,Hyderabad,Bachelors,8,Month-to-month,Mailed check,53.93,418.63,1,1,0,43621.6,0
12659,48.0,Female,Mumbai,Masters,21,One year,Mailed check,82.1,1751.03,2,1,1,74491.59,0
12660,29.0,Female,Chennai,Masters,3,Month-to-month,Electronic check,66.73,145.12,2,1,1,57810.51,0
12661,33.0,Female,Pune,Bachelors,20,Month-to-month,Credit card,88.37,1803.9,3,1,1,68421.71,0
12662,37.0,Female,Hyderabad,Bachelors,67,Month-to-month,Electronic check,57.14,3786.84,1,1,0,64746.87,0
12663,23.0,Male,Bengaluru,Masters,35,Month-to-month,Mailed check,130.0,4584.51,1,0,0,60222.52,0
12664,37.0,Female,Hyderabad,,32,Month-to-month,Electronic check,52.58,1831.01,1,0,0,76463.68,0
12665,44.0,Female,Hyderabad,High School,19,Month-to-month,Mailed check,45.13,828.97,1,1,0,82199.09,0
12666,37.0,Female,Chennai,Bachelors,19,Month-to-month,Credit card,42.42,952.12,1,1,1,,0
12667,38.0,Male,Hyderabad,Bachelors,48,Two year,Bank transfer,60.36,2921.81,2,0,1,86675.29,0
12668,42.0,Male,Bengaluru,Bachelors,71,Two year,Bank transfer,27.17,,1,1,1,105061.01,0
12669,33.0,Female,Mumbai,High School,54,Two year,Electronic check,71.48,3820.15,1,1,0,51990.79,0
12670,,Female,Delhi,Bachelors,53,Month-to-month,Electronic check,23.08,1341.49,1,0,1,34779.22,0
12671,61.0,Female,Mumbai,Bachelors,34,Month-to-month,Bank transfer,68.56,2355.69,2,1,1,69682.53,0
12672,36.0,Male,Hyderabad,Bachelors,7,One year,Electronic check,35.27,218.58,2,1,1,,0
12673,,Female,Pune,High School,52,One year,Mailed check,56.61,2933.55,1,1,0,85425.56,0
12674,,Male,Mumbai,Masters,59,Month-to-month,Credit card,78.3,4641.24,1,1,1,96650.39,0
12675,47.0,Male,Delhi,Masters,37,One year,Mailed check,115.69,4280.09,1,1,1,15000.0,0
12676,,Male,Hyderabad,High School,6,Two year,Mailed check,41.28,264.97,2,1,1,97565.49,0
12677,49.0,Male,Mumbai,Masters,52,Month-to-month,Credit card,61.69,3296.56,2,1,0,77380.18,0
12678,19.0,Female,Delhi,Bachelors,67,Two year,Credit card,49.08,3231.96,1,1,0,36031.71,0
12679,48.0,Male,Chennai,Bachelors,16,Month-to-month,Electronic check,45.86,765.99,1,1,1,85917.63,1
12680,58.0,Male,Delhi,Masters,11,Month-to-month,Credit card,49.27,538.33,2,1,1,624097.31,0
12681,39.0,Male,Hyderabad,High School,53,Month-to-month,Mailed check,83.13,4380.94,2,1,1,78387.04,0
12682,55.0,Male,Bengaluru,Bachelors,24,One year,Credit card,54.26,1355.85,1,1,0,91980.4,0
12683,33.0,Female,Hyderabad,Masters,52,Month-to-month,Mailed check,114.48,5879.89,1,0,0,,0
12684,,Female,Mumbai,High School,51,Month-to-month,Credit card,74.15,3663.33,1,1,1,37597.85,0
12685,,Male,Mumbai,Masters,19,Month-to-month,Credit card,42.78,824.05,2,0,1,66853.42,0
12686,19.0,Female,Mumbai,Bachelors,3,Month-to-month,Mailed check,56.93,163.88,1,1,1,34411.81,0
12687,39.0,Male,Bengaluru,High School,40,One year,Mailed check,47.36,1826.76,2,0,1,84279.36,0
12688,59.0,Male,Mumbai,High School,29,Month-to-month,Electronic check,82.6,2309.87,2,1,1,100755.35,0
12689,18.0,Male,Hyderabad,High School,62,Month-to-month,Electronic check,28.95,1891.43,2,1,1,42688.06,0
12690,25.0,Female,Bengaluru,Masters,26,Two year,Mailed check,35.5,946.15,4,1,0,,0
12691,29.0,Male,Chennai,,18,Two year,Mailed check,51.99,936.8,1,1,1,50587.87,0
12692,41.0,Female,Chennai,Bachelors,62,Two year,Bank transfer,80.02,5071.0,2,0,1,60014.08,0
12693,,Female,Delhi,Masters,53,Month-to-month,Bank transfer,92.13,4933.99,2,0,1,79073.31,0
12694,60.0,Male,Delhi,Masters,45,Month-to-month,Electronic check,95.37,4380.11,2,0,1,60252.48,0
12695,54.0,Female,Mumbai,Masters,69,One year,Electronic check,76.66,5230.54,1,1,0,84355.66,0
12696,48.0,Male,Hyderabad,Bachelors,57,Two year,Electronic check,63.18,3540.39,1,1,0,93438.35,0
12697,44.0,Female,Bengaluru,High School,63,Month-to-month,Mailed check,82.48,5227.09,4,0,1,94238.7,1
12698,47.0,Female,Delhi,Bachelors,58,Two year,Mailed check,39.82,2330.28,1,1,1,45400.02,0
12699,31.0,Male,Hyderabad,,29,Month-to-month,Electronic check,24.42,770.66,3,0,0,100490.44,0
12700,53.0,Male,Delhi,PhD,4,One year,Electronic check,74.61,216.9,1,1,1,102253.59,1
12701,,Female,Bengaluru,Masters,44,Month-to-month,Electronic check,42.88,1921.9,1,1,0,104158.96,0
12702,53.0,Male,Delhi,Bachelors,55,Month-to-month,Mailed check,63.56,3545.26,3,1,1,66528.07,0
12703,57.0,Female,Delhi,Bachelors,72,Month-to-month,Credit card,67.63,4916.17,2,1,1,53459.47,0
12704,45.0,Male,Chennai,High School,49,Month-to-month,Credit card,70.46,,2,1,1,48346.69,0
12705,40.0,Male,Hyderabad,Bachelors,41,One year,Mailed check,85.63,3536.76,1,1,0,45760.84,0
12706,47.0,Male,Bengaluru,High School,42,One year,Bank transfer,83.31,3460.24,1,0,0,70257.19,0
12707,18.0,Male,Hyderabad,Masters,8,Month-to-month,Bank transfer,69.29,539.67,1,0,0,88652.74,0
12708,46.0,Female,Mumbai,Bachelors,0,One year,Mailed check,55.28,,2,1,0,,0
12709,41.0,Male,Delhi,Bachelors,3,Month-to-month,Credit card,67.37,,1,1,0,59317.74,0
12710,41.0,Female,Bengaluru,High School,66,Month-to-month,Electronic check,51.88,,1,1,1,69148.86,0
12711,51.0,Male,Delhi,Bachelors,57,Month-to-month,Mailed check,60.68,3434.21,1,0,1,67707.87,0
12712,41.0,Male,Hyderabad,Bachelors,18,Month-to-month,Credit card,122.6,2168.86,3,0,0,56023.83,0
12713,27.0,Male,Bengaluru,High School,30,Month-to-month,Mailed check,69.01,2005.32,2,1,1,86186.49,0
12714,40.0,Female,Delhi,High School,35,Two year,Mailed check,74.91,2719.9,1,1,0,77982.66,0
12715,43.0,Female,Delhi,Bachelors,18,Two year,Credit card,49.48,865.61,4,1,1,73120.11,0
12716,43.0,Male,Hyderabad,,30,Month-to-month,Electronic check,87.44,2639.7,1,1,1,77882.72,0
12717,44.0,Female,Mumbai,Bachelors,25,Month-to-month,Credit card,81.73,1955.3,1,1,1,83539.93,1
12718,56.0,Male,Chennai,Masters,50,One year,Electronic check,81.88,4161.88,1,0,0,83319.61,0
12719,28.0,Female,Mumbai,PhD,55,Month-to-month,Bank transfer,69.73,3843.51,3,0,1,51553.22,0
12720,44.0,Male,Mumbai,Masters,7,Month-to-month,Electronic check,87.75,592.06,1,0,0,89719.23,0
12721,59.0,Female,Chennai,High School,33,Two year,Mailed check,92.98,3046.58,1,0,1,75618.05,0
12722,19.0,Male,Delhi,Bachelors,72,Two year,Electronic check,71.23,5172.03,3,1,0,60438.44,0
12723,,Female,Delhi,Masters,63,Two year,Bank transfer,62.48,3788.59,2,1,1,75153.05,0
12724,34.0,Female,Delhi,Masters,57,Month-to-month,Bank transfer,84.68,,2,1,1,77578.5,0
12725,37.0,Female,Mumbai,Masters,53,Month-to-month,Mailed check,45.11,2384.88,2,1,1,93799.24,0
12726,30.0,Male,Bengaluru,Bachelors,0,One year,Credit card,49.2,,2,1,1,46984.58,0
12727,40.0,Female,Hyderabad,Masters,71,Month-to-month,Credit card,63.83,4657.2,1,1,1,99149.66,0
12728,66.0,Male,Mumbai,High School,53,One year,Bank transfer,26.69,1397.69,2,0,0,70509.66,0
12729,26.0,Male,Hyderabad,Bachelors,64,Month-to-month,Bank transfer,83.21,5374.95,1,1,0,58864.63,0
12730,27.0,Female,Mumbai,High School,66,Two year,Electronic check,43.82,2982.7,1,0,1,58191.32,0
12731,25.0,Female,Chennai,High School,18,Month-to-month,Electronic check,54.63,1016.87,4,1,0,47969.91,0
12732,64.0,Male,Hyderabad,Masters,1,Month-to-month,Electronic check,60.31,26.62,1,1,1,31699.87,0
12733,36.0,Female,Pune,High School,48,Two year,Mailed check,65.86,3097.06,1,1,0,84902.8,0
12734,42.0,Female,Chennai,Bachelors,33,One year,Electronic check,57.44,1932.79,1,1,0,113579.5,0
12735,37.0,Female,Chennai,Masters,1,Month-to-month,Electronic check,63.52,145.77,2,1,0,34412.46,0
12736,30.0,Male,Pune,Masters,19,Two year,Bank transfer,63.69,1237.41,4,0,1,49090.59,0
12737,39.0,Male,Chennai,PhD,72,One year,Electronic check,55.17,4033.91,1,1,0,86534.83,0
12738,74.0,Male,Chennai,Bachelors,26,One year,Electronic check,47.99,1377.34,1,1,0,68995.99,0
12739,60.0,Male,Mumbai,Bachelors,19,Month-to-month,Bank transfer,88.79,1728.88,2,1,0,88357.22,0
12740,31.0,Female,Hyderabad,Masters,47,Two year,Electronic check,18.7,823.87,2,0,0,67762.15,0
12741,50.0,Male,Bengaluru,High School,48,One year,Mailed check,60.47,2905.11,1,0,0,57226.2,0
12742,31.0,Male,Pune,Bachelors,24,One year,Credit card,54.68,1380.83,1,1,1,65031.47,0
12743,19.0,Female,Hyderabad,Masters,61,Two year,Mailed check,74.21,4514.37,2,1,1,17594.03,0
12744,55.0,Male,Delhi,Bachelors,42,Month-to-month,Electronic check,33.01,1461.71,1,0,0,44843.34,0
12745,57.0,Female,Mumbai,High School,11,One year,Credit card,54.0,590.65,2,1,0,,0
12746,56.0,Female,Delhi,Bachelors,23,Two year,Bank transfer,62.75,1459.97,1,1,0,96221.8,0
12747,36.0,Female,Bengaluru,High School,61,Month-to-month,Bank transfer,88.54,5383.4,2,0,0,100935.65,0
12748,40.0,Male,Hyderabad,Bachelors,6,One year,Mailed check,72.31,441.84,2,1,0,,1
12749,52.0,Male,Mumbai,Masters,0,Two year,Bank transfer,38.96,,2,1,1,20366.48,0
12750,47.0,Female,Mumbai,High School,47,Month-to-month,Mailed check,54.28,2470.73,2,1,0,56029.86,0
12751,37.0,Female,Delhi,,32,Month-to-month,Electronic check,84.49,2681.6,1,1,0,99142.42,0
12752,21.0,Female,Chennai,Bachelors,18,Month-to-month,Bank transfer,38.58,632.78,1,0,1,105707.19,0
12753,,Female,Delhi,Masters,34,Month-to-month,Electronic check,63.27,2130.82,1,1,0,99978.25,0
12754,56.0,Male,Mumbai,High School,13,Month-to-month,Bank transfer,64.8,802.64,2,1,1,64802.45,0
12755,26.0,Female,Bengaluru,Bachelors,27,One year,Credit card,56.51,1576.36,2,1,1,41255.33,0
12756,50.0,Male,Mumbai,High School,17,One year,Mailed check,124.31,2164.44,1,1,0,69106.11,0
12757,46.0,Male,Hyderabad,Bachelors,42,Month-to-month,Electronic check,55.92,2376.65,2,1,1,70325.75,0
12758,52.0,Male,Chennai,Bachelors,49,Month-to-month,Bank transfer,74.89,3606.23,1,0,0,104442.43,0
12759,53.0,Female,Mumbai,High School,66,One year,Credit card,48.14,3172.33,1,0,0,75011.41,0
12760,33.0,Female,Chennai,High School,4,Two year,Electronic check,76.61,239.08,1,0,1,70366.99,0
12761,21.0,Female,Hyderabad,Bachelors,23,Two year,Bank transfer,84.16,1928.32,3,1,1,71616.89,0
12762,35.0,Female,Mumbai,High School,19,One year,Electronic check,52.06,1021.51,1,1,0,78796.89,1
12763,54.0,Female,Mumbai,Masters,42,Month-to-month,Credit card,63.8,2729.21,1,1,0,83781.68,0
12764,35.0,Female,Mumbai,PhD,38,Two year,Electronic check,45.3,1745.04,2,0,1,54060.18,0
12765,33.0,Female,Mumbai,,64,Two year,Bank transfer,39.82,2611.4,1,1,1,46732.35,0
12766,18.0,Male,Delhi,High School,67,Two year,Bank transfer,87.81,5896.26,1,0,1,100152.29,0
12767,65.0,Female,Pune,Bachelors,56,One year,Mailed check,52.81,2945.68,1,0,1,33897.09,0
12768,53.0,Female,Mumbai,Bachelors,14,Month-to-month,Credit card,11.9,210.28,1,1,1,106030.44,0
12769,52.0,Male,Pune,Bachelors,2,Month-to-month,Credit card,103.84,253.0,1,0,1,27965.07,0
12770,55.0,Male,Bengaluru,Masters,65,Month-to-month,Mailed check,47.35,3051.54,1,0,0,57140.1,0
12771,49.0,Male,Bengaluru,Bachelors,68,Month-to-month,Mailed check,59.58,4070.39,2,1,0,91380.79,0
12772,39.0,Male,Hyderabad,High School,18,Month-to-month,Bank transfer,101.1,1805.08,2,0,1,70007.52,0
12773,40.0,Female,Chennai,High School,3,Two year,Electronic check,61.88,85.21,3,1,1,41037.51,0
12774,36.0,Female,Pune,Bachelors,49,Month-to-month,Electronic check,61.41,3031.1,1,1,1,79381.42,0
12775,76.0,Female,Mumbai,Masters,42,Month-to-month,Electronic check,37.98,1530.43,1,1,1,71474.1,0
12776,49.0,Male,Delhi,Bachelors,64,One year,Electronic check,29.03,1874.33,1,0,1,65246.94,0
12777,36.0,Female,Mumbai,High School,42,Month-to-month,Bank transfer,61.34,2499.51,1,1,0,56273.71,0
12778,48.0,Female,Mumbai,Bachelors,55,Month-to-month,Electronic check,72.98,3977.92,2,1,1,69238.67,0
12779,29.0,Female,Mumbai,Bachelors,57,One year,Electronic check,71.72,4066.36,1,1,1,57197.72,0
12780,62.0,Male,Hyderabad,Masters,0,Month-to-month,Credit card,54.41,,2,0,1,123559.72,0
12781,33.0,Male,Mumbai,Bachelors,10,Month-to-month,Electronic check,65.45,627.82,2,0,1,64719.62,1
12782,49.0,Male,Chennai,Bachelors,56,Month-to-month,Electronic check,24.58,1322.73,1,0,1,61777.35,0
12783,56.0,Female,Hyderabad,High School,13,Month-to-month,Mailed check,75.12,994.78,3,1,0,58084.0,1
12784,47.0,Male,Delhi,High School,15,Month-to-month,Credit card,68.55,1017.4,1,1,1,109092.92,0
12785,43.0,Female,Delhi,Masters,54,Month-to-month,Credit card,108.42,5894.21,4,1,1,33940.53,0
12786,42.0,Female,Hyderabad,PhD,14,Two year,Electronic check,65.16,861.65,2,0,1,77907.51,0
12787,41.0,Female,Mumbai,PhD,10,Month-to-month,Bank transfer,44.26,453.14,1,1,1,64735.62,0
12788,35.0,Male,Delhi,Masters,0,Month-to-month,Mailed check,63.88,,1,0,0,38685.2,0
12789,,Male,Mumbai,Bachelors,34,Month-to-month,Bank transfer,57.79,,1,0,0,51980.32,0
12790,61.0,Female,Mumbai,Bachelors,46,One year,Mailed check,74.56,3439.1,2,1,0,76972.99,0
12791,41.0,Female,Bengaluru,Masters,53,Month-to-month,Electronic check,65.59,3393.22,1,0,0,50983.35,0
12792,32.0,Female,Mumbai,Bachelors,66,One year,Credit card,37.28,2417.83,2,1,0,75710.41,0
12793,35.0,Male,Delhi,Bachelors,47,Two year,Bank transfer,29.01,1386.46,1,1,0,108041.37,0
12794,56.0,Female,Hyderabad,Bachelors,55,Month-to-month,Mailed check,70.78,3876.41,4,0,0,,0
12795,51.0,Male,Bengaluru,Masters,15,Two year,Bank transfer,95.43,1462.17,1,0,1,38022.73,0
12796,49.0,Male,Delhi,Bachelors,24,Month-to-month,Mailed check,66.75,1623.25,2,0,1,51370.48,0
12797,39.0,Male,Mumbai,Bachelors,22,Two year,Credit card,82.89,1757.68,2,1,1,63721.07,0
12798,49.0,Male,Mumbai,,4,One year,Electronic check,87.28,399.89,1,0,0,62250.83,0
12799,34.0,Male,Bengaluru,High School,70,One year,Electronic check,70.87,4898.77,1,1,1,73344.3,0
12800,,Male,Delhi,High School,17,Month-to-month,Bank transfer,47.08,762.11,2,0,0,76873.74,0
12801,55.0,Male,Chennai,,32,Month-to-month,Electronic check,69.3,2229.07,2,1,1,108071.62,0
12802,53.0,Male,Mumbai,Bachelors,26,Month-to-month,Electronic check,91.56,2458.91,2,0,1,69918.17,0
12803,29.0,Female,Chennai,Masters,3,Month-to-month,Electronic check,76.66,179.79,1,1,1,44651.72,1
12804,31.0,Female,Mumbai,Bachelors,65,One year,Credit card,81.46,5302.28,3,1,1,95383.73,0
12805,43.0,Female,Delhi,Masters,16,Month-to-month,Credit card,54.82,884.92,3,0,0,97786.54,0
12806,64.0,Female,Chennai,Bachelors,7,Month-to-month,Bank transfer,60.55,456.72,2,0,1,75113.75,0
12807,,Female,Chennai,Bachelors,24,Month-to-month,Credit card,62.39,1556.56,1,1,1,64579.32,0
12808,46.0,Male,Bengaluru,Masters,10,Two year,Credit card,63.87,618.5,1,1,1,83696.02,0
12809,24.0,Female,Mumbai,High School,72,Month-to-month,Credit card,90.7,6580.99,4,1,0,,0
12810,34.0,Male,Bengaluru,High School,13,One year,Electronic check,13.36,240.2,2,1,1,24774.4,0
12811,37.0,Male,Hyderabad,High School,22,Two year,Electronic check,65.67,1533.94,2,1,1,82396.43,0
12812,37.0,Female,Delhi,High School,19,Month-to-month,Bank transfer,63.25,1226.85,3,0,1,89629.53,0
12813,35.0,Male,Mumbai,Bachelors,1,Month-to-month,Credit card,34.83,42.7,1,1,1,101703.92,1
12814,42.0,Male,Bengaluru,High School,0,Two year,Credit card,79.78,,2,1,1,53923.31,0
12815,35.0,Female,Hyderabad,Bachelors,37,One year,Electronic check,49.06,1742.27,2,1,0,74975.64,0
12816,23.0,Male,Bengaluru,Masters,16,Month-to-month,Credit card,57.15,,2,1,1,75451.59,0
12817,52.0,Male,Mumbai,Bachelors,6,Month-to-month,Electronic check,105.67,639.64,2,1,1,71878.42,0
12818,52.0,Female,Chennai,Bachelors,21,Month-to-month,Mailed check,87.22,1826.15,1,1,1,72526.83,0
12819,53.0,Female,Chennai,Bachelors,20,One year,Credit card,77.64,1582.69,1,0,0,70816.99,0
12820,22.0,Female,Hyderabad,PhD,30,Month-to-month,Mailed check,73.38,2128.69,3,0,1,74658.49,0
12821,46.0,Male,Mumbai,High School,72,Two year,Bank transfer,61.38,4410.26,2,1,0,86294.98,0
12822,51.0,Female,Mumbai,Masters,22,Month-to-month,Electronic check,108.99,2497.52,1,1,1,96846.33,0
12823,29.0,Female,Bengaluru,Bachelors,51,Month-to-month,Credit card,82.65,4264.93,4,1,1,53360.69,0
12824,42.0,Female,Chennai,Masters,56,Month-to-month,Electronic check,48.51,2747.37,1,1,0,66209.37,0
12825,40.0,Male,Bengaluru,Bachelors,3,Month-to-month,Bank transfer,34.2,122.13,1,1,1,60702.62,0
12826,66.0,Female,Delhi,High School,36,Two year,Electronic check,77.47,2770.65,4,1,0,57555.21,0
12827,67.0,Male,Chennai,Masters,32,Month-to-month,Electronic check,63.77,1952.94,2,1,1,,0
12828,20.0,Female,Delhi,High School,37,One year,Electronic check,33.56,1264.58,3,0,1,70532.89,0
12829,74.0,Female,Pune,Masters,12,Month-to-month,Electronic check,74.43,770.74,3,1,0,80545.05,0
12830,30.0,Female,Bengaluru,Bachelors,33,Month-to-month,Electronic check,59.08,1933.36,1,1,0,66587.81,0
12831,55.0,Male,Bengaluru,High School,8,Month-to-month,Electronic check,76.67,613.18,1,1,1,69802.93,1
12832,55.0,Male,Mumbai,Bachelors,69,Month-to-month,Credit card,74.72,5133.32,2,1,0,79205.61,0
12833,29.0,Female,Delhi,Bachelors,42,Two year,Electronic check,51.62,2276.61,1,1,0,101044.63,0
12834,48.0,Female,Pune,Bachelors,2,Month-to-month,Bank transfer,78.92,249.06,2,1,1,60765.18,1
12835,41.0,Female,Hyderabad,Masters,36,Month-to-month,Bank transfer,54.05,1997.44,1,1,0,44224.53,0
12836,49.0,Male,Bengaluru,High School,67,Month-to-month,Credit card,55.48,3670.89,1,1,0,68010.32,0
12837,45.0,Male,Bengaluru,High School,54,One year,Mailed check,53.29,2973.73,1,1,1,111438.35,0
12838,58.0,Male,Mumbai,High School,19,Month-to-month,Electronic check,89.88,1738.67,2,1,1,44460.19,0
12839,43.0,Female,Chennai,Masters,65,Two year,Electronic check,58.83,3776.85,2,1,0,84302.99,0
12840,,Male,Mumbai,High School,13,One year,Electronic check,95.19,1239.11,1,1,1,95474.09,1
12841,56.0,Male,Delhi,Masters,18,One year,Mailed check,104.24,1924.25,1,1,0,17958.25,0
12842,50.0,Male,Delhi,Masters,11,Month-to-month,Bank transfer,48.75,506.31,1,1,0,79024.9,0
12843,52.0,Female,Bengaluru,Bachelors,67,Month-to-month,Credit card,10.0,677.03,2,1,1,83275.03,0
12844,33.0,Female,Delhi,,52,Two year,Credit card,87.98,4590.78,1,1,1,64118.63,0
12845,28.0,Male,Pune,Bachelors,37,Month-to-month,Credit card,57.48,2071.72,2,1,1,,0
12846,35.0,Female,Chennai,High School,48,One year,Electronic check,45.94,2191.62,2,1,1,57005.43,0
12847,34.0,Male,Pune,Bachelors,18,One year,Bank transfer,52.05,885.63,1,1,1,62771.49,0
12848,52.0,Male,Bengaluru,Bachelors,5,Two year,Electronic check,55.87,322.78,2,1,1,63353.89,0
12849,55.0,Male,Delhi,High School,61,Month-to-month,Credit card,93.54,5660.54,3,1,0,59202.91,0
12850,40.0,Male,Pune,Bachelors,70,Two year,Mailed check,68.52,4810.99,1,0,0,62421.54,0
12851,61.0,Female,Mumbai,High School,2,Month-to-month,Bank transfer,93.24,116.97,1,1,0,96197.42,0
12852,60.0,Male,Pune,High School,3,One year,Bank transfer,75.87,170.94,1,1,1,43282.57,0
12853,45.0,Female,Mumbai,Bachelors,40,One year,Bank transfer,58.2,2268.91,2,1,1,31520.71,0
12854,31.0,Female,Chennai,PhD,3,Month-to-month,Mailed check,56.41,154.75,3,0,0,96549.27,0
12855,62.0,Female,Chennai,Masters,52,Month-to-month,Credit card,77.36,4031.74,2,1,0,65775.61,0
12856,41.0,Female,Hyderabad,High School,69,Month-to-month,Mailed check,83.05,5748.69,4,1,1,61458.89,0
12857,44.0,Male,Chennai,Bachelors,20,Month-to-month,Credit card,86.93,1649.99,2,0,0,67553.22,1
12858,38.0,Female,Mumbai,Bachelors,21,Month-to-month,Mailed check,59.25,1235.82,1,1,1,74604.09,0
12859,30.0,Male,Delhi,Bachelors,63,Month-to-month,Electronic check,68.85,,1,1,1,58470.87,0
12860,23.0,Male,Delhi,High School,26,Month-to-month,Mailed check,77.85,2050.81,2,1,1,81130.48,0
12861,50.0,Female,Pune,Bachelors,17,Month-to-month,Electronic check,56.55,947.97,2,1,0,48830.22,1
12862,32.0,Male,Bengaluru,Bachelors,6,Month-to-month,Mailed check,40.03,236.14,1,1,1,63359.82,1
12863,82.0,Female,Mumbai,Bachelors,61,One year,Electronic check,47.26,2845.61,1,0,0,,0
12864,28.0,Female,Delhi,High School,67,Month-to-month,Credit card,59.7,4086.13,1,1,1,95789.22,0
12865,26.0,Female,Chennai,Bachelors,5,One year,Bank transfer,79.57,333.67,1,1,0,66126.07,0
12866,49.0,Female,Chennai,High School,58,Two year,Electronic check,92.7,5356.61,2,1,1,84742.29,0
12867,62.0,Female,Pune,Bachelors,11,Two year,Bank transfer,35.17,392.25,2,0,1,80484.64,0
12868,43.0,Male,Mumbai,Masters,10,Month-to-month,Credit card,51.86,506.03,2,1,1,82095.9,0
12869,49.0,Female,Hyderabad,High School,27,Month-to-month,Electronic check,57.13,1504.31,1,0,0,69828.94,0
12870,18.0,Male,Delhi,Bachelors,31,Month-to-month,Mailed check,82.48,2466.3,3,1,0,78541.0,0
12871,33.0,Male,Hyderabad,Bachelors,62,Month-to-month,Credit card,53.38,3274.98,1,0,1,48851.74,0
12872,28.0,Male,Chennai,Bachelors,51,Month-to-month,Electronic check,55.55,2785.08,1,0,0,44234.07,0
12873,18.0,Male,Delhi,Bachelors,10,Month-to-month,Credit card,33.94,423.36,2,0,0,67775.67,0
12874,44.0,Male,Bengaluru,Bachelors,42,Two year,Credit card,75.63,3289.69,3,1,0,55044.92,0
12875,,Female,Delhi,Bachelors,63,Month-to-month,Mailed check,61.45,3868.81,3,1,1,101360.21,0
12876,25.0,Female,Delhi,Bachelors,48,Month-to-month,Mailed check,50.61,2359.04,1,1,1,78253.18,0
12877,35.0,Female,Delhi,High School,16,Month-to-month,Credit card,59.29,985.54,1,1,1,54237.41,0
12878,31.0,Female,Delhi,High School,9,Month-to-month,Electronic check,89.79,759.06,2,1,1,64026.11,0
12879,47.0,Female,Delhi,Masters,33,Month-to-month,Electronic check,42.89,1387.91,2,1,1,72926.14,0
12880,46.0,Female,Delhi,Bachelors,34,Month-to-month,Electronic check,46.48,1548.88,1,0,1,68503.93,0
12881,54.0,Female,Bengaluru,Bachelors,25,One year,Bank transfer,92.55,2288.72,1,1,0,75978.41,0
12882,52.0,Male,Bengaluru,Bachelors,7,Two year,Bank transfer,66.67,448.95,1,1,1,71510.4,0
12883,57.0,Male,Pune,Bachelors,8,One year,Credit card,79.73,572.16,1,1,1,39405.55,0
12884,42.0,Male,Delhi,Bachelors,38,Two year,Electronic check,73.84,2770.82,1,1,0,22680.1,0
12885,46.0,Male,Hyderabad,High School,68,One year,Bank transfer,64.22,4417.96,2,1,1,61780.6,0
12886,49.0,Female,Pune,Masters,43,Month-to-month,Bank transfer,57.34,2463.94,1,0,0,82330.84,0
12887,44.0,Female,Delhi,Masters,31,Two year,Electronic check,83.29,2588.26,2,1,0,62027.88,0
12888,,Female,Chennai,Masters,67,Month-to-month,Credit card,90.57,5956.58,2,1,1,97204.41,0
12889,38.0,Male,Pune,High School,50,One year,Electronic check,88.85,4489.89,1,1,1,68968.49,0
12890,31.0,Female,Chennai,Bachelors,52,Month-to-month,Electronic check,38.92,1989.56,1,0,0,99858.31,0
12891,47.0,Male,Mumbai,Masters,41,Month-to-month,Electronic check,93.71,3898.31,3,0,0,95341.88,0
12892,,Male,Mumbai,Masters,55,Month-to-month,Credit card,57.13,3149.86,2,1,1,93128.31,0
12893,33.0,Female,Delhi,High School,36,Month-to-month,Bank transfer,48.39,1713.94,3,1,1,43522.74,0
12894,33.0,Male,Hyderabad,High School,45,One year,Credit card,61.27,2673.26,1,0,0,70377.09,0
12895,26.0,Female,Hyderabad,Bachelors,45,Two year,Bank transfer,83.28,3856.34,2,1,0,96901.02,0
12896,55.0,Male,Mumbai,High School,54,Two year,Credit card,76.89,4192.22,3,1,1,75991.58,0
12897,43.0,Female,Delhi,High School,65,Two year,Bank transfer,59.38,3902.85,1,1,1,82195.92,0
12898,31.0,Female,Delhi,Bachelors,21,Two year,Credit card,83.43,1842.97,1,1,0,39466.48,0
12899,53.0,Female,Hyderabad,High School,51,Two year,Credit card,68.08,3483.28,3,1,0,112213.38,0
12900,35.0,Female,Delhi,Bachelors,2,One year,Mailed check,52.39,172.4,1,1,1,,0
12901,24.0,Female,Mumbai,Bachelors,38,One year,Electronic check,49.42,1854.03,1,1,1,26122.65,0
12902,,Female,Bengaluru,,65,Month-to-month,Credit card,74.03,4848.83,4,1,0,62275.23,0
12903,35.0,Female,Mumbai,,47,Two year,Mailed check,63.18,2937.96,1,1,0,16155.36,0
12904,37.0,Female,Hyderabad,Bachelors,19,Month-to-month,Bank transfer,34.74,634.87,2,1,1,46127.25,0
12905,43.0,Male,Delhi,Masters,44,Month-to-month,Mailed check,83.64,3685.01,2,0,1,126287.26,0
12906,57.0,Female,Bengaluru,High School,26,Month-to-month,Mailed check,54.43,1351.81,2,1,1,61639.1,0
12907,,Male,Chennai,Bachelors,31,Two year,Mailed check,100.03,3117.4,1,1,0,,0
12908,26.0,Male,Mumbai,Bachelors,16,One year,Mailed check,34.13,530.48,1,0,0,70556.55,0
12909,49.0,Female,Mumbai,Masters,45,Month-to-month,Bank transfer,61.02,2646.52,2,0,1,50248.32,0
12910,36.0,Female,Pune,High School,14,Month-to-month,Credit card,49.6,671.52,2,1,1,,0
12911,67.0,Female,Hyderabad,Bachelors,32,One year,Bank transfer,43.54,1376.03,1,1,0,50430.01,0
12912,42.0,Female,Delhi,High School,68,One year,Mailed check,54.29,3734.36,1,1,1,75956.14,0
12913,18.0,Male,Hyderabad,Masters,55,Month-to-month,Electronic check,103.95,5731.51,1,0,0,44764.7,1
12914,47.0,Female,Delhi,Bachelors,30,One year,Mailed check,68.15,2116.87,1,1,0,127178.62,0
12915,67.0,Female,Bengaluru,Bachelors,70,One year,Electronic check,47.58,3356.61,2,1,0,81079.72,0
12916,62.0,Male,Chennai,Bachelors,1,Month-to-month,Bank transfer,24.77,0.0,3,1,1,66798.87,0
12917,66.0,Female,Mumbai,High School,70,Month-to-month,Credit card,27.13,1896.18,1,1,1,63554.92,0
12918,29.0,Male,Bengaluru,High School,25,Month-to-month,Electronic check,53.2,1312.6,3,1,1,57820.8,0
12919,54.0,Female,Delhi,Bachelors,59,One year,Bank transfer,51.06,3036.94,2,0,0,53259.9,0
12920,33.0,Male,Bengaluru,Bachelors,69,Two year,Electronic check,60.07,4147.82,2,1,1,,0
12921,45.0,Male,Delhi,Bachelors,43,Two year,Credit card,15.01,614.0,3,0,0,106923.23,0
12922,25.0,Female,Pune,High School,44,One year,Electronic check,62.98,2771.55,1,0,0,57842.49,0
12923,34.0,Male,Bengaluru,Masters,54,Month-to-month,Credit card,87.61,4754.0,3,0,1,23152.78,0
12924,33.0,Male,Chennai,Bachelors,17,Month-to-month,Bank transfer,100.7,1661.58,1,1,1,44348.71,0
12925,54.0,Male,Delhi,Bachelors,12,One year,Credit card,23.32,295.69,1,0,0,90409.94,0
12926,52.0,Female,Delhi,Bachelors,25,Month-to-month,Bank transfer,47.37,1105.32,2,1,0,64448.87,0
12927,46.0,Male,Chennai,Bachelors,34,One year,Bank transfer,46.21,1626.42,1,1,1,67050.2,0
12928,24.0,Female,Mumbai,Bachelors,54,Two year,Mailed check,68.21,3709.7,2,1,0,95735.92,0
12929,,Male,Pune,PhD,18,Month-to-month,Mailed check,38.17,768.52,1,1,1,52902.34,0
12930,32.0,Female,Hyderabad,High School,41,Month-to-month,Electronic check,102.01,4126.58,1,1,1,83913.19,0
12931,53.0,Female,Chennai,Bachelors,0,One year,Credit card,65.96,,2,0,1,55306.57,0
12932,57.0,Female,Mumbai,Bachelors,2,Month-to-month,Bank transfer,62.29,171.37,1,0,0,82669.29,0
12933,56.0,Male,Delhi,Bachelors,70,Month-to-month,Bank transfer,100.04,6993.69,1,0,1,61395.02,0
12934,32.0,Male,Delhi,High School,62,One year,Electronic check,64.65,3989.47,1,1,1,64685.92,0
12935,18.0,Female,Pune,Masters,63,Month-to-month,Mailed check,73.81,4595.77,3,1,1,88042.94,0
12936,19.0,Male,Mumbai,Bachelors,23,Month-to-month,Electronic check,48.48,1047.75,2,1,0,683979.48,0
12937,60.0,Male,Hyderabad,Bachelors,37,Two year,Electronic check,34.85,1251.89,1,1,1,66360.58,0
12938,37.0,Female,Bengaluru,Bachelors,49,Month-to-month,Bank transfer,51.57,2464.14,2,1,0,59624.28,0
12939,32.0,Male,Chennai,Masters,18,Month-to-month,Electronic check,113.11,2115.77,2,0,0,105181.25,0
12940,63.0,Male,Pune,Bachelors,54,Two year,Bank transfer,78.93,4187.12,1,1,0,,1
12941,58.0,Male,Chennai,High School,50,Month-to-month,Mailed check,71.04,3559.44,1,1,0,61394.88,0
12942,42.0,Male,Delhi,High School,29,Month-to-month,Mailed check,43.52,1283.87,2,1,0,55632.14,0
12943,38.0,Female,Chennai,Bachelors,31,Two year,Bank transfer,85.05,2654.42,1,1,1,92547.75,0
12944,40.0,Male,Bengaluru,Masters,22,One year,Bank transfer,35.13,795.12,3,1,0,72538.8,0
12945,45.0,Male,Hyderabad,Bachelors,58,Month-to-month,Mailed check,30.52,1817.48,1,1,0,66401.83,0
12946,63.0,Male,Delhi,Bachelors,72,One year,Credit card,52.7,3772.1,2,1,1,72529.45,0
12947,47.0,Male,Chennai,High School,72,Month-to-month,Electronic check,108.0,7780.38,1,0,0,77431.53,0
12948,51.0,Female,Delhi,High School,56,Two year,Bank transfer,106.75,5963.32,2,1,1,68752.84,0
12949,57.0,Female,Chennai,Bachelors,25,One year,Credit card,55.07,1441.88,3,1,1,96481.11,0
12950,27.0,Female,Delhi,Bachelors,57,One year,Electronic check,50.17,2964.68,1,1,0,,0
12951,52.0,Male,Bengaluru,Bachelors,17,Month-to-month,Mailed check,28.91,431.77,1,0,0,81701.54,0
12952,38.0,Male,Mumbai,High School,65,Month-to-month,Electronic check,66.72,4235.24,2,1,0,100243.82,0
12953,18.0,Male,Mumbai,High School,19,Month-to-month,Electronic check,68.56,1331.1,1,1,1,70186.93,0
12954,18.0,Female,Pune,Bachelors,29,One year,Electronic check,82.37,2442.25,1,1,0,85187.28,0
12955,29.0,Female,Hyderabad,Masters,6,One year,Credit card,85.04,608.09,2,1,1,92098.04,0
12956,49.0,Male,Mumbai,High School,5,Month-to-month,Electronic check,60.66,340.19,1,1,1,92418.84,0
12957,43.0,Female,Bengaluru,Bachelors,28,Month-to-month,Electronic check,77.23,2232.23,1,1,1,90151.98,0
12958,44.0,Female,Chennai,High School,40,Month-to-month,Electronic check,49.59,2066.6,1,1,1,83886.16,0
12959,67.0,Female,Bengaluru,High School,1,Month-to-month,Credit card,76.81,150.05,1,1,0,113056.82,1
12960,26.0,Female,Delhi,High School,61,Two year,Electronic check,53.84,3328.3,3,1,1,58126.69,0
12961,42.0,Female,Chennai,Bachelors,8,Two year,Bank transfer,75.11,,1,1,1,66585.14,0
12962,46.0,Male,Mumbai,High School,72,One year,Electronic check,73.33,5279.34,1,1,1,65280.77,0
12963,32.0,Male,Bengaluru,Bachelors,19,Two year,Electronic check,66.51,1278.69,2,0,1,61902.52,0
12964,42.0,Female,Bengaluru,Bachelors,27,One year,Credit card,82.48,2221.97,2,1,0,26247.02,0
12965,21.0,Female,Bengaluru,Masters,11,Month-to-month,Bank transfer,30.45,333.04,1,0,1,100247.03,0
12966,60.0,Female,Delhi,Masters,60,One year,Bank transfer,41.57,2572.56,2,1,1,47427.11,0
12967,33.0,Male,Mumbai,Bachelors,53,Month-to-month,Credit card,59.06,3092.34,2,1,1,73735.93,0
12968,68.0,Male,Pune,Bachelors,5,Month-to-month,Credit card,33.25,206.2,1,1,1,38719.05,0
12969,42.0,Female,Chennai,Bachelors,7,One year,Credit card,56.05,408.17,1,0,1,83655.75,0
12970,55.0,Male,Pune,Bachelors,44,Month-to-month,Electronic check,56.76,2454.56,2,1,1,52721.29,0
12971,41.0,Female,Hyderabad,Masters,63,Two year,Electronic check,93.81,5856.2,1,0,0,45008.84,0
12972,42.0,Male,Mumbai,Masters,8,Month-to-month,Credit card,68.14,460.05,1,1,0,74275.56,0
12973,,Female,Bengaluru,High School,16,Month-to-month,Bank transfer,87.65,1426.68,2,0,0,54583.84,0
12974,44.0,Male,Delhi,Bachelors,39,Month-to-month,Bank transfer,71.64,2790.8,1,1,0,57368.5,0
12975,46.0,Female,Delhi,High School,7,Month-to-month,Mailed check,53.22,331.25,1,1,1,73779.37,1
12976,32.0,Male,Mumbai,Bachelors,22,Month-to-month,Bank transfer,67.94,1400.87,1,1,0,87599.77,0
12977,40.0,Female,Mumbai,Bachelors,0,Month-to-month,Bank transfer,81.05,,3,1,1,51995.19,0
12978,34.0,Male,Mumbai,Masters,36,Month-to-month,Electronic check,91.25,3276.31,2,1,1,48193.77,0
12979,72.0,Female,Mumbai,Bachelors,52,Month-to-month,Electronic check,62.09,3193.0,1,1,1,70516.64,0
12980,,Female,Hyderabad,Bachelors,30,Month-to-month,Electronic check,28.75,814.3,1,0,0,81863.56,0
12981,62.0,Male,Pune,Bachelors,18,Month-to-month,Credit card,27.21,477.85,4,1,1,102180.61,0
12982,39.0,Male,Delhi,High School,30,Two year,Mailed check,57.82,1758.1,2,1,1,46430.75,0
12983,45.0,Female,Mumbai,Bachelors,37,Two year,Credit card,13.57,485.59,2,1,1,63004.72,0
12984,25.0,Female,Mumbai,High School,12,Month-to-month,Bank transfer,104.49,1194.45,1,1,0,95867.29,1
12985,,Male,Hyderabad,Bachelors,8,One year,Credit card,78.13,622.13,1,1,1,868253.38,0
12986,45.0,Male,Delhi,Masters,13,Two year,Credit card,51.02,715.54,1,0,0,873687.54,0
12987,63.0,Female,Hyderabad,Bachelors,71,Month-to-month,Mailed check,40.59,2883.9,2,0,0,53746.14,0
12988,45.0,Female,Mumbai,High School,52,Two year,Bank transfer,87.62,4559.66,3,1,0,78384.2,0
12989,60.0,Female,Hyderabad,Bachelors,9,One year,Bank transfer,40.5,348.22,1,1,1,57289.65,0
12990,50.0,Male,Hyderabad,Masters,21,Month-to-month,Electronic check,42.6,850.12,2,1,0,53296.9,0
12991,63.0,Male,Mumbai,High School,30,Month-to-month,Electronic check,48.15,1398.36,3,1,0,75378.35,1
12992,41.0,Male,Pune,High School,13,Two year,Bank transfer,67.51,794.54,3,0,1,104087.24,0
12993,73.0,Male,Bengaluru,Bachelors,62,Month-to-month,Credit card,78.66,4935.98,1,0,0,41191.39,0
12994,36.0,Female,Mumbai,Bachelors,68,Month-to-month,Electronic check,91.24,6227.44,1,1,0,,1
12995,32.0,Male,Bengaluru,Bachelors,17,Month-to-month,Mailed check,87.99,1499.95,3,1,1,57355.08,1
12996,26.0,Male,Delhi,Masters,1,Month-to-month,Credit card,65.02,79.8,1,1,1,77607.42,0
12997,,Male,Pune,Bachelors,19,Month-to-month,Electronic check,87.45,1678.53,1,1,1,104998.72,1
12998,53.0,Male,Delhi,PhD,42,Month-to-month,Credit card,50.24,2073.35,1,1,1,77157.12,0
12999,,Female,Chennai,PhD,59,One year,Electronic check,24.94,1455.2,1,1,0,63455.2,0
13000,58.0,Female,Hyderabad,High School,24,Month-to-month,Electronic check,50.24,1182.05,1,0,0,85799.86,1
13001,51.0,Female,Hyderabad,High School,19,Two year,Electronic check,47.26,1023.51,2,1,1,66190.34,0
13002,68.0,Male,Mumbai,Masters,18,Two year,Electronic check,51.1,970.81,3,0,1,81469.72,0
13003,22.0,Female,Mumbai,Masters,0,Month-to-month,Electronic check,43.89,,1,0,0,65497.02,0
13004,39.0,Female,Chennai,Bachelors,1,Two year,Bank transfer,54.86,123.16,3,1,0,88945.36,0
13005,36.0,Female,Bengaluru,High School,31,One year,Electronic check,78.64,2499.82,3,1,1,39326.9,0
13006,18.0,Male,Pune,High School,45,Month-to-month,Credit card,102.74,4554.27,2,0,1,47702.52,0
13007,56.0,Male,Bengaluru,PhD,0,Month-to-month,Mailed check,27.04,,2,1,0,39003.57,0
13008,38.0,Female,Bengaluru,High School,14,Month-to-month,Mailed check,36.67,512.56,3,1,1,68758.55,0
13009,52.0,Female,Pune,Masters,66,Two year,Bank transfer,47.59,3171.52,2,0,1,36350.16,0
13010,73.0,Male,Hyderabad,Bachelors,72,Month-to-month,Electronic check,81.85,5882.0,1,1,1,54779.71,0
13011,37.0,Female,Delhi,Masters,46,One year,Bank transfer,60.49,2777.61,3,0,0,45634.81,0
13012,37.0,Female,Chennai,High School,38,Two year,Electronic check,49.07,1841.59,1,1,0,102552.88,0
13013,,Female,Delhi,PhD,42,Two year,Credit card,80.77,3444.79,3,1,0,,0
13014,55.0,Male,Bengaluru,Bachelors,27,Two year,Mailed check,86.04,2250.91,1,1,0,41695.99,0
13015,35.0,Female,Mumbai,Masters,14,Month-to-month,Electronic check,64.59,882.89,1,1,0,75463.45,0
13016,34.0,Female,Pune,High School,27,Month-to-month,Bank transfer,47.04,1177.9,2,1,0,107110.07,0
13017,56.0,Male,Pune,High School,51,Month-to-month,Electronic check,70.95,3566.97,2,0,0,67446.52,0
13018,47.0,Female,Chennai,High School,48,Month-to-month,Credit card,59.87,2889.62,1,1,1,69148.18,0
13019,,Male,Delhi,Bachelors,49,Two year,Mailed check,59.7,2942.11,3,1,0,98396.66,1
13020,26.0,Male,Hyderabad,,44,One year,Mailed check,53.73,2348.46,1,0,0,89321.05,0
13021,62.0,Female,Delhi,Bachelors,4,Two year,Electronic check,85.35,397.6,1,1,1,79359.13,0
13022,47.0,Male,Delhi,High School,45,Month-to-month,Mailed check,70.5,3240.2,2,0,0,57188.5,0
13023,32.0,Male,Chennai,Bachelors,64,Month-to-month,Credit card,87.79,5615.1,1,1,0,80031.07,0
13024,40.0,Female,Mumbai,Bachelors,47,Month-to-month,Mailed check,94.4,4449.32,1,1,1,40062.75,0
13025,42.0,Female,Mumbai,Masters,42,Month-to-month,Bank transfer,75.1,3131.57,1,1,1,56279.14,0
13026,52.0,Female,Hyderabad,Bachelors,16,One year,Electronic check,53.86,893.1,1,1,1,,0
13027,24.0,Male,Chennai,Masters,57,One year,Credit card,87.89,4950.03,4,1,0,98643.84,0
13028,31.0,Female,Delhi,Bachelors,32,One year,Mailed check,75.24,2497.47,1,1,1,79624.66,0
13029,46.0,Male,Hyderabad,High School,19,Two year,Mailed check,122.27,2380.13,2,1,0,27554.22,0
13030,41.0,Male,Pune,Masters,35,Month-to-month,Electronic check,71.82,2453.75,2,1,0,43419.13,0
13031,49.0,Male,Mumbai,Bachelors,8,Month-to-month,Electronic check,80.35,603.35,1,1,1,55051.61,0
13032,26.0,Female,Chennai,Bachelors,67,One year,Electronic check,71.39,4804.19,3,1,1,66222.62,0
13033,47.0,Female,Bengaluru,Bachelors,51,Month-to-month,Credit card,62.82,3186.91,1,1,1,42490.95,0
13034,56.0,Male,Delhi,Masters,23,Month-to-month,Bank transfer,59.31,1391.36,1,1,0,64581.1,0
13035,48.0,Female,Mumbai,High School,57,Month-to-month,Electronic check,71.47,4055.82,2,1,1,108880.5,0
13036,44.0,Female,Delhi,High School,3,Two year,Bank transfer,76.47,305.65,2,1,1,78818.39,0
13037,41.0,Male,Chennai,Masters,28,Two year,Mailed check,90.4,2531.62,1,1,1,74814.19,0
13038,31.0,Female,Bengaluru,Bachelors,47,Month-to-month,Electronic check,71.79,3495.16,2,0,1,,0
13039,,Female,Mumbai,Bachelors,1,One year,Bank transfer,54.82,84.95,3,0,1,33942.33,1
13040,58.0,Male,Mumbai,Masters,51,Month-to-month,Electronic check,57.81,,1,1,0,42979.68,0
13041,40.0,Male,Chennai,High School,59,Month-to-month,Bank transfer,35.9,2222.42,2,0,1,33053.44,0
13042,30.0,Female,Delhi,High School,43,Month-to-month,Bank transfer,101.55,,1,0,0,71650.78,0
13043,,Male,Mumbai,High School,15,Month-to-month,Electronic check,53.09,,1,1,1,78445.49,0
13044,45.0,Female,Pune,Masters,54,Two year,Bank transfer,86.28,4691.45,1,1,1,48763.62,0
13045,37.0,Male,Delhi,Masters,24,Month-to-month,Electronic check,71.08,1646.47,1,0,0,73254.23,0
13046,48.0,Male,Chennai,Masters,53,Month-to-month,Credit card,71.68,3708.82,2,1,0,102317.86,0
13047,49.0,Female,Mumbai,Bachelors,45,Two year,Electronic check,62.42,2806.81,1,1,1,113069.34,0
13048,54.0,Male,Delhi,Bachelors,6,Month-to-month,Electronic check,47.67,354.96,1,1,1,86949.03,1
13049,,Female,Delhi,Masters,7,One year,Electronic check,43.69,325.62,1,1,0,66153.51,0
13050,55.0,Female,Chennai,Masters,1,Month-to-month,Mailed check,103.03,,1,0,0,86238.29,1
13051,30.0,Male,Hyderabad,High School,5,Month-to-month,Electronic check,67.51,403.61,2,1,0,99739.82,0
13052,30.0,Female,Delhi,High School,21,Month-to-month,Mailed check,89.76,1885.99,1,1,0,734108.93,0
13053,41.0,Male,Chennai,Bachelors,1,Two year,Credit card,95.47,154.66,1,1,1,102605.52,0
13054,36.0,Female,Chennai,Masters,68,Month-to-month,Electronic check,55.96,3881.41,1,0,0,58019.09,0
13055,27.0,Male,Bengaluru,Bachelors,66,Month-to-month,Electronic check,74.32,4901.11,1,1,0,58230.81,0
13056,36.0,Male,Bengaluru,High School,12,Month-to-month,Electronic check,65.99,781.19,2,1,0,62191.58,0
13057,36.0,Female,Bengaluru,Masters,22,Two year,Bank transfer,39.54,876.9,1,1,0,77041.85,0
13058,,Female,Mumbai,Bachelors,54,One year,Bank transfer,60.92,3169.08,2,1,0,416628.37,0
13059,38.0,Male,Chennai,High School,48,Two year,Credit card,77.93,3754.66,2,1,1,63734.09,0
13060,57.0,Male,Hyderabad,Bachelors,42,One year,Bank transfer,54.02,2304.86,1,1,1,81556.1,0
13061,45.0,Female,Chennai,Masters,72,Month-to-month,Bank transfer,57.85,4172.43,1,0,1,74808.57,0
13062,74.0,Male,Chennai,Bachelors,45,Month-to-month,Electronic check,61.19,2770.78,1,0,0,78377.92,0
13063,44.0,Female,Chennai,PhD,48,Month-to-month,Credit card,111.45,5347.43,1,0,1,62872.69,0
13064,38.0,Male,Chennai,Masters,36,Month-to-month,Electronic check,24.65,787.55,1,0,1,85261.62,0
13065,42.0,Male,Pune,High School,38,Month-to-month,Bank transfer,76.04,2972.65,3,0,0,93241.15,0
13066,45.0,Male,Bengaluru,Bachelors,21,One year,Credit card,59.43,1229.64,1,1,1,91921.66,0
13067,,Male,Chennai,High School,38,Month-to-month,Electronic check,50.91,1903.69,1,1,0,79407.43,0
13068,,Female,Chennai,Bachelors,67,Two year,Electronic check,58.89,4013.53,2,0,1,90655.64,0
13069,31.0,Female,Delhi,Bachelors,27,Month-to-month,Electronic check,79.68,2200.3,3,1,0,89163.33,0
13070,53.0,Male,Bengaluru,Bachelors,9,One year,Credit card,80.94,742.11,1,1,1,128883.17,0
13071,45.0,Male,Hyderabad,Bachelors,43,Month-to-month,Mailed check,69.09,3009.34,1,0,1,96797.48,0
13072,22.0,Male,Mumbai,High School,57,One year,Mailed check,89.04,5017.53,1,0,1,68047.63,0
13073,52.0,Female,Bengaluru,High School,69,Two year,Mailed check,92.91,6406.75,2,1,1,49943.06,0
13074,58.0,Female,Mumbai,Bachelors,39,Month-to-month,Bank transfer,82.96,3300.18,2,1,0,64254.91,1
13075,31.0,Male,Mumbai,High School,57,Month-to-month,Bank transfer,52.98,2986.0,1,1,1,62700.73,0
13076,,Female,Bengaluru,High School,18,One year,Bank transfer,75.88,1315.92,1,0,0,81251.3,0
13077,,Female,Delhi,Masters,30,Two year,Credit card,75.98,2283.33,1,1,0,,0
13078,26.0,Female,Chennai,Bachelors,30,One year,Electronic check,47.06,1416.9,2,1,1,96227.9,0
13079,56.0,Female,Bengaluru,Bachelors,24,Month-to-month,Electronic check,30.47,763.66,1,0,1,39429.61,0
13080,36.0,Male,Delhi,High School,52,One year,Bank transfer,20.5,997.09,1,1,1,34084.45,0
13081,,Male,Mumbai,Masters,64,One year,Electronic check,66.54,,1,1,0,67027.45,0
13082,,Female,Delhi,Masters,23,Month-to-month,Bank transfer,71.56,1691.94,2,0,0,51463.7,0
13083,35.0,Male,Bengaluru,Bachelors,9,One year,Credit card,39.0,296.85,1,1,0,42318.86,0
13084,36.0,Male,Hyderabad,High School,60,Month-to-month,Mailed check,88.01,5250.1,3,0,1,55984.46,0
13085,,Female,Bengaluru,Masters,62,Month-to-month,Electronic check,68.35,4128.54,1,1,0,53247.31,0
13086,27.0,Female,Mumbai,Bachelors,68,Month-to-month,Credit card,94.69,6490.07,1,1,0,70222.96,0
13087,30.0,Female,Delhi,Masters,18,One year,Mailed check,73.15,1334.22,1,0,1,56349.64,0
13088,44.0,Female,Pune,Bachelors,52,Month-to-month,Electronic check,41.54,2175.59,1,1,1,58139.04,0
13089,55.0,Male,Pune,Masters,52,Month-to-month,Mailed check,75.08,3919.33,1,0,1,69892.95,0
13090,58.0,Female,Hyderabad,Bachelors,57,One year,Electronic check,79.74,4442.17,1,0,0,,0
13091,33.0,Female,Delhi,Bachelors,58,Month-to-month,Electronic check,52.95,3021.84,1,0,1,102356.4,0
13092,54.0,Male,Mumbai,Masters,69,Month-to-month,Electronic check,33.27,2273.04,1,1,1,73250.89,0
13093,32.0,Male,Delhi,Bachelors,34,Two year,Mailed check,67.21,2247.7,2,1,0,74961.95,0
13094,66.0,Female,Delhi,Bachelors,5,One year,Mailed check,42.98,201.32,1,0,1,65969.89,0
13095,27.0,Male,Hyderabad,Bachelors,14,Month-to-month,Bank transfer,89.66,1267.55,2,1,0,80587.47,1
13096,59.0,Male,Mumbai,Bachelors,64,Month-to-month,Bank transfer,56.04,3636.88,3,1,0,78584.83,0
13097,33.0,Male,Pune,,61,Month-to-month,Credit card,102.94,6205.33,2,1,1,99168.65,0
13098,68.0,Female,Hyderabad,High School,0,One year,Credit card,18.27,,1,0,1,,0
13099,50.0,Female,Pune,Bachelors,26,Month-to-month,Electronic check,67.97,1802.8,2,1,1,64841.05,0
13100,29.0,Female,Chennai,Bachelors,17,Month-to-month,Electronic check,96.45,1593.45,2,1,0,,0
13101,35.0,Male,Delhi,High School,23,Two year,Bank transfer,45.41,1034.79,1,1,1,69421.75,0
13102,52.0,Male,Hyderabad,High School,46,One year,Electronic check,61.5,2852.33,1,1,1,49338.19,0
13103,56.0,Female,Chennai,Bachelors,37,Two year,Mailed check,56.13,2077.37,1,1,1,41413.93,0
13104,41.0,Male,Mumbai,Bachelors,35,One year,Electronic check,49.96,1782.31,1,1,0,87739.09,0
13105,43.0,Female,Mumbai,Masters,31,Two year,Mailed check,70.38,2186.51,1,1,1,53347.63,0
13106,52.0,Female,Delhi,Bachelors,46,Month-to-month,Mailed check,36.5,1663.41,1,1,1,31392.19,0
13107,44.0,Female,Delhi,Bachelors,49,Month-to-month,Credit card,62.56,3006.8,2,1,0,88844.6,1
13108,25.0,Male,Bengaluru,High School,3,Month-to-month,Bank transfer,76.35,241.41,1,1,1,80097.62,0
13109,31.0,Male,Delhi,High School,10,Month-to-month,Mailed check,60.27,607.7,1,0,1,67450.77,0
13110,45.0,Female,Delhi,Bachelors,24,Two year,Mailed check,43.0,982.36,3,1,1,49879.86,0
13111,58.0,Female,Bengaluru,Bachelors,31,One year,Bank transfer,87.66,2746.56,1,1,0,67504.29,0
13112,63.0,Male,Chennai,Bachelors,72,Month-to-month,Electronic check,81.07,5900.44,1,1,0,96742.93,0
13113,,Female,Mumbai,Bachelors,65,Month-to-month,Credit card,42.09,2702.85,1,1,1,,0
13114,46.0,Female,Chennai,High School,47,One year,Mailed check,36.53,1680.53,1,1,0,35592.49,0
13115,52.0,Male,Pune,Bachelors,2,Month-to-month,Bank transfer,44.06,,1,1,0,56189.16,0
13116,33.0,Female,Delhi,High School,7,One year,Electronic check,77.0,455.07,1,1,0,69413.84,1
13117,40.0,Female,Bengaluru,Bachelors,33,Two year,Electronic check,71.06,2445.2,3,1,0,59081.58,0
13118,31.0,Male,Mumbai,Bachelors,42,One year,Bank transfer,82.38,3437.52,3,1,1,84141.96,0
13119,26.0,Male,Hyderabad,Bachelors,48,Month-to-month,Bank transfer,57.82,2732.44,1,1,1,93954.35,0
13120,46.0,Male,Chennai,Bachelors,10,One year,Electronic check,44.66,390.26,2,1,0,76132.91,0
13121,44.0,Male,Mumbai,Bachelors,64,One year,Credit card,85.21,5434.04,2,1,0,82329.51,0
13122,51.0,Female,Chennai,Masters,36,Two year,Credit card,52.82,1866.76,2,0,0,75986.19,0
13123,49.0,Male,Mumbai,High School,43,Month-to-month,Mailed check,69.1,3043.2,1,1,1,70209.18,1
13124,45.0,Male,Chennai,Masters,2,One year,Bank transfer,30.9,0.0,2,1,1,41541.71,0
13125,49.0,Female,Bengaluru,Bachelors,60,One year,Bank transfer,52.46,3070.67,1,1,1,47384.18,0
13126,41.0,Male,Delhi,Bachelors,39,Month-to-month,Electronic check,87.21,3428.78,1,1,1,40279.79,0
13127,47.0,Female,Pune,High School,16,Month-to-month,Electronic check,49.24,782.48,3,0,0,66732.89,1
13128,33.0,Female,Bengaluru,High School,23,Month-to-month,Credit card,82.92,1896.01,1,0,0,75110.12,1
13129,47.0,Female,Mumbai,Masters,25,Two year,Mailed check,13.72,370.98,1,0,1,38116.23,0
13130,51.0,Male,Hyderabad,High School,1,Month-to-month,Credit card,52.69,59.53,1,1,0,71597.09,1
13131,33.0,Male,Mumbai,Bachelors,68,Month-to-month,Mailed check,61.23,4161.3,3,1,0,50745.24,1
13132,,Female,Pune,High School,58,Month-to-month,Electronic check,103.34,5923.44,1,1,0,46477.61,0
13133,34.0,Male,Mumbai,High School,64,Month-to-month,Electronic check,39.28,2430.52,1,0,1,56242.31,0
13134,,Female,Bengaluru,,25,One year,Electronic check,79.76,1958.98,2,0,1,45349.52,0
13135,27.0,Male,Bengaluru,Bachelors,40,Month-to-month,Bank transfer,88.25,,1,0,1,83346.5,0
13136,58.0,Female,Bengaluru,Bachelors,33,Month-to-month,Electronic check,49.13,1634.75,1,1,0,66303.9,0
13137,56.0,Male,Bengaluru,High School,34,Month-to-month,Credit card,56.78,1840.58,2,0,1,87934.71,0
13138,49.0,Male,Delhi,High School,42,Month-to-month,Bank transfer,68.12,2838.68,3,1,1,60243.08,0
13139,68.0,Male,Hyderabad,Bachelors,32,One year,Electronic check,32.41,1028.47,2,1,1,61074.91,0
13140,,Female,Mumbai,High School,56,Two year,Mailed check,54.99,3077.46,1,1,1,111214.42,0
13141,81.0,Male,Chennai,High School,4,Month-to-month,Credit card,93.07,392.23,1,1,1,34292.67,0
13142,39.0,Male,Mumbai,Bachelors,14,Month-to-month,Electronic check,76.5,1054.67,2,1,1,98258.59,0
13143,45.0,Female,Chennai,High School,65,Month-to-month,Mailed check,61.55,3967.38,1,0,0,106399.53,1
13144,37.0,Female,Hyderabad,Masters,64,Month-to-month,Mailed check,67.49,4381.58,2,1,0,86847.98,0
13145,47.0,Female,Chennai,Bachelors,59,Month-to-month,Credit card,77.78,4573.02,1,1,1,62729.65,0
13146,53.0,Male,Delhi,High School,26,Two year,Credit card,81.99,2202.7,3,0,1,101391.85,0
13147,41.0,Male,Chennai,Bachelors,33,Month-to-month,Credit card,52.76,1724.82,1,1,1,62921.25,0
13148,65.0,Male,Hyderabad,Bachelors,1,Month-to-month,Mailed check,98.76,97.95,3,0,1,54472.72,0
13149,45.0,Female,Pune,Bachelors,20,Two year,Credit card,93.96,1872.26,1,0,0,61458.1,0
13150,46.0,Male,Mumbai,Masters,53,One year,Mailed check,79.9,4246.26,2,1,1,57455.74,0
13151,30.0,Male,Chennai,Bachelors,25,Month-to-month,Bank transfer,46.45,1140.26,1,1,0,49174.29,0
13152,47.0,Male,Bengaluru,High School,35,One year,Credit card,42.56,1494.41,1,0,0,94420.17,0
13153,,Female,Pune,Bachelors,8,One year,Electronic check,57.81,539.02,1,1,1,52984.14,0
13154,34.0,Male,Delhi,Bachelors,36,Two year,Credit card,66.34,2440.68,1,0,1,69347.77,0
13155,32.0,Female,Delhi,Bachelors,52,Month-to-month,Mailed check,26.09,1409.47,1,1,1,38237.02,0
13156,77.0,Male,Chennai,Masters,41,Month-to-month,Credit card,75.88,3043.98,1,0,0,,0
13157,39.0,Female,Delhi,High School,40,One year,Bank transfer,93.32,3673.79,3,0,1,44569.63,0
13158,23.0,Female,Hyderabad,High School,66,Two year,Electronic check,77.68,5137.77,2,1,1,44029.31,0
13159,33.0,Male,Delhi,Masters,17,One year,Credit card,50.13,890.75,2,1,1,67595.67,0
13160,41.0,Female,Pune,High School,21,Month-to-month,Electronic check,47.52,971.96,1,1,0,93253.39,0
13161,49.0,Female,Bengaluru,High School,45,Two year,Electronic check,71.6,3187.12,1,0,0,79689.1,0
13162,,Male,Delhi,High School,35,Month-to-month,Electronic check,61.63,2226.74,1,0,1,81200.65,0
13163,51.0,Female,Chennai,Masters,71,Month-to-month,Credit card,74.75,5341.54,1,1,0,67141.82,0
13164,34.0,Female,Mumbai,Bachelors,4,Month-to-month,Credit card,78.24,365.86,2,0,1,62615.91,0
13165,46.0,Female,Mumbai,Masters,8,Two year,Bank transfer,89.02,690.09,2,1,0,,0
13166,31.0,Female,Chennai,Bachelors,24,Month-to-month,Electronic check,40.09,936.16,1,0,1,57610.1,0
13167,,Female,Delhi,Masters,33,Two year,Mailed check,69.88,2353.48,1,0,1,88357.55,0
13168,30.0,Male,Mumbai,Masters,65,Month-to-month,Electronic check,57.0,3691.86,1,0,1,97190.83,0
13169,27.0,Female,Bengaluru,Masters,36,Month-to-month,Electronic check,62.83,2231.34,1,0,1,51489.49,0
13170,56.0,Male,Delhi,High School,31,One year,Credit card,84.02,2558.96,1,1,0,54722.2,0
13171,51.0,Female,Pune,Masters,12,Month-to-month,Electronic check,86.41,1011.36,1,1,0,57994.7,0
13172,55.0,Male,Chennai,Bachelors,31,Month-to-month,Electronic check,95.77,3012.62,1,1,1,37726.82,0
13173,43.0,Female,Chennai,Masters,38,Two year,Electronic check,74.36,,1,0,1,59673.14,0
13174,52.0,Female,Chennai,Bachelors,42,Two year,Credit card,62.58,2659.81,2,1,1,,0
13175,19.0,Male,Chennai,High School,44,One year,Mailed check,59.44,2579.95,4,1,0,46997.34,0
13176,,Female,Delhi,Bachelors,31,Month-to-month,Bank transfer,26.84,821.52,1,0,0,,0
13177,44.0,Female,Hyderabad,Bachelors,11,One year,Electronic check,94.47,1031.86,1,0,1,60464.22,0
13178,50.0,Male,Pune,Masters,11,One year,Mailed check,57.92,626.08,1,0,1,116508.78,0
13179,47.0,Male,Hyderabad,Bachelors,11,Month-to-month,Bank transfer,76.13,823.07,2,0,0,,1
13180,29.0,Male,Pune,Bachelors,45,Month-to-month,Electronic check,79.94,3575.08,1,1,1,66832.4,0
13181,,Male,Chennai,Bachelors,62,Month-to-month,Electronic check,37.6,2302.63,2,0,0,49975.97,0
13182,33.0,Female,Mumbai,,64,Month-to-month,Electronic check,44.69,2926.15,1,1,0,54870.58,0
13183,49.0,Male,Bengaluru,Bachelors,22,Month-to-month,Credit card,99.03,2179.91,3,1,1,99439.94,0
13184,51.0,Female,Delhi,,5,Month-to-month,Bank transfer,71.39,350.65,1,1,1,80439.81,0
13185,24.0,Male,Chennai,Masters,46,Two year,Credit card,52.23,,1,0,0,92633.99,1
13186,29.0,Male,Pune,Bachelors,2,Two year,Mailed check,62.22,104.04,1,1,1,41057.04,0
13187,33.0,Female,Bengaluru,Bachelors,45,Month-to-month,Bank transfer,88.9,3968.44,1,1,1,84406.23,0
13188,37.0,Male,Mumbai,Masters,27,Two year,Mailed check,85.55,2348.12,1,1,1,48628.25,0
13189,24.0,Female,Delhi,Bachelors,61,One year,Electronic check,32.75,1960.07,3,0,1,40578.99,0
13190,24.0,Male,Mumbai,Bachelors,45,Two year,Mailed check,100.95,4430.44,2,0,1,75252.86,0
13191,31.0,Female,Bengaluru,Masters,54,Two year,Electronic check,86.26,4660.96,3,1,0,75027.84,0
13192,43.0,Female,Pune,Bachelors,29,Month-to-month,Electronic check,61.65,1773.88,3,0,1,71173.61,0
13193,27.0,Female,Delhi,Bachelors,61,Two year,Credit card,38.78,2336.29,1,0,0,,0
13194,40.0,Female,Hyderabad,PhD,38,Month-to-month,Credit card,88.19,3396.8,3,1,0,89218.46,1
13195,56.0,Male,Chennai,Bachelors,45,Two year,Credit card,75.48,3259.92,2,1,0,102334.05,0
13196,25.0,Female,Chennai,Bachelors,26,One year,Electronic check,32.93,934.99,1,1,0,,0
13197,39.0,Female,Mumbai,High School,32,One year,Electronic check,59.89,1969.21,2,0,1,103044.36,0
13198,55.0,Female,Mumbai,High School,61,Month-to-month,Electronic check,130.0,7898.6,3,0,1,111410.85,0
13199,37.0,Male,Mumbai,Masters,28,Month-to-month,Credit card,65.36,1807.54,2,0,0,61942.94,0
13200,35.0,Male,Delhi,Masters,1,Month-to-month,Electronic check,48.68,73.9,2,1,1,33293.18,0
13201,57.0,Male,Mumbai,Masters,27,Month-to-month,Electronic check,42.81,1182.43,1,1,1,39563.02,0
13202,38.0,Male,Bengaluru,Masters,28,Month-to-month,Bank transfer,103.99,2880.03,2,1,0,,1
13203,56.0,Male,Hyderabad,Masters,30,Month-to-month,Mailed check,83.65,2428.66,1,1,1,114311.11,0
13204,48.0,Male,Delhi,Bachelors,5,Two year,Bank transfer,95.96,585.48,2,1,0,70375.76,0
13205,38.0,Male,Bengaluru,High School,9,Two year,Bank transfer,70.46,681.95,2,0,0,56421.95,0
13206,48.0,Male,Bengaluru,Bachelors,23,Month-to-month,Bank transfer,92.59,2137.41,1,1,1,54921.15,0
13207,46.0,Male,Mumbai,Masters,30,Two year,Credit card,46.34,1398.99,1,1,1,40900.11,0
13208,,Female,Mumbai,Bachelors,2,One year,Electronic check,68.58,168.23,2,1,0,89240.67,0
13209,35.0,Female,Mumbai,Masters,28,Two year,Electronic check,71.32,2034.01,1,1,0,67974.49,0
13210,43.0,Male,Bengaluru,Masters,23,One year,Mailed check,95.41,2090.11,1,1,1,116196.25,0
13211,41.0,Male,Bengaluru,High School,2,One year,Mailed check,72.01,126.48,1,1,1,83820.61,1
13212,51.0,Male,Delhi,Bachelors,18,Month-to-month,Mailed check,51.24,899.58,2,0,1,88258.6,1
13213,29.0,Female,Mumbai,Bachelors,20,One year,Mailed check,66.41,1320.13,1,1,1,64673.69,0
13214,55.0,Female,Delhi,Bachelors,10,One year,Mailed check,28.12,319.74,1,1,1,45997.33,1
13215,48.0,Male,Mumbai,High School,54,Month-to-month,Mailed check,13.94,663.26,3,1,1,50781.22,0
13216,25.0,Male,Hyderabad,,5,Month-to-month,Credit card,83.29,348.99,1,1,0,39876.57,1
13217,,Male,Hyderabad,Bachelors,42,Two year,Electronic check,56.76,2349.83,3,1,1,90028.68,0
13218,71.0,Male,Hyderabad,Bachelors,48,Two year,Credit card,59.25,2851.72,1,1,0,61531.87,0
13219,55.0,Male,Bengaluru,Masters,58,One year,Bank transfer,83.28,4871.85,1,1,1,90955.01,0
13220,61.0,Female,Delhi,Bachelors,39,Month-to-month,Electronic check,95.73,3815.04,2,1,0,,0
13221,43.0,Male,Mumbai,Masters,39,Month-to-month,Electronic check,76.76,2979.32,1,1,0,63558.0,0
13222,20.0,Male,Bengaluru,,55,Month-to-month,Bank transfer,107.42,5949.62,3,1,1,44268.74,0
13223,,Female,Hyderabad,High School,62,Two year,Bank transfer,76.06,4751.23,1,1,1,76635.92,0
13224,45.0,Female,Chennai,Bachelors,15,Month-to-month,Mailed check,71.65,1101.83,2,1,1,65190.07,0
13225,34.0,Male,Hyderabad,Masters,58,Month-to-month,Mailed check,70.29,4075.61,1,1,1,89848.05,0
13226,30.0,Female,Hyderabad,Bachelors,33,One year,Electronic check,36.72,1191.78,2,1,1,54260.97,0
13227,41.0,Male,Chennai,Masters,7,One year,Bank transfer,86.03,548.94,1,0,0,83554.37,0
13228,50.0,Male,Hyderabad,Bachelors,44,Two year,Credit card,11.2,436.22,2,1,1,106098.67,0
13229,23.0,Male,Pune,Bachelors,71,Month-to-month,Mailed check,52.1,3716.45,1,1,0,75996.23,0
13230,36.0,Male,Mumbai,Bachelors,10,Month-to-month,Bank transfer,65.5,652.28,2,1,1,87276.41,1
13231,,Male,Mumbai,Bachelors,1,Month-to-month,Electronic check,47.63,26.85,1,0,0,,0
13232,28.0,Female,Bengaluru,Bachelors,66,One year,Mailed check,55.06,3667.2,1,0,1,111758.01,0
13233,53.0,Female,Delhi,High School,43,Month-to-month,Credit card,105.47,,2,0,0,78174.33,0
13234,36.0,Male,Delhi,Bachelors,15,One year,Credit card,89.29,1293.69,1,0,1,85399.09,0
13235,49.0,Male,Hyderabad,High School,57,Month-to-month,Mailed check,49.91,2831.55,2,0,1,69201.93,0
13236,56.0,Male,Bengaluru,Bachelors,28,Month-to-month,Bank transfer,54.67,1571.79,2,1,0,52963.45,0
13237,52.0,Male,Bengaluru,Masters,24,Month-to-month,Electronic check,36.91,834.66,1,1,1,43420.13,0
13238,54.0,Female,Mumbai,High School,21,Two year,Electronic check,80.51,1701.17,2,1,0,97872.33,0
13239,27.0,Male,Delhi,Bachelors,43,One year,Bank transfer,59.51,2556.16,1,1,1,47816.09,0
13240,56.0,Female,Bengaluru,Masters,9,Month-to-month,Credit card,21.74,157.62,2,1,1,86409.02,0
13241,31.0,Female,Delhi,Bachelors,26,Month-to-month,Electronic check,67.22,1733.05,1,1,0,79152.37,0
13242,45.0,Female,Mumbai,Bachelors,22,Month-to-month,Credit card,74.66,1563.94,1,0,1,,0
13243,45.0,Male,Bengaluru,,4,Month-to-month,Credit card,86.19,350.24,2,1,1,58676.34,0
13244,48.0,Male,Pune,Masters,55,Two year,Electronic check,63.39,3418.21,3,1,1,52603.94,0
13245,46.0,Male,Mumbai,Masters,0,Month-to-month,Electronic check,56.8,,3,1,1,78324.18,0
13246,31.0,Female,Delhi,High School,70,Month-to-month,Mailed check,108.7,7604.4,2,1,0,63568.48,0
13247,24.0,Female,Mumbai,PhD,6,Two year,Credit card,65.14,,1,1,0,42917.38,0
13248,53.0,Female,Delhi,High School,26,One year,Mailed check,80.83,2159.61,1,1,0,112647.56,1
13249,44.0,Male,Hyderabad,High School,7,Month-to-month,Electronic check,53.13,320.32,1,0,1,52589.02,0
13250,57.0,Male,Delhi,Bachelors,26,Month-to-month,Credit card,80.18,2047.3,2,0,0,48140.08,0
13251,41.0,Female,Delhi,Masters,44,Month-to-month,Electronic check,32.98,1359.66,1,1,0,64673.01,0
13252,24.0,Male,Pune,High School,6,One year,Credit card,54.83,394.46,4,0,0,97562.89,0
13253,55.0,Female,Delhi,Bachelors,38,Two year,Credit card,38.42,1553.6,1,0,1,22331.83,0
13254,37.0,Female,Bengaluru,High School,56,Month-to-month,Mailed check,51.69,2810.96,1,0,1,95737.44,0
13255,46.0,Male,Pune,Bachelors,33,Month-to-month,Credit card,92.51,3012.04,2,1,0,49947.58,0
13256,34.0,Female,Bengaluru,Bachelors,8,Month-to-month,Bank transfer,51.53,415.73,1,1,1,75819.56,0
13257,63.0,Male,Mumbai,Bachelors,50,Month-to-month,Bank transfer,80.8,4014.22,1,1,1,55127.85,0
13258,31.0,Female,Mumbai,High School,13,One year,Credit card,98.38,1277.37,1,1,1,113822.17,0
13259,38.0,Female,Chennai,High School,1,Month-to-month,Mailed check,64.39,58.51,3,1,1,72741.64,0
13260,43.0,Male,Chennai,Masters,31,Two year,Credit card,86.86,2713.04,1,1,0,54421.99,1
13261,28.0,Female,Delhi,High School,19,Month-to-month,Credit card,76.68,1408.87,1,1,0,63375.99,0
13262,,Male,Bengaluru,High School,2,One year,Credit card,67.56,144.75,1,1,0,71972.02,0
13263,63.0,Male,Mumbai,Bachelors,56,One year,Credit card,81.51,,2,0,1,73908.89,0
13264,36.0,Male,Mumbai,Bachelors,43,Month-to-month,Credit card,105.48,4515.05,1,1,0,79652.77,0
13265,47.0,Male,Pune,Masters,66,Two year,Electronic check,50.98,3277.84,2,1,1,,0
13266,18.0,Male,Delhi,High School,35,One year,Electronic check,43.9,1516.27,1,1,1,39702.43,0
13267,41.0,Female,Mumbai,Bachelors,31,One year,Mailed check,42.61,1292.27,3,0,1,62514.11,0
13268,38.0,Male,Bengaluru,Masters,61,One year,Electronic check,86.88,5346.86,2,0,0,83346.48,1
13269,31.0,Female,Chennai,Bachelors,5,One year,Credit card,89.85,446.29,2,1,1,55262.58,0
13270,56.0,Male,Chennai,Bachelors,26,Month-to-month,Electronic check,53.19,1389.07,1,0,1,84801.19,0
13271,38.0,Female,Hyderabad,High School,58,One year,Mailed check,18.01,,1,1,1,70697.8,0
13272,40.0,Female,Chennai,Bachelors,21,Two year,Mailed check,50.16,946.9,1,1,1,65209.72,0
13273,37.0,Female,Chennai,PhD,64,One year,Credit card,77.05,4831.35,1,1,0,96271.17,0
13274,18.0,Female,Pune,Bachelors,20,Two year,Electronic check,63.53,1254.67,1,1,1,31761.11,0
13275,27.0,Female,Hyderabad,Masters,30,Two year,Credit card,68.97,2083.03,1,1,1,,0
13276,54.0,Female,Bengaluru,Bachelors,65,Month-to-month,Electronic check,53.49,3465.11,1,0,1,97113.43,0
13277,18.0,Female,Pune,Bachelors,17,One year,Electronic check,87.31,1441.07,1,1,0,110261.08,0
13278,32.0,Male,Delhi,Bachelors,70,Two year,Electronic check,72.55,5066.48,1,0,0,120291.83,0
13279,37.0,Male,Bengaluru,Masters,3,Month-to-month,Credit card,77.9,217.35,1,1,0,71107.82,0
13280,65.0,Female,Chennai,Bachelors,19,Month-to-month,Electronic check,339.67,1340.45,2,1,1,80073.74,0
13281,52.0,Female,Pune,Bachelors,43,Month-to-month,Electronic check,76.54,3327.37,1,0,0,87983.41,1
13282,35.0,Male,Delhi,Bachelors,43,Two year,Electronic check,75.09,3201.2,2,1,0,98051.66,0
13283,59.0,Female,Bengaluru,PhD,66,Two year,Bank transfer,44.58,2939.78,1,1,1,76888.02,0
13284,32.0,Female,Chennai,Bachelors,70,Two year,Mailed check,73.21,5138.51,4,1,0,90375.28,0
13285,,Male,Bengaluru,High School,49,Month-to-month,Electronic check,82.41,4059.32,1,1,0,80115.02,0
13286,24.0,Male,Delhi,Bachelors,48,One year,Mailed check,90.41,4422.31,1,1,1,81488.93,0
13287,56.0,Male,Mumbai,Bachelors,23,Month-to-month,Bank transfer,74.15,1704.04,2,1,0,49795.88,0
13288,37.0,Male,Mumbai,Bachelors,58,Two year,Mailed check,43.76,2596.52,1,1,1,62757.3,0
13289,29.0,Male,Delhi,PhD,46,Two year,Bank transfer,47.15,2110.9,1,0,0,58499.08,0
13290,39.0,Female,Delhi,Bachelors,1,One year,Credit card,55.43,23.55,1,1,1,43844.3,0
13291,46.0,Female,Chennai,Bachelors,60,Month-to-month,Bank transfer,69.17,4043.41,4,1,0,33664.69,0
13292,36.0,Female,Mumbai,PhD,26,Two year,Credit card,62.31,1627.63,3,1,1,60680.2,0
13293,49.0,Female,Mumbai,Bachelors,34,Two year,Electronic check,40.28,1401.9,1,1,0,64194.59,0
13294,34.0,Male,Bengaluru,Bachelors,35,Two year,Mailed check,40.15,1277.48,2,0,0,72310.82,0
13295,50.0,Female,Mumbai,,59,Month-to-month,Mailed check,18.83,1120.38,1,1,1,82226.23,0
13296,48.0,Female,Pune,Bachelors,19,Month-to-month,Mailed check,10.0,220.21,1,1,1,74138.69,0
13297,41.0,Female,Delhi,Bachelors,28,Month-to-month,Electronic check,62.1,1766.16,1,1,1,64347.95,0
13298,36.0,Male,Chennai,Masters,2,Month-to-month,Mailed check,116.05,172.31,1,1,1,49867.22,0
13299,44.0,Female,Delhi,High School,25,Two year,Mailed check,104.53,2651.91,3,1,0,,0
13300,49.0,Male,Pune,High School,6,Month-to-month,Bank transfer,43.48,261.35,2,1,1,67759.91,0
13301,69.0,Male,Bengaluru,High School,42,One year,Electronic check,68.3,2898.15,3,1,1,60456.62,0
13302,,Female,Pune,Masters,65,Two year,Electronic check,32.78,,2,1,1,65898.01,0
13303,55.0,Female,Delhi,High School,33,Month-to-month,Mailed check,36.13,1211.34,1,1,0,53879.62,0
13304,82.0,Male,Hyderabad,Bachelors,66,Month-to-month,Mailed check,38.66,2607.02,2,1,1,58325.17,0
13305,49.0,Male,Mumbai,Masters,71,One year,Electronic check,60.04,4252.64,1,0,0,57625.92,0
13306,,Female,Delhi,High School,3,Month-to-month,Bank transfer,60.99,197.18,3,1,0,63678.58,0
13307,51.0,Female,Delhi,Masters,37,Month-to-month,Bank transfer,392.43,2673.21,1,1,1,84426.61,0
13308,29.0,Male,Chennai,Bachelors,38,One year,Electronic check,79.59,3017.76,2,1,0,78956.47,0
13309,36.0,Female,Bengaluru,High School,28,Month-to-month,Electronic check,57.59,1556.25,2,1,0,104028.22,0
13310,35.0,Female,Bengaluru,PhD,60,One year,Bank transfer,65.8,3981.8,1,1,0,96658.04,0
13311,50.0,Male,Delhi,Masters,28,Two year,Mailed check,40.94,1218.06,1,1,0,113041.28,0
13312,40.0,Female,Mumbai,High School,4,Month-to-month,Electronic check,35.42,,1,0,1,82301.49,1
13313,44.0,Male,Hyderabad,Masters,39,Month-to-month,Electronic check,32.02,1284.53,1,1,1,81948.31,1
13314,56.0,Female,Delhi,Bachelors,14,Month-to-month,Credit card,79.28,992.71,3,1,1,59276.85,1
13315,53.0,Male,Delhi,Masters,25,One year,Mailed check,57.57,1407.46,1,1,1,88172.33,0
13316,40.0,Female,Pune,Bachelors,36,Month-to-month,Electronic check,23.84,829.01,1,1,0,55565.43,0
13317,,Female,Mumbai,Masters,52,Month-to-month,Bank transfer,63.61,3309.96,1,1,0,37649.98,0
13318,57.0,Male,Bengaluru,Masters,20,One year,Electronic check,37.53,835.01,1,1,1,103579.11,0
13319,,Female,Mumbai,Masters,27,Month-to-month,Electronic check,101.53,,1,1,0,42518.0,0
13320,21.0,Male,Hyderabad,High School,4,One year,Credit card,52.27,321.19,3,1,0,79654.74,1
13321,38.0,Male,Bengaluru,Bachelors,28,Two year,Credit card,79.99,2220.6,2,0,1,50632.71,0
13322,44.0,Female,Hyderabad,Masters,42,Month-to-month,Mailed check,88.96,3697.97,3,0,0,94786.69,1
13323,52.0,Female,Hyderabad,Masters,45,Two year,Bank transfer,43.99,2021.81,1,1,1,97784.9,0
13324,54.0,Female,Mumbai,Masters,21,Month-to-month,Mailed check,66.67,1446.29,1,0,0,81641.91,0
13325,46.0,Female,Delhi,Bachelors,4,Month-to-month,Bank transfer,77.18,341.22,1,0,1,97420.02,0
13326,50.0,Male,Delhi,Masters,42,Month-to-month,Bank transfer,67.54,2798.21,1,0,0,,0
13327,43.0,Male,Bengaluru,High School,47,One year,Bank transfer,72.94,3453.28,1,0,1,119151.84,0
13328,33.0,Female,Delhi,Masters,6,One year,Electronic check,35.75,,1,0,1,,0
13329,39.0,Female,Bengaluru,Bachelors,36,Two year,Electronic check,77.19,2738.98,2,1,1,50187.87,0
13330,,Male,Delhi,Masters,6,Month-to-month,Bank transfer,54.3,321.06,1,1,0,71531.35,0
13331,42.0,Male,Bengaluru,Bachelors,33,Two year,Mailed check,72.69,2357.77,2,1,0,66644.96,0
13332,18.0,Female,Delhi,Bachelors,46,Month-to-month,Credit card,85.24,3973.68,2,1,1,64490.67,0
13333,37.0,Male,Pune,Masters,52,One year,Electronic check,79.71,4116.01,2,0,1,33542.94,0
13334,43.0,Female,Pune,Bachelors,52,Month-to-month,Credit card,72.67,3767.82,1,0,0,78511.02,0
13335,,Male,Delhi,Bachelors,55,Month-to-month,Electronic check,79.13,4308.14,2,1,0,39513.43,0
13336,39.0,Female,Pune,Masters,17,Month-to-month,Electronic check,80.15,1414.43,1,1,1,15000.0,0
13337,,Male,Chennai,High School,61,Month-to-month,Credit card,97.9,5938.59,1,1,1,62431.7,0
13338,28.0,Female,Mumbai,Bachelors,25,Month-to-month,Mailed check,64.25,,1,1,1,53370.34,0
13339,21.0,Female,Bengaluru,,27,Month-to-month,Electronic check,68.61,1905.9,1,1,1,51046.19,0
13340,37.0,Female,Delhi,Masters,57,Two year,Bank transfer,85.51,4851.77,1,1,0,15000.0,0
13341,52.0,Female,Chennai,High School,23,Two year,Mailed check,54.21,1248.31,2,0,1,,0
13342,64.0,Male,Chennai,Bachelors,5,Two year,Credit card,35.62,154.41,2,1,1,,0
13343,52.0,Male,Bengaluru,Bachelors,52,Month-to-month,Credit card,75.85,3971.49,1,1,0,56048.61,0
13344,23.0,Female,Bengaluru,PhD,48,Month-to-month,Bank transfer,60.47,2892.84,1,1,1,78521.56,0
13345,39.0,Male,Hyderabad,Bachelors,42,Month-to-month,Electronic check,38.43,1593.19,1,0,0,100638.53,0
13346,45.0,Male,Bengaluru,Bachelors,10,One year,Electronic check,76.01,762.41,4,1,0,81360.08,0
13347,44.0,Female,Bengaluru,Masters,46,Two year,Credit card,96.48,4358.97,1,1,1,92580.67,0
13348,49.0,Male,Bengaluru,Bachelors,14,Month-to-month,Electronic check,29.15,404.31,1,1,0,94400.79,0
13349,30.0,Female,Chennai,Bachelors,40,One year,Electronic check,87.49,3532.08,1,1,1,47585.06,0
13350,43.0,Male,Bengaluru,Bachelors,37,Month-to-month,Bank transfer,10.0,376.9,2,0,0,79660.52,0
13351,47.0,Male,Mumbai,Bachelors,56,One year,Bank transfer,56.19,3194.22,1,1,0,91893.46,0
13352,53.0,Male,Mumbai,High School,71,Two year,Mailed check,105.49,7470.93,1,1,1,60408.87,0
13353,,Male,Delhi,Bachelors,13,One year,Bank transfer,57.78,,1,1,0,52606.21,0
13354,38.0,Female,Hyderabad,Bachelors,8,One year,Credit card,66.98,479.97,2,1,1,81668.94,0
13355,18.0,Male,Delhi,,40,Month-to-month,Electronic check,81.78,3250.91,1,1,0,37404.16,0
13356,34.0,Female,Delhi,Masters,69,Month-to-month,Electronic check,27.24,,3,1,1,46063.9,0
13357,35.0,Male,Chennai,,11,Month-to-month,Electronic check,66.59,746.27,3,1,1,55331.36,0
13358,29.0,Male,Chennai,Masters,35,Two year,Mailed check,66.41,2295.07,1,1,0,79911.31,0
13359,,Female,Bengaluru,Masters,29,One year,Credit card,105.97,3022.82,3,1,0,74816.08,0
13360,41.0,Male,Hyderabad,Bachelors,23,Month-to-month,Mailed check,37.81,789.7,2,1,1,92712.16,0
13361,18.0,Male,Delhi,Bachelors,48,Month-to-month,Bank transfer,56.61,2675.76,1,1,0,49718.86,0
13362,45.0,Female,Bengaluru,Bachelors,21,Month-to-month,Bank transfer,44.58,974.14,2,0,0,48539.59,0
13363,30.0,Male,Delhi,High School,35,Month-to-month,Mailed check,42.24,1457.05,1,0,1,81526.06,0
13364,48.0,Female,Bengaluru,Bachelors,61,Month-to-month,Electronic check,89.8,5429.89,1,1,0,52429.33,1
13365,25.0,Female,Bengaluru,Bachelors,27,Two year,Electronic check,65.59,1728.52,1,1,1,748608.91,0
13366,42.0,Male,Delhi,High School,1,Month-to-month,Electronic check,52.78,85.25,2,1,0,29151.17,1
13367,38.0,Female,Hyderabad,PhD,64,Two year,Electronic check,53.61,3426.98,3,1,1,76398.61,0
13368,46.0,Male,Delhi,Bachelors,20,Month-to-month,Electronic check,52.61,1020.84,1,1,1,103908.39,0
13369,44.0,Female,Mumbai,Bachelors,56,Month-to-month,Electronic check,54.58,3041.06,2,0,1,47355.64,0
13370,39.0,Male,Pune,Bachelors,55,Two year,Bank transfer,37.18,2155.19,2,0,1,92477.48,0
13371,22.0,Male,Delhi,Bachelors,38,Month-to-month,Mailed check,59.31,2314.76,3,0,0,68693.23,0
13372,23.0,Male,Delhi,PhD,6,Two year,Electronic check,57.1,416.03,1,1,0,,0
13373,34.0,Female,Bengaluru,High School,69,One year,Electronic check,48.33,,1,1,1,50316.01,0
13374,42.0,Male,Mumbai,Masters,49,Month-to-month,Electronic check,68.41,3344.53,1,1,1,,0
13375,34.0,Female,Hyderabad,High School,30,Two year,Bank transfer,70.28,2076.16,1,0,1,63036.39,0
13376,50.0,Male,Delhi,High School,62,Month-to-month,Mailed check,52.75,3297.69,1,1,1,79229.31,0
13377,38.0,Female,Pune,High School,57,Month-to-month,Bank transfer,61.83,3577.3,1,1,1,110676.3,0
13378,29.0,Female,Delhi,Bachelors,55,Two year,Mailed check,112.49,6203.27,1,1,1,38514.79,0
13379,38.0,Female,Delhi,Masters,12,Month-to-month,Electronic check,111.65,1296.18,3,1,1,59334.9,1
13380,45.0,Female,Bengaluru,High School,46,One year,Credit card,41.81,1890.21,1,1,0,50288.42,0
13381,46.0,Female,Mumbai,Bachelors,20,Month-to-month,Electronic check,44.88,928.63,1,1,0,42104.45,1
13382,66.0,Female,Mumbai,Bachelors,5,Two year,Mailed check,41.69,244.45,2,1,0,72099.85,0
13383,,Male,Mumbai,High School,24,Month-to-month,Bank transfer,88.26,2125.29,1,0,0,70032.56,0
13384,41.0,Female,Mumbai,Bachelors,7,Month-to-month,Bank transfer,56.23,400.1,2,0,1,30096.35,0
13385,48.0,Female,Hyderabad,Masters,7,Two year,Mailed check,70.27,494.4,2,0,0,70399.31,0
13386,42.0,Female,Chennai,Bachelors,53,One year,Credit card,108.93,5786.74,1,0,1,43481.29,0
13387,35.0,Male,Delhi,Bachelors,36,One year,Mailed check,64.77,2367.52,1,1,1,70260.21,0
13388,22.0,Female,Bengaluru,High School,29,Month-to-month,Credit card,80.54,2367.17,1,0,1,,0
13389,35.0,Male,Bengaluru,Bachelors,14,One year,Electronic check,76.45,1071.48,1,1,1,80187.5,0
13390,28.0,Male,Mumbai,High School,56,Month-to-month,Mailed check,52.06,2912.91,2,1,1,73905.38,0
13391,20.0,Male,Delhi,High School,46,Month-to-month,Electronic check,88.3,4057.44,1,1,0,58367.15,1
13392,32.0,Female,Pune,High School,42,Month-to-month,Bank transfer,46.31,1906.0,1,0,1,71471.09,0
13393,,Male,Mumbai,High School,13,Month-to-month,Mailed check,94.48,1188.59,1,0,1,82391.59,0
13394,50.0,Female,Mumbai,PhD,9,Month-to-month,Bank transfer,52.08,495.92,1,1,1,,0
13395,,Female,Delhi,Bachelors,9,Two year,Bank transfer,54.48,454.68,1,0,1,67817.19,0
13396,30.0,Female,Bengaluru,High School,1,Month-to-month,Mailed check,41.05,81.75,1,1,0,74782.28,1
13397,39.0,Female,Chennai,Bachelors,70,Month-to-month,Bank transfer,44.67,,1,1,1,41035.64,0
13398,,Male,Delhi,Bachelors,26,One year,Bank transfer,55.61,1486.84,2,1,1,53844.59,0
13399,36.0,Female,Delhi,Bachelors,48,Month-to-month,Credit card,11.51,584.33,3,0,0,85566.31,0
13400,,Male,Delhi,Bachelors,71,Month-to-month,Electronic check,59.87,4292.92,2,0,1,88524.72,0
13401,53.0,Male,Chennai,High School,68,Month-to-month,Bank transfer,53.82,3635.94,1,1,1,72059.17,0
13402,33.0,Male,Delhi,Bachelors,23,Month-to-month,Credit card,82.38,1915.18,1,1,1,,1
13403,56.0,Male,Delhi,Bachelors,35,Two year,Electronic check,74.31,2637.74,2,1,1,81176.43,0
13404,22.0,Male,Mumbai,PhD,33,Month-to-month,Bank transfer,49.43,1553.62,2,1,1,64871.19,0
13405,26.0,Male,Mumbai,Bachelors,2,Month-to-month,Electronic check,54.91,194.9,4,1,1,43165.44,0
13406,,Female,Pune,Bachelors,56,Month-to-month,Credit card,59.84,3464.34,1,0,0,,0
13407,64.0,Male,Bengaluru,Bachelors,41,Month-to-month,Bank transfer,97.69,4052.65,1,1,0,86946.98,0
13408,48.0,Female,Mumbai,Bachelors,27,Month-to-month,Credit card,46.91,1306.86,1,0,0,109562.85,0
13409,41.0,Female,Pune,Bachelors,40,Month-to-month,Bank transfer,49.17,1996.24,3,1,1,117670.64,0
13410,18.0,Female,Pune,Bachelors,53,Month-to-month,Mailed check,40.17,2112.84,2,0,1,41687.31,1
13411,18.0,Female,Mumbai,PhD,1,One year,Bank transfer,32.4,,3,1,1,41744.66,1
13412,44.0,Female,Delhi,Bachelors,47,Month-to-month,Credit card,71.75,3420.47,2,1,0,15000.0,0
13413,37.0,Male,Pune,High School,62,Month-to-month,Bank transfer,69.46,,3,1,1,90203.97,0
13414,28.0,Male,Mumbai,Bachelors,53,One year,Electronic check,93.22,4887.62,1,1,1,84442.62,0
13415,43.0,Male,Delhi,High School,45,Month-to-month,Electronic check,87.91,3936.08,3,1,0,72151.14,0
13416,43.0,Male,Delhi,Bachelors,6,Month-to-month,Bank transfer,117.74,739.25,3,1,0,43025.07,0
13417,54.0,Male,Chennai,Masters,54,Two year,Electronic check,63.37,3378.68,2,1,1,68041.26,0
13418,44.0,Male,Delhi,High School,54,Month-to-month,Bank transfer,59.27,3189.31,3,1,1,74063.52,0
13419,58.0,Female,Delhi,High School,36,One year,Credit card,36.4,1305.07,1,1,0,87219.96,0
13420,42.0,Male,Hyderabad,High School,42,Two year,Mailed check,80.32,3322.85,2,1,0,,0
13421,41.0,Female,Chennai,Bachelors,45,Month-to-month,Electronic check,67.61,2920.46,2,0,1,84603.63,0
13422,56.0,Male,Mumbai,Masters,8,Month-to-month,Credit card,79.33,,2,1,0,67269.12,1
13423,29.0,Female,Mumbai,Bachelors,18,One year,Mailed check,39.94,731.96,2,0,0,95992.6,0
13424,79.0,Male,Hyderabad,Bachelors,57,Month-to-month,Credit card,72.74,4170.49,2,1,0,83898.06,0
13425,47.0,Female,Delhi,,71,Month-to-month,Electronic check,69.51,4959.93,1,1,0,43887.47,1
13426,47.0,Female,Hyderabad,Masters,19,Two year,Electronic check,68.06,1323.62,2,1,0,100562.85,0
13427,49.0,Male,Mumbai,Bachelors,29,Month-to-month,Electronic check,49.97,1417.81,3,0,1,96962.57,0
13428,66.0,Female,Chennai,Bachelors,66,Two year,Mailed check,91.17,5975.19,2,1,0,80240.44,0
13429,52.0,Male,Delhi,Bachelors,11,Month-to-month,Credit card,110.11,1229.96,1,0,1,76175.79,0
13430,21.0,Female,Delhi,Bachelors,19,One year,Bank transfer,40.57,760.24,3,1,1,106489.45,0
13431,60.0,Male,Mumbai,Bachelors,4,Month-to-month,Electronic check,80.85,368.75,2,0,0,34067.12,0
13432,38.0,Male,Mumbai,Bachelors,17,One year,Electronic check,10.0,189.07,1,1,1,97306.94,0
13433,43.0,Male,Bengaluru,High School,46,Month-to-month,Bank transfer,79.71,3730.85,2,0,0,59523.45,0
13434,25.0,Female,Bengaluru,High School,25,Month-to-month,Electronic check,23.86,573.22,2,1,1,94093.9,0
13435,49.0,Female,Chennai,Bachelors,71,Two year,Electronic check,53.45,3848.33,2,0,1,72648.27,0
13436,34.0,Female,Bengaluru,High School,65,Two year,Bank transfer,36.11,2448.88,1,1,0,42655.63,0
13437,43.0,Male,Delhi,Bachelors,65,Month-to-month,Electronic check,60.26,3919.59,1,0,1,59076.56,0
13438,38.0,Male,Chennai,High School,53,Month-to-month,Mailed check,83.45,4447.82,3,1,0,92478.04,1
13439,67.0,Male,Mumbai,Masters,51,Two year,Mailed check,24.14,1184.61,3,0,0,65375.43,0
13440,68.0,Male,Hyderabad,Bachelors,37,Month-to-month,Mailed check,57.09,2157.03,1,1,0,56327.32,0
13441,43.0,Male,Bengaluru,High School,72,Two year,Electronic check,53.71,3923.57,3,0,1,56180.21,0
13442,43.0,Male,Mumbai,Masters,6,Month-to-month,Mailed check,99.78,573.96,1,1,1,84129.44,0
13443,,Female,Bengaluru,High School,52,Month-to-month,Electronic check,74.5,3903.31,1,1,1,108513.97,0
13444,56.0,Female,Pune,Masters,10,Month-to-month,Credit card,39.1,405.02,2,1,1,22900.57,0
13445,38.0,Male,Delhi,PhD,24,Month-to-month,Electronic check,54.63,1330.66,1,0,1,131615.06,0
13446,37.0,Female,Bengaluru,Bachelors,18,One year,Bank transfer,99.23,1826.74,1,0,0,74482.42,0
13447,55.0,Female,Delhi,Masters,43,Month-to-month,Electronic check,80.72,3496.9,3,1,1,82764.93,0
13448,35.0,Female,Delhi,Masters,57,Two year,Electronic check,44.8,2546.65,1,1,0,60402.24,0
13449,,Female,Delhi,Bachelors,5,Month-to-month,Mailed check,59.12,,1,1,1,69922.67,0
13450,,Female,Mumbai,High School,43,One year,Bank transfer,59.83,2628.28,1,1,0,74235.29,1
13451,51.0,Female,Mumbai,High School,16,One year,Electronic check,53.16,822.85,2,0,0,46919.89,0
13452,,Male,Chennai,,5,Month-to-month,Electronic check,27.38,136.81,2,1,0,52275.01,0
13453,51.0,Male,Delhi,Bachelors,30,Two year,Credit card,50.09,1414.27,1,1,0,96060.49,0
13454,61.0,Female,Bengaluru,High School,42,Month-to-month,Mailed check,95.56,4042.7,1,1,1,35848.37,1
13455,31.0,Female,Mumbai,Bachelors,14,One year,Credit card,56.61,853.7,1,1,0,79702.86,0
13456,45.0,Male,Mumbai,High School,28,Month-to-month,Electronic check,62.73,1743.58,2,0,0,61848.63,0
13457,30.0,Female,Bengaluru,Masters,69,Month-to-month,Credit card,68.09,4704.88,3,1,1,48864.44,0
13458,39.0,Female,Bengaluru,High School,25,Month-to-month,Bank transfer,113.8,2833.99,1,1,1,113382.5,0
13459,52.0,Male,Bengaluru,Bachelors,72,Month-to-month,Electronic check,65.2,4675.21,3,0,1,49000.94,0
13460,43.0,Female,Hyderabad,High School,60,Two year,Electronic check,89.07,5355.81,4,1,1,45137.76,0
13461,24.0,Male,Bengaluru,Bachelors,27,Two year,Credit card,51.84,1360.47,1,1,0,65886.6,0
13462,25.0,Female,Mumbai,Bachelors,42,Two year,Electronic check,59.29,2478.42,1,1,0,53091.71,0
13463,24.0,Female,Mumbai,Bachelors,51,One year,Electronic check,65.28,3284.05,2,1,0,70140.37,0
13464,48.0,Male,Delhi,High School,33,One year,Electronic check,47.97,,3,1,0,73418.78,1
13465,69.0,Female,Delhi,Bachelors,29,Two year,Mailed check,60.52,1767.04,1,1,0,75162.48,0
13466,60.0,Male,Mumbai,Bachelors,24,Month-to-month,Mailed check,84.54,2007.4,1,1,1,67274.4,1
13467,,Female,Bengaluru,Masters,10,Two year,Mailed check,47.39,475.75,2,1,0,54552.44,0
13468,60.0,Female,Mumbai,High School,1,Month-to-month,Credit card,65.0,53.96,2,0,1,84154.87,0
13469,54.0,Female,Bengaluru,High School,24,One year,Electronic check,80.59,1991.35,1,0,1,67542.76,0
13470,22.0,Female,Delhi,PhD,58,Month-to-month,Bank transfer,46.86,2695.83,1,0,0,59096.42,0
13471,38.0,Female,Pune,Bachelors,17,Month-to-month,Credit card,89.1,1546.45,1,1,1,102559.86,0
13472,56.0,Male,Chennai,Bachelors,13,Month-to-month,Electronic check,66.6,830.54,3,1,0,67331.14,1
13473,49.0,Female,Pune,High School,23,Two year,Bank transfer,61.37,1452.22,2,0,1,94023.71,0
13474,25.0,Female,Hyderabad,Bachelors,43,One year,Electronic check,20.82,947.13,1,1,0,96990.45,0
13475,50.0,Male,Pune,Bachelors,15,Month-to-month,Mailed check,56.78,905.93,3,1,1,98328.8,0
13476,18.0,Male,Mumbai,Masters,16,Two year,Electronic check,73.18,1244.43,1,1,1,85205.47,0
13477,39.0,Male,Bengaluru,Bachelors,8,Two year,Electronic check,103.4,841.82,3,1,1,69986.06,0
13478,57.0,Female,Hyderabad,Bachelors,24,One year,Electronic check,77.49,1921.66,1,1,0,68591.08,0
13479,42.0,Female,Bengaluru,Bachelors,15,Month-to-month,Electronic check,89.78,1427.91,1,1,0,,0
13480,36.0,Female,Mumbai,High School,60,Month-to-month,Electronic check,38.4,2247.9,1,1,0,22328.3,0
13481,54.0,Male,Hyderabad,High School,66,Two year,Credit card,62.21,4075.7,1,1,1,85813.75,0
13482,55.0,Female,Pune,Bachelors,27,Month-to-month,Credit card,91.86,2405.43,2,1,1,75378.24,0
13483,59.0,Female,Bengaluru,Bachelors,6,Month-to-month,Bank transfer,45.47,325.88,1,1,1,88161.53,0
13484,,Male,Mumbai,Bachelors,6,Month-to-month,Electronic check,86.23,441.95,1,0,0,67425.97,0
13485,,Male,Mumbai,Masters,23,One year,Credit card,81.13,1777.0,2,1,1,84626.15,0
13486,52.0,Female,Mumbai,High School,33,Month-to-month,Credit card,71.04,2289.45,1,1,1,39694.84,0
13487,45.0,Female,Chennai,Masters,38,Two year,Credit card,57.77,2108.34,1,0,0,,0
13488,43.0,Male,Bengaluru,Masters,22,Two year,Bank transfer,43.3,966.21,1,1,0,15523.34,0
13489,39.0,Female,Mumbai,Bachelors,25,Two year,Electronic check,104.06,2547.27,4,0,1,67044.32,0
13490,26.0,Female,Chennai,Bachelors,20,Month-to-month,Credit card,78.9,1493.49,2,1,0,53004.44,0
13491,30.0,Male,Delhi,Masters,37,Month-to-month,Mailed check,72.49,,3,1,0,50125.6,0
13492,38.0,Male,Chennai,Masters,50,One year,Bank transfer,55.92,2796.86,2,1,1,77362.35,0
13493,45.0,Female,Chennai,Bachelors,3,Two year,Electronic check,65.83,104.0,1,1,1,,0
13494,61.0,Male,Hyderabad,Bachelors,34,Month-to-month,Electronic check,68.62,2297.39,1,1,0,38472.0,1
13495,41.0,Female,Pune,Bachelors,47,Month-to-month,Credit card,73.8,3464.87,2,1,1,125984.87,0
13496,55.0,Male,Chennai,High School,49,One year,Bank transfer,81.16,3959.0,1,0,0,775813.41,0
13497,56.0,Male,Mumbai,High School,41,One year,Bank transfer,47.79,1942.92,3,1,0,46170.41,0
13498,39.0,Male,Delhi,Bachelors,38,Month-to-month,Electronic check,32.73,1302.7,1,0,0,55263.62,0
13499,50.0,Female,Pune,Bachelors,49,Month-to-month,Mailed check,66.85,3382.98,1,1,1,66190.85,0
13500,39.0,Male,Hyderabad,Bachelors,27,Month-to-month,Electronic check,26.56,701.46,2,0,1,,0
13501,59.0,Male,Delhi,Masters,41,Month-to-month,Credit card,57.88,2306.99,1,0,0,98647.61,0
13502,50.0,Male,Chennai,Masters,23,Month-to-month,Mailed check,53.8,1225.67,2,1,1,68252.54,0
13503,27.0,Male,Bengaluru,High School,31,One year,Mailed check,75.82,,2,1,0,110814.58,0
13504,44.0,Female,Delhi,High School,9,Month-to-month,Electronic check,108.62,974.92,2,1,0,60486.7,0
13505,63.0,Male,Delhi,Bachelors,25,Month-to-month,Mailed check,22.22,586.03,3,1,0,79381.59,0
13506,40.0,Male,Chennai,Bachelors,10,Month-to-month,Mailed check,115.03,1260.9,1,1,1,92483.56,0
13507,48.0,Male,Chennai,PhD,16,Month-to-month,Credit card,59.87,872.26,1,0,0,96293.35,0
13508,49.0,Male,Pune,Bachelors,30,One year,Credit card,72.65,2154.15,3,1,1,98861.19,1
13509,29.0,Male,Chennai,High School,36,One year,Mailed check,33.87,,1,1,0,64015.74,0
13510,49.0,Female,Mumbai,High School,68,One year,Mailed check,86.93,5885.14,1,1,1,69879.24,0
13511,,Female,Delhi,Bachelors,1,Month-to-month,Credit card,65.91,105.38,1,1,1,15452.7,0
13512,34.0,Male,Delhi,Bachelors,65,Month-to-month,Mailed check,63.65,4168.8,2,1,0,65687.78,0
13513,56.0,Male,Delhi,High School,23,One year,Bank transfer,22.38,576.58,2,1,1,94007.59,0
13514,47.0,Male,Chennai,High School,52,Month-to-month,Electronic check,66.62,3559.91,1,1,1,89730.4,0
13515,38.0,Female,Mumbai,Bachelors,49,Month-to-month,Mailed check,83.61,4113.54,1,1,1,68097.28,0
13516,48.0,Male,Bengaluru,Bachelors,70,One year,Electronic check,59.8,4098.71,1,1,1,107381.07,0
13517,41.0,Female,Chennai,High School,7,Month-to-month,Electronic check,90.83,600.79,1,1,0,61551.88,1
13518,42.0,Female,Chennai,Bachelors,70,Month-to-month,Electronic check,89.92,6403.7,1,1,0,896230.97,0
13519,51.0,Male,Delhi,Bachelors,4,Month-to-month,Mailed check,50.9,132.89,2,1,1,59700.44,0
13520,33.0,Male,Mumbai,Masters,64,Month-to-month,Electronic check,100.09,6430.6,3,1,1,45305.77,1
13521,43.0,Female,Delhi,High School,47,Two year,Credit card,66.0,2976.27,2,1,0,83692.69,0
13522,38.0,Female,Bengaluru,High School,35,One year,Mailed check,66.09,2245.59,3,0,1,76346.6,0
13523,21.0,Male,Chennai,Masters,29,Month-to-month,Electronic check,67.18,1992.57,4,1,1,83419.55,0
13524,30.0,Female,Bengaluru,Bachelors,6,Month-to-month,Mailed check,66.52,400.92,2,0,1,60883.83,0
13525,62.0,Female,Delhi,Masters,58,Month-to-month,Electronic check,10.0,561.18,2,1,1,68722.39,0
13526,47.0,Male,Hyderabad,Bachelors,53,One year,Electronic check,60.92,3188.04,2,1,1,22074.79,0
13527,25.0,Female,Delhi,High School,68,One year,Electronic check,34.99,2279.49,2,1,1,78276.96,0
13528,,Female,Chennai,Bachelors,53,Month-to-month,Credit card,100.78,5376.01,1,1,0,72174.51,0
13529,41.0,Female,Mumbai,High School,69,Two year,Mailed check,99.89,6878.25,1,1,0,45788.39,0
13530,62.0,Female,Delhi,Masters,64,Two year,Electronic check,83.74,5283.27,2,0,0,67697.53,0
13531,40.0,Male,Delhi,High School,31,One year,Mailed check,59.75,1853.76,3,1,1,64327.32,0
13532,59.0,Female,Bengaluru,Masters,51,Two year,Electronic check,42.82,2212.88,2,1,0,108814.86,0
13533,,Male,Delhi,Bachelors,19,Month-to-month,Bank transfer,50.53,950.04,1,1,0,46655.21,0
13534,48.0,Female,Delhi,Bachelors,58,Month-to-month,Credit card,107.74,6254.72,2,1,1,77291.38,0
13535,25.0,Male,Hyderabad,Bachelors,44,Month-to-month,Electronic check,49.77,2191.79,2,1,1,,0
13536,54.0,Female,Mumbai,PhD,32,Month-to-month,Electronic check,13.18,386.42,2,0,1,57726.78,0
13537,38.0,Female,Mumbai,Masters,45,Month-to-month,Bank transfer,87.66,3947.41,1,0,0,76090.02,1
13538,53.0,Female,Mumbai,Masters,20,Two year,Bank transfer,98.01,1996.96,1,1,1,65350.01,0
13539,31.0,Female,Delhi,Masters,45,Two year,Credit card,101.5,4619.23,1,0,0,69868.2,0
13540,44.0,Male,Bengaluru,Bachelors,34,Month-to-month,Bank transfer,87.84,3026.1,3,1,1,77319.89,0
13541,47.0,Female,Mumbai,High School,23,One year,Electronic check,91.43,2069.14,1,0,1,59138.83,0
13542,40.0,Male,Mumbai,High School,71,Month-to-month,Credit card,66.16,4729.17,3,1,1,89451.22,0
13543,47.0,Male,Pune,PhD,4,Month-to-month,Electronic check,19.32,,1,1,1,63279.45,0
13544,39.0,Male,Delhi,PhD,55,Month-to-month,Electronic check,65.61,3573.06,4,1,0,,0
13545,34.0,Male,Chennai,High School,15,One year,Credit card,78.67,1156.83,1,1,1,77948.85,0
13546,63.0,Female,Hyderabad,High School,16,One year,Bank transfer,62.02,,2,1,1,74994.0,0
13547,56.0,Female,Mumbai,Bachelors,11,One year,Electronic check,61.02,740.07,2,1,1,84173.01,0
13548,32.0,Male,Bengaluru,Bachelors,7,Two year,Electronic check,43.79,215.95,2,1,1,76973.22,0
13549,49.0,Male,Bengaluru,Bachelors,9,Month-to-month,Electronic check,42.96,468.64,2,1,1,80318.67,0
13550,32.0,Male,Mumbai,Masters,60,Month-to-month,Bank transfer,105.44,6384.61,1,1,1,62841.8,0
13551,27.0,Male,Mumbai,Bachelors,67,Month-to-month,Credit card,106.24,7128.04,1,1,0,46487.04,0
13552,55.0,Female,Delhi,Bachelors,42,Two year,Bank transfer,64.94,2715.44,1,1,1,38591.94,0
13553,20.0,Male,Delhi,Bachelors,1,Month-to-month,Credit card,71.19,90.71,2,1,0,33244.38,0
13554,54.0,Female,Delhi,Bachelors,63,Month-to-month,Bank transfer,43.42,2703.43,2,0,0,108779.99,0
13555,39.0,Male,Delhi,Bachelors,43,Two year,Electronic check,79.14,3394.14,1,1,0,21318.98,0
13556,39.0,Female,Bengaluru,Bachelors,38,Month-to-month,Mailed check,103.71,,2,1,1,96261.92,0
13557,47.0,Female,Delhi,Masters,69,Month-to-month,Electronic check,31.36,2076.76,1,0,1,51940.88,0
13558,50.0,Male,Chennai,Masters,29,Month-to-month,Electronic check,75.21,2297.71,1,1,1,96101.7,0
13559,31.0,Female,Mumbai,Bachelors,26,Month-to-month,Electronic check,76.86,2001.51,1,1,0,21544.12,1
13560,51.0,Female,Bengaluru,High School,56,One year,Credit card,76.61,4300.34,2,0,1,64827.93,0
13561,43.0,Male,Chennai,Masters,38,Two year,Electronic check,101.14,3841.78,1,0,0,101988.54,0
13562,26.0,Male,Delhi,Bachelors,52,Month-to-month,Mailed check,109.79,5667.69,3,1,1,85690.61,0
13563,40.0,Female,Delhi,Bachelors,50,One year,Credit card,59.86,2977.65,2,1,0,62580.16,0
13564,60.0,Female,Delhi,Bachelors,61,Month-to-month,Bank transfer,79.81,4872.97,2,0,0,27254.5,0
13565,64.0,Female,Delhi,Bachelors,23,Two year,Electronic check,66.85,1527.72,1,0,0,40905.25,0
13566,51.0,Male,Mumbai,Masters,5,Month-to-month,Mailed check,51.09,217.84,2,1,0,100561.24,1
13567,27.0,Female,Bengaluru,Bachelors,34,Month-to-month,Credit card,70.96,2436.61,3,1,1,62338.69,0
13568,48.0,Female,Bengaluru,Bachelors,47,Month-to-month,Mailed check,79.77,,1,1,1,68419.87,0
13569,53.0,Female,Delhi,Masters,59,Two year,Electronic check,69.77,4136.08,1,1,1,76237.77,0
13570,51.0,Male,Pune,High School,19,Month-to-month,Bank transfer,45.61,901.84,1,0,0,41337.54,0
13571,52.0,Female,Pune,Bachelors,54,Month-to-month,Mailed check,54.8,2950.67,1,0,0,78960.38,0
13572,47.0,Female,Delhi,Bachelors,60,Month-to-month,Mailed check,54.97,3289.76,1,0,1,60768.46,0
13573,41.0,Female,Hyderabad,Bachelors,59,Two year,Electronic check,46.47,2815.85,2,1,1,76461.46,0
13574,34.0,Male,Mumbai,High School,58,Month-to-month,Credit card,71.9,4123.0,1,0,1,57282.88,0
13575,,Male,Hyderabad,High School,72,Two year,Credit card,74.2,5248.72,2,1,1,35391.45,0
13576,46.0,Male,Hyderabad,Bachelors,48,Month-to-month,Electronic check,86.55,4182.18,1,1,0,60597.8,0
13577,44.0,Female,Delhi,Bachelors,27,Month-to-month,Electronic check,46.13,1214.04,2,0,1,84097.11,0
13578,49.0,Female,Delhi,Masters,31,Month-to-month,Electronic check,52.3,1567.43,3,1,0,78669.32,0
13579,25.0,Female,Bengaluru,Bachelors,54,Month-to-month,Bank transfer,99.2,5401.06,1,1,1,70680.48,0
13580,50.0,Male,Delhi,High School,17,Month-to-month,Electronic check,61.38,1036.22,1,1,0,89758.9,0
13581,69.0,Female,Bengaluru,Bachelors,44,Month-to-month,Bank transfer,65.66,2825.86,1,1,0,65520.93,0
13582,43.0,Female,Chennai,High School,41,Month-to-month,Credit card,61.15,2603.9,1,1,0,71238.08,0
13583,41.0,Male,Delhi,High School,48,Month-to-month,Electronic check,89.93,4236.11,2,1,1,59445.13,0
13584,46.0,Male,Mumbai,Bachelors,30,One year,Electronic check,90.78,2719.07,3,1,0,91045.6,0
13585,68.0,Female,Bengaluru,,54,Month-to-month,Electronic check,89.49,4738.0,2,0,1,76413.63,1
13586,29.0,Female,Hyderabad,Bachelors,5,Month-to-month,Electronic check,65.58,341.43,4,1,0,57746.92,1
13587,45.0,Male,Bengaluru,Masters,54,Two year,Credit card,45.81,2441.68,1,1,0,37241.35,0
13588,32.0,Female,Mumbai,Bachelors,59,One year,Electronic check,107.35,6374.61,1,1,1,94309.15,0
13589,35.0,Male,Hyderabad,High School,64,One year,Bank transfer,83.84,5364.89,1,1,0,53630.57,0
13590,41.0,Female,Mumbai,High School,67,Month-to-month,Mailed check,54.95,3749.18,2,1,0,71585.42,0
13591,60.0,Female,Delhi,PhD,25,One year,Electronic check,96.32,2386.51,1,1,0,121757.19,0
13592,65.0,Male,Delhi,High School,3,Month-to-month,Electronic check,53.22,79.43,1,0,1,87633.21,0
13593,48.0,Male,Chennai,Bachelors,47,Month-to-month,Credit card,96.04,4525.76,4,1,0,105445.29,0
13594,37.0,Female,Chennai,High School,6,Month-to-month,Credit card,97.52,572.49,1,0,1,58161.25,0
13595,74.0,Female,Chennai,Bachelors,20,Two year,Electronic check,44.73,803.64,1,1,1,93561.48,0
13596,36.0,Male,Chennai,High School,51,Month-to-month,Bank transfer,77.8,3915.03,1,1,1,70586.72,0
13597,35.0,Male,Mumbai,High School,43,Month-to-month,Mailed check,82.21,3498.17,1,0,0,78052.37,1
13598,19.0,Male,Hyderabad,Bachelors,44,Month-to-month,Electronic check,122.53,5469.09,1,1,1,114458.52,1
13599,60.0,Female,Hyderabad,Masters,54,Month-to-month,Electronic check,48.67,2663.55,1,1,0,63869.79,0
13600,55.0,Female,Chennai,Bachelors,12,Month-to-month,Electronic check,96.52,1140.85,1,0,1,70423.6,0
13601,73.0,Male,Chennai,Bachelors,57,Month-to-month,Credit card,65.38,3750.2,2,1,0,50129.28,0
13602,24.0,Male,Mumbai,PhD,42,Two year,Mailed check,37.69,1481.01,1,1,1,89546.31,0
13603,61.0,Male,Delhi,High School,30,Month-to-month,Credit card,62.36,1842.55,2,0,0,57666.21,0
13604,43.0,Male,Chennai,Bachelors,33,One year,Credit card,65.05,2166.7,2,1,0,92499.63,0
13605,52.0,Male,Mumbai,High School,37,Month-to-month,Mailed check,41.7,1551.17,2,0,0,33701.91,0
13606,21.0,Female,Mumbai,Bachelors,40,Month-to-month,Bank transfer,71.87,2847.83,3,0,0,82070.04,0
13607,61.0,Female,Pune,Bachelors,24,Month-to-month,Credit card,86.07,2063.76,1,1,0,55838.75,1
13608,52.0,Male,Pune,Masters,16,Month-to-month,Electronic check,70.24,1140.75,1,0,1,86071.39,0
13609,41.0,Female,Delhi,Bachelors,12,Month-to-month,Electronic check,53.08,,1,1,0,69701.7,1
13610,50.0,Female,Mumbai,High School,24,Month-to-month,Mailed check,61.73,1524.57,1,1,1,58222.54,1
13611,32.0,Female,Delhi,Masters,19,Month-to-month,Mailed check,64.9,1249.04,2,0,0,61495.69,0
13612,34.0,Female,Mumbai,High School,37,One year,Credit card,69.78,2607.42,2,1,0,51291.46,0
13613,36.0,Male,Mumbai,High School,66,Two year,Mailed check,89.42,5987.4,1,1,0,88431.33,0
13614,18.0,Female,Mumbai,Masters,7,Month-to-month,Mailed check,70.98,538.24,1,1,1,46929.98,0
13615,53.0,Male,Chennai,Bachelors,22,Month-to-month,Mailed check,34.14,838.13,3,0,1,64124.27,0
13616,57.0,Female,Delhi,Masters,3,Month-to-month,Mailed check,52.63,124.29,1,1,1,77595.27,1
13617,33.0,Male,Mumbai,High School,71,One year,Credit card,68.65,4794.53,1,0,0,105496.88,0
13618,47.0,Female,Bengaluru,High School,51,Month-to-month,Bank transfer,89.73,4569.22,3,0,1,69795.43,0
13619,39.0,Male,Mumbai,Bachelors,17,Month-to-month,Credit card,93.55,1579.07,2,1,1,64664.77,0
13620,46.0,Male,Chennai,High School,30,One year,Electronic check,104.04,3194.17,1,0,1,76019.97,0
13621,34.0,Male,Mumbai,Bachelors,52,One year,Credit card,67.87,3472.74,1,1,1,24383.79,0
13622,31.0,Female,Mumbai,High School,69,Month-to-month,Credit card,81.79,5639.57,2,1,0,43629.79,0
13623,56.0,Male,Delhi,High School,41,One year,Credit card,33.0,1373.26,1,1,1,61741.94,0
13624,41.0,Male,Mumbai,Bachelors,19,Month-to-month,Credit card,74.46,1419.75,4,0,0,54314.68,0
13625,68.0,Male,Mumbai,High School,50,Month-to-month,Bank transfer,41.34,2058.42,2,1,1,34781.67,0
13626,43.0,Male,Pune,High School,50,One year,Bank transfer,63.62,3198.93,2,0,0,88871.13,0
13627,30.0,Male,Chennai,Bachelors,47,One year,Electronic check,130.0,6163.95,2,0,1,75714.65,0
13628,58.0,Female,Pune,Bachelors,3,Month-to-month,Electronic check,71.68,291.83,4,1,1,73085.84,0
13629,50.0,Male,Hyderabad,Bachelors,51,Month-to-month,Credit card,46.0,2347.64,1,0,0,54732.19,0
13630,51.0,Female,Mumbai,Bachelors,1,Month-to-month,Mailed check,73.97,33.18,1,1,1,71746.65,0
13631,57.0,Female,Pune,Bachelors,66,Two year,Bank transfer,53.62,3615.65,2,1,0,81317.89,0
13632,34.0,Male,Hyderabad,Bachelors,64,Month-to-month,Bank transfer,43.86,2753.16,1,0,0,64172.29,0
13633,40.0,Female,Delhi,High School,41,Two year,Bank transfer,111.27,4651.6,2,0,0,79780.59,0
13634,,Male,Hyderabad,High School,47,Two year,Mailed check,88.47,4225.3,1,1,1,52486.67,0
13635,25.0,Female,Bengaluru,Masters,4,Month-to-month,Credit card,72.6,364.87,1,1,1,,0
13636,39.0,Male,Hyderabad,High School,63,Two year,Electronic check,56.38,3586.21,1,1,1,95134.96,0
13637,59.0,Male,Chennai,Masters,19,Month-to-month,Credit card,58.16,999.42,2,1,1,97104.43,0
13638,45.0,Female,Pune,High School,19,Month-to-month,Electronic check,98.93,1827.71,1,1,0,99206.95,1
13639,25.0,Male,Chennai,Bachelors,51,Month-to-month,Credit card,71.74,3674.08,1,1,0,76282.51,0
13640,22.0,Female,Chennai,,68,One year,Bank transfer,10.0,646.22,1,0,1,70695.51,0
13641,64.0,Male,Bengaluru,Bachelors,36,Two year,Credit card,118.26,4241.6,1,1,1,60126.64,0
13642,41.0,Male,Delhi,,37,Month-to-month,Electronic check,69.03,2584.75,2,0,1,30235.34,0
13643,34.0,Male,Hyderabad,Masters,40,Month-to-month,Credit card,72.55,2893.5,4,1,0,40412.21,0
13644,38.0,Male,Bengaluru,Bachelors,21,Month-to-month,Electronic check,88.91,1806.16,2,0,1,66302.79,0
13645,23.0,Female,Mumbai,Bachelors,43,Month-to-month,Electronic check,75.24,3279.6,2,1,1,67617.65,0
13646,61.0,Male,Bengaluru,Masters,70,One year,Electronic check,81.43,5725.85,1,0,1,101068.91,0
13647,37.0,Male,Delhi,High School,27,One year,Bank transfer,55.68,1490.91,4,0,1,98925.58,0
13648,60.0,Male,Delhi,Bachelors,56,Two year,Credit card,37.94,2160.2,3,0,0,,0
13649,43.0,Female,Hyderabad,PhD,56,Month-to-month,Bank transfer,71.17,3990.27,2,1,1,88003.17,0
13650,61.0,Male,Chennai,PhD,62,Month-to-month,Electronic check,96.5,6049.57,1,1,1,59504.48,0
13651,45.0,Male,Mumbai,High School,52,Month-to-month,Mailed check,50.75,2646.56,1,1,0,85017.56,0
13652,53.0,Female,Chennai,Masters,67,One year,Electronic check,48.98,3347.86,1,1,0,87732.39,0
13653,51.0,Female,Mumbai,High School,52,One year,Electronic check,91.86,4683.04,1,1,1,97326.04,0
13654,50.0,Female,Bengaluru,Bachelors,71,Month-to-month,Credit card,54.94,3923.7,1,0,1,59161.85,0
13655,47.0,Male,Chennai,Bachelors,52,Month-to-month,Electronic check,55.97,2890.55,3,1,1,92314.68,0
13656,39.0,Male,Pune,Bachelors,61,Month-to-month,Bank transfer,56.79,3421.24,1,1,1,28798.09,0
13657,,Male,Delhi,Bachelors,64,Two year,Mailed check,63.57,4126.41,1,0,1,98516.74,0
13658,30.0,Female,Chennai,High School,71,One year,Electronic check,30.38,2201.43,3,0,1,,0
13659,42.0,Male,Chennai,Bachelors,43,Two year,Electronic check,53.13,2184.27,3,1,0,69917.98,1
13660,42.0,Male,Mumbai,High School,51,Month-to-month,Electronic check,70.07,3609.34,1,1,0,25176.4,0
13661,47.0,Female,Delhi,,70,Month-to-month,Bank transfer,69.91,4923.41,1,1,0,61449.35,0
13662,36.0,Male,Chennai,Bachelors,27,Month-to-month,Bank transfer,90.48,2406.81,2,0,1,99820.55,0
13663,46.0,Male,Mumbai,Bachelors,8,Month-to-month,Credit card,105.47,801.99,4,1,1,60612.56,1
13664,40.0,Female,Bengaluru,Bachelors,64,Month-to-month,Electronic check,98.27,6209.75,2,1,1,85696.18,0
13665,21.0,Female,Delhi,Bachelors,46,Month-to-month,Electronic check,85.12,3898.64,1,1,1,70760.21,0
13666,42.0,Female,Bengaluru,High School,31,Month-to-month,Mailed check,61.73,1904.76,2,0,1,93378.72,0
13667,28.0,Male,Delhi,Masters,52,Month-to-month,Credit card,51.29,,2,1,1,74213.02,0
13668,19.0,Male,Mumbai,Bachelors,2,Month-to-month,Bank transfer,65.39,144.25,1,1,0,49500.15,1
13669,,Male,Delhi,High School,34,One year,Credit card,77.88,2594.92,1,0,1,71241.91,0
13670,48.0,Female,Chennai,High School,19,One year,Electronic check,83.08,1590.46,3,1,1,,0
13671,49.0,Female,Bengaluru,,21,Month-to-month,Bank transfer,78.71,1640.21,2,0,0,80948.19,1
13672,49.0,Male,Bengaluru,Bachelors,70,Two year,Bank transfer,62.33,4316.36,1,1,0,,0
13673,18.0,Male,Hyderabad,High School,40,Two year,Electronic check,82.31,3212.92,2,1,0,119626.36,0
13674,24.0,Male,Mumbai,Masters,10,One year,Electronic check,92.74,958.64,2,1,1,95502.75,0
13675,68.0,Female,Mumbai,Bachelors,26,One year,Mailed check,84.36,2215.68,1,1,1,87968.15,0
13676,28.0,Male,Bengaluru,Bachelors,17,Month-to-month,Electronic check,64.3,1120.94,1,0,0,76981.53,0
13677,50.0,Female,Mumbai,High School,66,Month-to-month,Electronic check,46.66,3043.15,1,1,1,86066.02,0
13678,33.0,Female,Mumbai,Bachelors,21,Month-to-month,Bank transfer,46.13,977.28,4,1,0,86780.11,0
13679,43.0,Male,Hyderabad,Bachelors,26,Month-to-month,Electronic check,50.01,1231.49,1,0,0,21978.06,0
13680,34.0,Female,Pune,High School,24,Month-to-month,Bank transfer,70.66,1646.51,2,1,1,78688.6,0
13681,49.0,Female,Delhi,Masters,12,Two year,Mailed check,76.44,918.97,1,0,0,66462.27,0
13682,44.0,Female,Delhi,High School,56,Two year,Electronic check,33.88,1910.4,3,0,0,59004.92,1
13683,36.0,Male,Hyderabad,High School,42,Month-to-month,Bank transfer,53.91,2182.78,4,1,1,65700.38,0
13684,28.0,Male,Chennai,Bachelors,31,One year,Mailed check,70.35,2127.97,3,0,0,35771.33,0
13685,45.0,Male,Delhi,Bachelors,28,Two year,Electronic check,45.21,1247.61,3,0,0,30298.58,0
13686,26.0,Male,Chennai,Bachelors,48,One year,Bank transfer,74.55,3626.33,1,0,0,97423.05,1
13687,48.0,Male,Pune,High School,7,Month-to-month,Electronic check,58.24,367.02,1,1,1,80167.47,1
13688,76.0,Female,Mumbai,High School,68,Two year,Electronic check,49.08,3344.47,1,0,1,16913.73,0
13689,60.0,Male,Mumbai,Masters,41,One year,Mailed check,66.17,2725.24,2,1,1,57319.54,0
13690,,Male,Hyderabad,Bachelors,16,Month-to-month,Mailed check,73.63,1165.6,1,0,1,89372.14,0
13691,41.0,Female,Mumbai,Bachelors,39,Month-to-month,Bank transfer,46.33,1820.27,1,1,0,63839.68,0
13692,18.0,Female,Delhi,Bachelors,62,One year,Mailed check,59.66,3631.67,1,0,0,97390.11,1
13693,25.0,Male,Chennai,Masters,12,Month-to-month,Mailed check,75.29,870.69,2,1,0,93094.54,0
13694,59.0,Female,Hyderabad,High School,38,Two year,Bank transfer,48.23,1904.46,1,1,1,40152.35,0
13695,,Male,Bengaluru,Masters,43,One year,Credit card,28.53,1302.03,1,1,1,66846.87,0
13696,33.0,Female,Bengaluru,High School,59,Month-to-month,Electronic check,31.2,1882.95,2,1,1,60142.03,0
13697,40.0,Male,Bengaluru,Masters,41,Month-to-month,Bank transfer,55.8,2342.82,1,1,1,39436.76,0
13698,28.0,Female,Hyderabad,Bachelors,53,Month-to-month,Electronic check,35.99,1816.17,3,0,0,38005.96,0
13699,26.0,Female,Chennai,Masters,56,Month-to-month,Electronic check,57.35,3164.17,2,1,1,52267.53,0
13700,41.0,Female,Chennai,Bachelors,65,One year,Credit card,101.63,6590.39,2,1,1,55899.64,0
13701,30.0,Male,Bengaluru,Bachelors,26,Two year,Mailed check,34.67,1022.2,1,1,1,76231.06,0
13702,32.0,Female,Chennai,Bachelors,51,One year,Electronic check,58.78,2982.13,1,0,0,92972.7,0
13703,32.0,Male,Hyderabad,Bachelors,18,Month-to-month,Mailed check,111.91,2051.63,2,1,0,81300.19,0
13704,49.0,Female,Delhi,Bachelors,61,Two year,Mailed check,73.98,4531.7,1,0,1,86508.19,0
13705,,Male,Delhi,High School,69,Two year,Credit card,56.91,3944.6,2,1,0,64134.41,0
13706,40.0,Male,Delhi,Masters,21,Two year,Credit card,61.55,1291.37,3,1,1,83266.0,0
13707,50.0,Female,Bengaluru,High School,40,Month-to-month,Electronic check,74.45,2918.0,1,0,1,66735.75,0
13708,40.0,Female,Mumbai,Bachelors,60,Month-to-month,Credit card,102.31,6003.54,2,0,1,,0
13709,38.0,Male,Mumbai,Masters,1,One year,Mailed check,53.32,117.41,1,0,0,111736.22,0
13710,48.0,Female,Mumbai,Bachelors,51,Month-to-month,Bank transfer,48.33,2434.01,1,1,1,18729.53,0
13711,51.0,Male,Mumbai,Bachelors,59,Month-to-month,Electronic check,34.67,1952.17,1,1,1,28787.31,0
13712,40.0,Male,Bengaluru,Bachelors,63,Two year,Credit card,67.27,4259.91,2,1,0,78419.39,0
13713,43.0,Male,Hyderabad,Bachelors,14,Two year,Bank transfer,34.07,497.92,4,1,1,64170.39,0
13714,32.0,Male,Bengaluru,High School,55,Month-to-month,Credit card,54.8,3052.39,1,1,1,38386.34,0
13715,,Male,Hyderabad,Masters,57,Two year,Credit card,45.01,2621.36,2,1,0,46798.56,0
13716,52.0,Female,Delhi,PhD,0,Month-to-month,Mailed check,88.63,,1,0,0,49663.07,1
13717,48.0,Female,Chennai,Bachelors,51,One year,Credit card,53.82,2701.07,1,1,1,89631.4,0
13718,48.0,Male,Hyderabad,Masters,45,Month-to-month,Electronic check,73.73,3301.91,2,1,1,96673.03,1
13719,46.0,Female,Hyderabad,Masters,70,Month-to-month,Credit card,29.71,2120.78,2,0,1,106070.38,0
13720,43.0,Male,Hyderabad,Bachelors,3,One year,Electronic check,67.89,98.54,2,1,0,35041.75,0
13721,51.0,Female,Mumbai,Bachelors,70,One year,Electronic check,38.53,2703.51,3,1,1,39923.28,0
13722,54.0,Female,Bengaluru,Bachelors,41,Two year,Credit card,55.64,2327.85,1,0,1,38416.22,0
13723,54.0,Female,Chennai,High School,20,Month-to-month,Electronic check,113.65,2317.54,1,1,1,98354.85,0
13724,41.0,Female,Mumbai,High School,28,Month-to-month,Credit card,85.51,2429.71,1,0,1,79178.94,0
13725,60.0,Female,Mumbai,High School,55,Month-to-month,Electronic check,62.17,3472.5,2,0,1,71764.38,0
13726,45.0,Male,Bengaluru,Bachelors,72,One year,Bank transfer,130.0,9222.64,1,0,1,75051.83,0
13727,50.0,Female,Delhi,Bachelors,23,One year,Bank transfer,44.87,1112.68,1,1,0,68750.88,0
13728,46.0,Female,Pune,High School,71,Month-to-month,Electronic check,90.63,6451.25,2,0,1,45334.87,0
13729,45.0,Male,Hyderabad,High School,45,Month-to-month,Credit card,31.28,1474.33,1,0,1,81289.8,0
13730,32.0,Male,Mumbai,Bachelors,14,Month-to-month,Electronic check,59.63,776.09,2,1,0,65904.95,1
13731,51.0,Female,Delhi,,43,Month-to-month,Credit card,35.35,1432.36,4,0,0,43592.93,1
13732,79.0,Male,Hyderabad,Masters,58,Month-to-month,Credit card,70.66,4187.6,1,1,0,82634.28,0
13733,37.0,Female,Hyderabad,High School,3,Two year,Bank transfer,66.23,152.36,1,1,0,60632.67,0
13734,43.0,Male,Bengaluru,Bachelors,5,Month-to-month,Credit card,58.23,275.61,4,0,1,75004.64,1
13735,36.0,Male,Mumbai,High School,0,Month-to-month,Bank transfer,89.03,,2,0,1,,0
13736,36.0,Male,Pune,PhD,41,One year,Credit card,52.52,2191.96,1,0,0,89610.33,0
13737,62.0,Female,Delhi,Masters,4,Two year,Credit card,72.19,342.68,2,1,0,74843.59,0
13738,33.0,Female,Mumbai,Bachelors,68,One year,Bank transfer,83.05,,1,1,0,50558.6,0
13739,36.0,Female,Mumbai,High School,9,Month-to-month,Credit card,32.37,238.61,2,0,1,77084.07,0
13740,21.0,Male,Chennai,High School,5,Month-to-month,Mailed check,48.53,277.98,2,0,1,77803.15,0
13741,32.0,Female,Bengaluru,High School,18,Month-to-month,Mailed check,66.18,1227.37,1,0,1,81249.33,0
13742,20.0,Male,Delhi,Bachelors,55,Month-to-month,Credit card,78.86,4246.55,2,1,1,92789.23,0
13743,50.0,Male,Bengaluru,High School,66,One year,Bank transfer,96.27,6424.75,1,1,1,56448.38,0
13744,,Male,Pune,High School,18,Two year,Electronic check,60.25,960.15,3,1,0,,0
13745,37.0,Male,Bengaluru,Bachelors,37,Month-to-month,Electronic check,58.04,2199.2,2,1,0,32054.02,0
13746,20.0,Female,Delhi,Masters,56,One year,Bank transfer,45.8,2533.09,4,0,1,67360.33,0
13747,,Female,Delhi,High School,58,One year,Electronic check,72.26,4226.36,1,1,1,63957.48,0
13748,33.0,Male,Mumbai,High School,11,Month-to-month,Mailed check,58.46,668.57,1,1,1,101852.59,0
13749,59.0,Female,Pune,High School,61,Month-to-month,Electronic check,58.97,3595.31,1,0,1,66560.62,0
13750,38.0,Male,Mumbai,High School,63,Two year,Electronic check,62.93,3987.14,1,1,1,83375.75,0
13751,34.0,Male,Mumbai,High School,53,Month-to-month,Credit card,77.14,4084.1,1,1,0,31240.87,0
13752,40.0,Female,Mumbai,Masters,38,Month-to-month,Electronic check,52.6,2034.5,2,0,1,62261.32,0
13753,52.0,Female,Mumbai,PhD,28,Month-to-month,Credit card,48.01,1453.54,1,1,1,,1
13754,39.0,Female,Delhi,High School,64,One year,Mailed check,74.5,4700.94,3,0,0,124461.24,0
13755,36.0,Male,Pune,High School,63,Two year,Credit card,10.0,470.59,1,0,1,55330.47,0
13756,39.0,Male,Mumbai,High School,37,Month-to-month,Bank transfer,51.72,1892.86,1,1,0,71612.14,0
13757,,Female,Mumbai,High School,54,Month-to-month,Mailed check,39.67,,2,1,1,72784.67,0
13758,47.0,Male,Delhi,Masters,29,Two year,Electronic check,91.47,2633.75,1,0,0,35031.48,0
13759,19.0,Female,Pune,Bachelors,54,One year,Credit card,55.3,2939.88,2,1,0,58427.22,0
13760,36.0,Male,Pune,Bachelors,6,Two year,Bank transfer,52.66,359.58,2,0,1,78904.86,0
13761,52.0,Male,Pune,High School,65,One year,Electronic check,63.93,4086.38,2,1,1,71885.89,0
13762,46.0,Female,Mumbai,High School,37,One year,Credit card,51.9,1942.84,2,1,0,19390.96,0
13763,,Female,Hyderabad,High School,43,Month-to-month,Mailed check,56.14,2445.94,2,1,0,57526.19,0
13764,,Female,Bengaluru,Bachelors,13,Month-to-month,Electronic check,67.14,888.64,4,1,1,92458.08,0
13765,57.0,Female,Mumbai,Bachelors,38,One year,Electronic check,55.72,2141.72,1,1,1,,0
13766,54.0,Male,Hyderabad,High School,0,Month-to-month,Credit card,55.56,,1,0,1,96796.73,0
13767,48.0,Female,Hyderabad,High School,64,Month-to-month,Mailed check,42.78,2740.6,2,1,0,48315.76,0
13768,54.0,Male,Hyderabad,Masters,54,Month-to-month,Credit card,39.62,2122.16,1,0,1,98180.45,0
13769,52.0,Female,Mumbai,Bachelors,33,Month-to-month,Mailed check,66.33,2213.21,1,1,1,69023.07,0
13770,36.0,Female,Delhi,High School,61,One year,Electronic check,71.75,4406.77,2,1,0,105028.9,0
13771,25.0,Female,Bengaluru,Bachelors,59,Month-to-month,Electronic check,33.58,2025.7,1,1,0,70072.7,0
13772,47.0,Male,Mumbai,Masters,8,Two year,Credit card,81.72,568.14,1,1,0,24955.54,0
13773,49.0,Male,Mumbai,Bachelors,3,Month-to-month,Electronic check,81.81,236.25,2,1,0,88683.6,1
13774,56.0,Female,Hyderabad,Masters,18,One year,Credit card,86.44,1502.65,1,1,1,60242.7,0
13775,30.0,Female,Mumbai,Masters,0,Month-to-month,Electronic check,71.6,,1,1,0,61722.95,0
13776,30.0,Male,Mumbai,Bachelors,41,Month-to-month,Credit card,79.02,3276.16,2,1,1,38031.88,0
13777,48.0,Male,Mumbai,Masters,38,Month-to-month,Electronic check,113.07,4282.94,2,0,1,105688.39,0
13778,41.0,Female,Mumbai,Bachelors,39,Month-to-month,Bank transfer,58.37,2239.97,2,0,1,58535.77,1
13779,18.0,Female,Delhi,High School,5,One year,Electronic check,41.99,239.8,1,1,1,104650.79,1
13780,47.0,Female,Hyderabad,Masters,67,Month-to-month,Electronic check,31.25,2087.09,1,0,1,60512.65,0
13781,18.0,Female,Chennai,High School,71,Two year,Credit card,103.62,7428.34,2,1,0,49589.61,0
13782,30.0,Female,Mumbai,High School,43,Month-to-month,Electronic check,103.91,4556.78,1,1,0,99029.64,0
13783,,Female,Bengaluru,Bachelors,0,Month-to-month,Credit card,44.66,,3,1,1,68386.64,0
13784,,Female,Mumbai,Bachelors,28,One year,Bank transfer,49.0,1383.63,2,1,0,68601.42,0
13785,26.0,Male,Mumbai,High School,52,Month-to-month,Bank transfer,57.87,3100.52,1,1,0,41804.23,0
13786,38.0,Male,Chennai,Masters,54,Month-to-month,Mailed check,91.93,4976.26,2,1,0,59932.29,0
13787,43.0,Male,Pune,High School,17,Month-to-month,Credit card,36.68,599.6,3,0,0,79431.31,0
13788,65.0,Female,Delhi,High School,60,Month-to-month,Credit card,21.73,1270.03,3,1,0,41418.04,0
13789,36.0,Male,Chennai,Bachelors,70,Month-to-month,Credit card,112.69,7853.12,2,1,1,58140.07,0
13790,36.0,Female,Delhi,Masters,37,Two year,Electronic check,71.87,2658.87,1,1,1,60750.18,0
13791,,Male,Chennai,Bachelors,27,Month-to-month,Electronic check,75.0,2048.15,2,1,1,71461.7,0
13792,37.0,Female,Bengaluru,Bachelors,38,Two year,Credit card,60.49,2227.86,2,1,0,102550.31,0
13793,51.0,Male,Bengaluru,Masters,1,Two year,Bank transfer,75.25,52.8,2,1,1,,0
13794,23.0,Male,Chennai,Bachelors,38,Month-to-month,Mailed check,31.69,1214.86,1,1,0,54808.99,0
13795,40.0,Male,Hyderabad,Bachelors,1,One year,Mailed check,46.5,78.68,3,1,1,130420.15,0
13796,,Female,Pune,Bachelors,2,Two year,Mailed check,67.31,133.32,1,0,1,60469.92,0
13797,28.0,Male,Delhi,Masters,40,Month-to-month,Bank transfer,15.04,613.83,1,0,1,,0
13798,53.0,Male,Pune,Masters,37,Month-to-month,Mailed check,58.34,2096.65,1,1,1,62127.38,0
13799,41.0,Female,Chennai,High School,72,One year,Mailed check,56.99,4057.69,1,1,0,63911.08,0
13800,38.0,Female,Bengaluru,Masters,37,One year,Electronic check,58.34,2155.54,1,0,0,71710.61,0
13801,32.0,Female,Bengaluru,Bachelors,71,Two year,Mailed check,52.88,3780.01,1,1,0,90257.52,0
13802,39.0,Female,Pune,,58,Month-to-month,Electronic check,43.09,2510.79,1,0,1,78887.73,0
13803,46.0,Female,Bengaluru,High School,24,Month-to-month,Electronic check,24.92,555.64,1,1,1,93696.1,0
13804,55.0,Male,Delhi,Masters,67,One year,Bank transfer,68.18,4556.23,1,1,1,92968.63,0
13805,18.0,Male,Mumbai,Masters,35,Month-to-month,Credit card,58.4,2119.59,1,1,0,74588.15,0
13806,31.0,Male,Delhi,Masters,43,One year,Electronic check,34.74,1521.03,1,1,0,78278.86,0
13807,44.0,Male,Mumbai,Masters,7,Month-to-month,Credit card,66.38,456.53,1,1,1,94392.21,0
13808,41.0,Female,Mumbai,High School,15,Month-to-month,Bank transfer,58.51,826.36,1,1,0,45553.38,0
13809,47.0,Female,Hyderabad,Masters,38,Two year,Credit card,54.86,2049.01,2,1,0,124960.65,0
13810,45.0,Female,Delhi,Bachelors,19,One year,Mailed check,17.55,333.78,1,1,1,58723.13,0
13811,38.0,Male,Mumbai,Bachelors,43,One year,Bank transfer,80.02,3454.66,2,1,0,62278.77,1
13812,,Female,Delhi,Bachelors,5,Two year,Bank transfer,37.87,217.63,1,1,1,43338.18,0
13813,39.0,Male,Mumbai,High School,18,Month-to-month,Credit card,66.39,1214.42,1,0,1,43992.68,0
13814,57.0,Male,Bengaluru,Bachelors,48,One year,Electronic check,47.22,2248.05,1,1,1,91428.75,0
13815,32.0,Male,Delhi,High School,44,Month-to-month,Electronic check,56.45,2458.24,1,0,1,119944.25,0
13816,41.0,Female,Pune,Masters,71,One year,Credit card,90.35,6517.2,2,1,0,57520.72,0
13817,,Female,Bengaluru,Bachelors,65,Two year,Electronic check,76.7,4957.68,2,1,1,77640.96,0
13818,62.0,Female,Hyderabad,,59,Two year,Credit card,89.86,5237.15,2,0,1,74843.67,0
13819,38.0,Female,Delhi,High School,0,Month-to-month,Electronic check,72.27,,1,1,1,,0
13820,54.0,Female,Hyderabad,High School,43,Two year,Electronic check,73.72,3152.3,1,1,1,118811.72,0
13821,58.0,Male,Hyderabad,High School,16,Month-to-month,Electronic check,25.81,459.96,3,1,1,103461.42,0
13822,41.0,Female,Pune,High School,19,One year,Bank transfer,58.01,1073.39,1,0,1,64749.5,1
13823,39.0,Male,Hyderabad,Bachelors,15,Two year,Bank transfer,60.05,974.63,1,0,1,81632.89,0
13824,38.0,Male,Pune,Bachelors,33,One year,Credit card,91.92,3033.0,1,1,0,83817.27,0
13825,39.0,Female,Chennai,Masters,9,One year,Bank transfer,53.86,540.22,4,1,1,69558.01,0
13826,53.0,Male,Pune,Bachelors,38,Two year,Bank transfer,70.83,2653.65,3,1,1,45889.41,0
13827,45.0,Female,Bengaluru,Bachelors,12,Month-to-month,Bank transfer,69.97,802.53,1,1,0,52426.92,0
13828,45.0,Male,Mumbai,High School,36,One year,Mailed check,90.47,3261.47,1,1,1,95259.36,0
13829,27.0,Male,Bengaluru,Masters,45,One year,Bank transfer,62.06,2816.83,2,0,1,,0
13830,,Male,Pune,Bachelors,13,Month-to-month,Credit card,83.21,1072.78,1,1,1,65433.52,0
13831,70.0,Female,Pune,Bachelors,7,Two year,Credit card,27.49,207.05,1,0,0,,0
13832,40.0,Male,Pune,Bachelors,58,Month-to-month,Electronic check,29.49,1739.84,1,1,1,96339.8,0
13833,,Female,Delhi,High School,53,Month-to-month,Mailed check,14.77,711.78,1,1,1,32506.08,0
13834,61.0,Male,Chennai,Bachelors,19,Two year,Bank transfer,82.29,1546.46,1,1,0,60180.25,0
13835,46.0,Male,Bengaluru,Masters,64,Month-to-month,Bank transfer,79.82,5082.55,2,1,1,114393.17,0
13836,,Male,Hyderabad,Bachelors,16,One year,Electronic check,84.73,1332.17,2,0,1,76584.77,0
13837,40.0,Female,Delhi,Bachelors,67,Two year,Credit card,50.1,3377.04,2,1,0,45157.25,0
13838,38.0,Male,Delhi,Bachelors,8,Two year,Mailed check,52.6,395.56,1,1,1,72580.21,0
13839,40.0,Male,Delhi,High School,48,One year,Electronic check,62.34,2892.07,1,1,0,92471.58,0
13840,24.0,Male,Delhi,High School,1,Two year,Credit card,96.76,84.93,3,1,0,15000.0,0
13841,41.0,Male,Delhi,Masters,14,Month-to-month,Bank transfer,102.26,1378.42,1,0,0,73878.29,0
13842,46.0,Male,Hyderabad,Bachelors,29,Month-to-month,Credit card,82.46,2416.16,1,0,1,61806.88,0
13843,66.0,Male,Mumbai,,6,One year,Electronic check,72.28,473.96,1,0,1,33876.04,0
13844,43.0,Female,Hyderabad,Bachelors,33,One year,Electronic check,94.38,3005.8,1,1,1,71802.4,0
13845,18.0,Female,Mumbai,Bachelors,16,Two year,Credit card,59.37,911.21,1,1,0,66997.43,0
13846,41.0,Male,Mumbai,Bachelors,7,Month-to-month,Mailed check,56.4,412.47,1,1,1,69470.01,0
13847,78.0,Male,Mumbai,High School,70,Month-to-month,Electronic check,62.16,4280.76,2,0,1,62338.27,0
13848,53.0,Male,Mumbai,Bachelors,71,Month-to-month,Bank transfer,43.47,3125.5,1,1,1,47530.57,0
13849,31.0,Female,Chennai,Masters,70,Month-to-month,Credit card,61.15,4332.97,2,1,0,37994.34,0
13850,,Female,Hyderabad,High School,11,One year,Credit card,40.42,436.52,2,1,0,54804.82,0
13851,,Male,Hyderabad,Bachelors,27,Month-to-month,Credit card,87.55,,1,1,1,88903.55,0
13852,24.0,Female,Hyderabad,Bachelors,23,Month-to-month,Electronic check,76.96,1654.55,2,0,1,75127.55,0
13853,37.0,Male,Hyderabad,High School,23,Month-to-month,Credit card,96.45,2259.05,3,0,0,68478.19,0
13854,43.0,Male,Chennai,Masters,30,Month-to-month,Electronic check,29.16,974.93,1,1,1,47125.1,0
13855,,Female,Bengaluru,Bachelors,37,Month-to-month,Mailed check,106.84,4042.86,2,1,0,61773.87,0
13856,27.0,Male,Mumbai,Bachelors,35,Two year,Electronic check,30.41,1054.6,2,1,1,86217.47,0
13857,42.0,Male,Chennai,High School,21,Two year,Mailed check,38.64,756.81,2,1,0,81105.24,0
13858,37.0,Female,Bengaluru,High School,71,One year,Electronic check,51.34,3687.02,1,1,1,59501.62,0
13859,,Female,Pune,Masters,71,Month-to-month,Credit card,93.77,6651.33,1,1,0,15000.0,0
13860,26.0,Male,Chennai,High School,24,Month-to-month,Credit card,69.96,,1,1,1,55153.35,0
13861,51.0,Female,Delhi,Bachelors,16,Month-to-month,Electronic check,59.64,969.38,1,0,1,59380.72,0
13862,27.0,Female,Pune,Bachelors,38,One year,Electronic check,47.56,1811.93,1,1,0,50043.67,0
13863,63.0,Female,Mumbai,High School,26,Month-to-month,Electronic check,34.73,954.41,3,1,0,60910.13,0
13864,20.0,Male,Hyderabad,Bachelors,72,Month-to-month,Bank transfer,89.92,6527.52,1,1,1,87964.1,0
13865,28.0,Male,Hyderabad,Bachelors,31,Two year,Credit card,82.57,2533.54,1,0,0,,0
13866,47.0,Female,Chennai,Masters,2,One year,Bank transfer,94.75,143.34,1,1,0,91773.31,0
13867,64.0,Female,Bengaluru,High School,9,Month-to-month,Mailed check,73.73,538.61,1,0,1,36815.81,0
13868,46.0,Male,Mumbai,High School,5,One year,Credit card,10.0,32.69,2,1,0,63288.59,0
13869,49.0,Female,Mumbai,High School,27,Month-to-month,Mailed check,37.62,961.07,2,1,1,,0
13870,42.0,Male,Delhi,Bachelors,23,Month-to-month,Credit card,75.23,1751.25,1,1,1,60615.29,0
13871,29.0,Female,Delhi,Masters,62,Two year,Mailed check,56.87,3509.15,1,0,0,46995.54,0
13872,36.0,Female,Delhi,Bachelors,65,Month-to-month,Bank transfer,52.71,3414.78,1,1,0,98187.56,0
13873,26.0,Female,Bengaluru,High School,10,Month-to-month,Mailed check,40.73,447.9,4,1,0,79013.66,1
13874,25.0,Female,Bengaluru,High School,68,One year,Electronic check,85.85,5857.66,1,1,1,92326.25,0
13875,47.0,Female,Mumbai,Bachelors,42,Month-to-month,Bank transfer,75.04,3145.85,1,1,0,60554.35,0
13876,27.0,Male,Mumbai,High School,22,One year,Electronic check,76.03,1756.98,1,0,1,47566.2,0
13877,46.0,Male,Chennai,High School,29,Two year,Bank transfer,51.06,1517.65,1,0,1,46865.61,0
13878,25.0,Male,Hyderabad,Bachelors,32,Month-to-month,Bank transfer,68.88,2183.37,1,1,1,75839.66,0
13879,46.0,Female,Delhi,Bachelors,12,Month-to-month,Mailed check,35.57,408.28,3,1,0,109823.55,0
13880,36.0,Female,Bengaluru,High School,63,Month-to-month,Electronic check,62.14,3954.24,1,0,0,79072.41,1
13881,60.0,Male,Mumbai,Bachelors,0,Month-to-month,Credit card,10.0,,1,0,1,61755.11,0
13882,46.0,Male,Delhi,Bachelors,5,One year,Electronic check,30.5,96.44,1,0,1,65847.04,0
13883,58.0,Female,Chennai,Bachelors,19,Month-to-month,Electronic check,57.91,1145.03,1,1,1,69311.39,0
13884,32.0,Female,Mumbai,High School,10,Month-to-month,Electronic check,117.25,1235.36,3,1,0,114586.14,1
13885,43.0,Female,Mumbai,Masters,4,One year,Electronic check,25.38,160.59,2,1,1,97139.39,0
13886,29.0,Female,Bengaluru,Bachelors,27,One year,Mailed check,37.64,1093.42,3,0,0,75719.1,0
13887,37.0,Male,Chennai,Bachelors,27,Two year,Bank transfer,69.77,1987.25,3,1,1,72414.1,0
13888,39.0,Male,Delhi,Bachelors,9,Month-to-month,Credit card,103.93,1021.87,2,1,1,76585.77,0
13889,33.0,Male,Bengaluru,Bachelors,59,One year,Mailed check,69.45,4114.58,2,1,0,,0
13890,26.0,Male,Pune,Masters,64,Month-to-month,Electronic check,80.45,5138.38,1,0,1,60909.65,0
13891,24.0,Male,Chennai,Bachelors,52,Two year,Credit card,57.57,2902.16,2,0,1,51430.26,0
13892,18.0,Female,Delhi,High School,38,Two year,Credit card,53.77,2043.8,2,0,0,92708.85,0
13893,28.0,Male,Delhi,High School,69,One year,Electronic check,66.81,4635.85,2,1,0,70483.62,0
13894,50.0,Male,Bengaluru,Bachelors,25,One year,Bank transfer,50.52,1265.18,1,1,1,,0
13895,21.0,Female,Pune,High School,31,One year,Credit card,80.93,2414.42,2,1,1,106215.49,0
13896,24.0,Male,Hyderabad,Bachelors,1,One year,Credit card,29.66,15.33,1,1,0,,0
13897,65.0,Female,Pune,Bachelors,51,Month-to-month,Mailed check,84.58,4345.85,2,1,0,77888.07,0
13898,34.0,Female,Bengaluru,Bachelors,6,One year,Bank transfer,65.86,343.86,1,0,1,140405.35,0
13899,46.0,Female,Mumbai,Masters,48,Two year,Bank transfer,60.28,2901.72,1,0,0,74554.44,0
13900,50.0,Male,Delhi,PhD,57,One year,Bank transfer,28.85,1666.03,1,0,0,46007.97,0
13901,51.0,Male,Pune,Bachelors,15,Month-to-month,Credit card,43.44,707.5,2,0,0,,0
13902,22.0,Male,Mumbai,Bachelors,44,Month-to-month,Mailed check,91.37,4105.91,2,1,1,104137.06,0
13903,39.0,Female,Bengaluru,High School,22,One year,Electronic check,60.41,1310.13,1,1,0,41528.32,0
13904,21.0,Male,Delhi,Masters,29,Month-to-month,Bank transfer,71.12,2071.67,1,1,0,53445.89,1
13905,74.0,Female,Delhi,High School,38,Month-to-month,Credit card,45.65,1745.45,1,1,0,94341.39,1
13906,21.0,Female,Bengaluru,Bachelors,18,Month-to-month,Credit card,64.36,1190.95,1,1,0,64024.35,0
13907,28.0,Female,Delhi,Bachelors,58,Month-to-month,Electronic check,34.81,2045.85,1,1,1,67574.59,1
13908,28.0,Male,Pune,Bachelors,28,Month-to-month,Credit card,67.2,1952.85,2,1,0,93614.2,0
13909,23.0,Female,Delhi,High School,33,Month-to-month,Electronic check,73.15,2297.39,2,0,0,54229.93,0
13910,60.0,Male,Hyderabad,Bachelors,59,Two year,Credit card,72.05,4271.85,1,1,1,37690.75,0
13911,73.0,Female,Mumbai,Bachelors,16,Month-to-month,Bank transfer,45.12,746.29,3,1,1,39444.51,1
13912,36.0,Male,Delhi,High School,33,Month-to-month,Electronic check,57.47,1884.75,1,0,1,82799.17,0
13913,25.0,Female,Mumbai,Masters,72,Month-to-month,Electronic check,76.82,5417.84,2,1,0,75700.91,0
13914,,Male,Mumbai,Bachelors,29,One year,Electronic check,60.35,1747.1,1,1,1,54763.54,0
13915,39.0,Female,Bengaluru,Bachelors,8,Two year,Electronic check,58.68,433.91,2,1,1,44506.58,0
13916,38.0,Male,Delhi,Bachelors,20,One year,Electronic check,106.88,2221.5,1,1,1,64047.39,0
13917,34.0,Male,Mumbai,High School,69,Two year,Credit card,44.08,3060.28,1,1,0,94563.38,0
13918,45.0,Male,Chennai,High School,55,Month-to-month,Electronic check,88.77,4842.58,1,1,0,51612.01,0
13919,47.0,Male,Hyderabad,Bachelors,59,Month-to-month,Credit card,39.6,2233.77,2,1,0,55420.95,0
13920,46.0,Male,Pune,High School,18,Two year,Electronic check,79.41,1458.91,3,0,1,43808.53,0
13921,38.0,Female,Chennai,PhD,61,Month-to-month,Bank transfer,80.58,4950.19,2,0,0,61916.92,0
13922,28.0,Male,Bengaluru,High School,28,Month-to-month,Bank transfer,53.77,1494.77,2,1,1,77437.74,0
13923,51.0,Female,Delhi,High School,58,Month-to-month,Electronic check,38.22,2246.94,1,1,1,116533.72,0
13924,42.0,Male,Pune,Masters,64,Two year,Mailed check,21.65,1368.19,2,1,1,74791.19,0
13925,54.0,Female,Delhi,Masters,15,Month-to-month,Credit card,51.47,825.41,2,1,1,68819.08,0
13926,52.0,Female,Bengaluru,PhD,68,Two year,Electronic check,76.58,5257.07,1,1,1,88984.61,0
13927,24.0,Male,Delhi,,46,One year,Mailed check,41.29,1817.39,1,1,0,85316.74,0
13928,23.0,Female,Delhi,High School,53,Month-to-month,Credit card,67.13,3488.13,1,1,1,57291.46,0
13929,32.0,Female,Chennai,Bachelors,55,Month-to-month,Electronic check,32.52,1890.16,1,1,0,120645.32,1
13930,28.0,Female,Mumbai,Masters,12,Month-to-month,Electronic check,59.85,764.81,1,1,0,69463.57,0
13931,52.0,Male,Mumbai,,54,Month-to-month,Electronic check,39.77,2084.46,2,0,0,75200.26,0
13932,47.0,Female,Hyderabad,Masters,15,Month-to-month,Bank transfer,63.28,870.68,2,0,1,82129.67,0
13933,,Female,Chennai,Masters,19,Month-to-month,Credit card,53.98,1036.01,1,1,0,77609.19,0
13934,47.0,Male,Pune,Bachelors,8,One year,Electronic check,38.81,253.36,3,0,0,103558.75,0
13935,,Male,Hyderabad,,13,Month-to-month,Mailed check,50.5,640.66,2,1,0,57022.01,1
13936,58.0,Male,Delhi,High School,71,Two year,Electronic check,44.45,3153.59,2,0,1,87234.41,0
13937,48.0,Male,Bengaluru,Bachelors,23,Month-to-month,Credit card,36.09,825.55,4,1,1,73620.51,0
13938,43.0,Male,Mumbai,High School,28,Two year,Credit card,88.82,2543.29,3,1,1,,0
13939,61.0,Female,Mumbai,Bachelors,35,One year,Mailed check,57.08,2089.54,1,1,0,65270.32,0
13940,43.0,Female,Chennai,High School,52,Two year,Electronic check,16.55,836.65,3,1,1,62290.86,0
13941,38.0,Male,Chennai,Bachelors,41,One year,Bank transfer,51.29,2046.36,1,0,0,86105.62,0
13942,31.0,Male,Delhi,Masters,39,Month-to-month,Bank transfer,85.12,3339.12,1,1,0,77875.85,0
13943,51.0,Female,Delhi,High School,61,One year,Bank transfer,48.25,3024.82,1,1,1,51953.53,0
13944,58.0,Female,Pune,Bachelors,36,Two year,Electronic check,97.95,3506.04,2,1,1,99603.47,0
13945,41.0,Female,Delhi,Bachelors,56,One year,Electronic check,46.15,2626.92,4,1,1,86115.21,0
13946,59.0,Female,Delhi,High School,66,Two year,Electronic check,76.07,4978.76,1,1,0,68367.51,0
13947,18.0,Female,Mumbai,Bachelors,49,Month-to-month,Credit card,87.81,4303.75,2,0,1,59698.92,0
13948,41.0,Male,Delhi,High School,2,Two year,Mailed check,74.9,91.7,1,1,1,78010.88,0
13949,,Male,Delhi,Bachelors,19,Two year,Electronic check,34.76,660.98,2,1,1,84530.67,0
13950,33.0,Female,Hyderabad,Masters,45,Two year,Credit card,44.27,1986.33,1,1,1,34930.35,0
13951,73.0,Female,Delhi,Bachelors,34,One year,Credit card,90.74,3115.57,2,0,1,78264.98,0
13952,41.0,Female,Delhi,Bachelors,20,Two year,Credit card,47.3,1034.9,2,1,0,84356.2,0
13953,37.0,Female,Delhi,Bachelors,24,One year,Bank transfer,86.46,2055.6,1,1,1,18246.13,0
13954,42.0,Male,Delhi,PhD,5,Month-to-month,Bank transfer,55.53,177.66,3,0,1,74316.17,0
13955,18.0,Male,Delhi,Bachelors,17,Two year,Mailed check,68.11,1147.76,4,1,1,85281.4,0
13956,32.0,Female,Bengaluru,High School,57,Month-to-month,Electronic check,34.51,1982.04,1,0,1,82779.32,0
13957,55.0,Male,Delhi,High School,0,Two year,Bank transfer,51.62,,2,1,1,,0
13958,34.0,Male,Mumbai,High School,61,Month-to-month,Mailed check,45.74,2782.27,2,0,1,62793.53,0
13959,31.0,Female,Pune,High School,24,Month-to-month,Bank transfer,69.96,1753.43,1,1,1,47122.06,0
13960,59.0,Male,Delhi,Bachelors,58,Month-to-month,Bank transfer,67.05,3895.71,1,1,1,30405.62,0
13961,59.0,Female,Hyderabad,Bachelors,18,One year,Mailed check,75.18,1348.0,2,1,0,,0
13962,49.0,Female,Pune,Bachelors,60,Month-to-month,Bank transfer,54.21,3213.71,2,1,0,85467.44,0
13963,36.0,Female,Mumbai,High School,41,One year,Electronic check,44.53,1738.39,2,1,1,95706.76,0
13964,39.0,Female,Mumbai,Masters,62,Month-to-month,Credit card,69.02,4295.7,2,1,1,54046.89,0
13965,32.0,Male,Mumbai,High School,4,One year,Credit card,42.35,181.67,2,1,1,87684.4,0
13966,29.0,Female,Chennai,Bachelors,58,Month-to-month,Bank transfer,88.73,5093.37,1,1,0,36941.02,0
13967,28.0,Female,Bengaluru,Bachelors,19,Month-to-month,Mailed check,62.48,1184.9,1,1,0,50871.14,0
13968,34.0,Female,Delhi,Bachelors,26,Month-to-month,Electronic check,57.83,1496.39,1,0,0,72771.5,0
13969,29.0,Female,Mumbai,High School,3,Month-to-month,Credit card,75.17,194.28,1,0,0,84590.57,0
13970,22.0,Male,Mumbai,Bachelors,69,One year,Electronic check,63.32,,2,1,1,106938.27,0
13971,45.0,Male,Bengaluru,Masters,46,Month-to-month,Credit card,28.52,1332.17,2,1,1,64718.59,0
13972,45.0,Male,Hyderabad,Masters,71,One year,Mailed check,41.65,2945.86,1,1,1,50953.51,0
13973,64.0,Female,Delhi,High School,41,One year,Credit card,88.27,3589.52,2,1,0,49822.72,0
13974,33.0,Male,Delhi,Bachelors,11,Month-to-month,Mailed check,66.85,692.27,1,1,0,54867.39,0
13975,46.0,Male,Chennai,Masters,24,Two year,Bank transfer,28.01,665.74,1,1,1,118862.59,0
13976,46.0,Female,Chennai,High School,32,One year,Electronic check,72.75,2374.22,3,0,0,86651.22,0
13977,39.0,Female,Delhi,Bachelors,10,Month-to-month,Credit card,52.7,537.33,1,1,1,94475.7,0
13978,52.0,Female,Hyderabad,Masters,67,One year,Bank transfer,45.76,3054.06,2,0,0,64742.32,0
13979,52.0,Male,Chennai,High School,69,Month-to-month,Bank transfer,39.81,2762.31,1,0,0,69963.73,0
13980,46.0,Female,Delhi,,41,Month-to-month,Electronic check,87.0,3635.22,1,1,1,,0
13981,39.0,Female,Mumbai,Bachelors,42,Month-to-month,Bank transfer,21.76,938.44,2,0,1,58872.43,0
13982,,Male,Delhi,Bachelors,51,Month-to-month,Mailed check,46.57,2388.08,2,0,0,63591.23,0
13983,24.0,Male,Mumbai,Bachelors,49,Month-to-month,Mailed check,67.64,3346.29,2,1,1,55156.51,0
13984,32.0,Female,Mumbai,Bachelors,4,Month-to-month,Mailed check,99.72,390.98,3,0,0,60155.16,0
13985,34.0,Male,Chennai,Bachelors,38,Month-to-month,Mailed check,77.18,2942.04,2,1,0,,0
13986,27.0,Female,Chennai,High School,56,One year,Credit card,46.39,2573.39,2,1,0,51922.38,0
13987,48.0,Female,Bengaluru,High School,58,Month-to-month,Mailed check,98.65,5644.17,1,1,1,76291.54,0
13988,58.0,Female,Chennai,Bachelors,43,Month-to-month,Credit card,35.19,1530.31,1,1,1,76260.8,0
13989,30.0,Male,Pune,High School,65,Month-to-month,Electronic check,70.84,4621.93,2,1,1,66056.53,0
13990,46.0,Female,Hyderabad,PhD,42,Month-to-month,Mailed check,75.73,3166.27,2,1,1,51795.88,0
13991,29.0,Female,Pune,Bachelors,27,One year,Bank transfer,45.62,1283.53,1,0,0,72309.19,1
13992,,Female,Pune,High School,32,One year,Credit card,80.35,2535.12,1,1,1,58892.1,0
13993,33.0,Male,Delhi,Bachelors,50,Month-to-month,Mailed check,53.69,2595.93,1,1,1,71025.07,0
13994,50.0,Female,Pune,Bachelors,64,One year,Bank transfer,80.29,5103.7,1,1,1,94158.8,0
13995,33.0,Male,Pune,PhD,16,Month-to-month,Credit card,24.53,315.43,1,0,0,42435.32,1
13996,55.0,Male,Delhi,High School,21,Month-to-month,Credit card,72.37,1536.67,2,1,0,117816.7,0
13997,,Female,Bengaluru,Bachelors,47,One year,Credit card,55.93,2591.11,2,1,1,68404.48,0
13998,34.0,Male,Mumbai,High School,55,One year,Mailed check,90.29,5015.18,4,1,1,79060.46,0
13999,26.0,Male,Delhi,Bachelors,29,One year,Credit card,64.03,1905.06,2,0,1,53439.5,0
14000,45.0,Male,Bengaluru,Bachelors,46,Two year,Credit card,92.48,,1,0,1,95128.65,0
14001,54.0,Female,Mumbai,High School,0,Month-to-month,Mailed check,76.17,,2,1,1,67236.22,0
14002,46.0,Female,Bengaluru,Bachelors,21,Two year,Bank transfer,62.19,1332.71,2,1,0,61329.4,0
14003,71.0,Female,Bengaluru,Masters,69,Two year,Electronic check,82.33,5729.76,2,1,0,57338.67,0
14004,61.0,Male,Mumbai,PhD,42,Month-to-month,Electronic check,82.47,3363.11,1,1,0,64093.18,0
14005,38.0,Male,Hyderabad,High School,63,Two year,Electronic check,75.38,4763.02,2,0,0,79203.64,0
14006,,Male,Pune,High School,15,Month-to-month,Electronic check,14.57,108.67,1,1,0,73801.84,0
14007,48.0,Female,Mumbai,Bachelors,21,Two year,Bank transfer,43.38,883.55,1,1,1,69123.09,0
14008,31.0,Female,Delhi,Bachelors,71,Two year,Credit card,95.45,6831.63,1,1,0,54348.73,0
14009,,Male,Mumbai,Bachelors,72,Month-to-month,Electronic check,37.37,2841.13,1,1,0,53078.18,0
14010,47.0,Male,Mumbai,Masters,64,Month-to-month,Electronic check,84.41,5390.3,3,1,0,59860.77,1
14011,45.0,Male,Bengaluru,High School,23,One year,Electronic check,80.54,1790.06,1,0,1,80126.07,0
14012,,Female,Delhi,Bachelors,58,Month-to-month,Credit card,49.03,2818.07,1,0,0,84569.72,0
14013,64.0,Female,Bengaluru,High School,33,One year,Mailed check,21.1,699.6,2,0,1,87534.97,0
14014,44.0,Female,Delhi,Bachelors,61,Month-to-month,Credit card,52.48,3167.77,3,1,1,69967.73,0
14015,41.0,Male,Chennai,Bachelors,62,Month-to-month,Electronic check,110.72,6818.4,1,0,1,78438.36,0
14016,62.0,Male,Mumbai,PhD,31,Month-to-month,Bank transfer,46.01,1404.97,1,1,1,66294.08,0
14017,55.0,Female,Pune,Bachelors,22,One year,Bank transfer,47.53,1065.44,1,0,1,31669.44,0
14018,38.0,Female,Delhi,Bachelors,71,One year,Credit card,43.05,3048.08,2,1,0,65249.61,0
14019,,Male,Mumbai,Bachelors,32,One year,Bank transfer,91.73,2891.28,2,1,1,61742.81,0
14020,45.0,Female,Mumbai,Bachelors,31,Two year,Credit card,59.66,1815.96,1,0,0,47141.01,0
14021,47.0,Female,Bengaluru,Bachelors,48,One year,Electronic check,51.23,2438.35,3,1,0,57517.33,1
14022,24.0,Female,Pune,Bachelors,68,Month-to-month,Bank transfer,96.1,6484.83,2,1,1,72972.01,0
14023,22.0,Female,Bengaluru,High School,9,Month-to-month,Mailed check,77.75,664.39,2,1,1,45068.57,0
14024,30.0,Female,Delhi,Bachelors,71,Month-to-month,Credit card,44.78,3211.56,1,0,0,54362.72,0
14025,29.0,Male,Chennai,Bachelors,30,One year,Bank transfer,400.15,1130.88,3,1,0,104053.84,0
14026,34.0,Male,Mumbai,Bachelors,1,Month-to-month,Bank transfer,90.48,2.81,1,0,1,34740.46,0
14027,50.0,Male,Hyderabad,PhD,22,One year,Credit card,65.37,1489.39,1,1,1,65969.99,0
14028,40.0,Male,Mumbai,Bachelors,33,Month-to-month,Electronic check,30.92,1041.2,1,1,1,44341.19,0
14029,45.0,Female,Chennai,High School,49,Month-to-month,Electronic check,25.77,1193.57,1,1,0,53463.99,0
14030,26.0,Female,Chennai,High School,41,One year,Electronic check,40.45,1640.18,1,1,0,,0
14031,36.0,Male,Mumbai,High School,9,One year,Electronic check,37.73,299.97,1,0,0,48273.33,0
14032,,Female,Mumbai,High School,35,Month-to-month,Bank transfer,19.99,733.5,1,1,1,82626.47,0
14033,50.0,Female,Hyderabad,High School,16,One year,Electronic check,40.81,634.38,1,1,1,99725.31,0
14034,33.0,Male,Hyderabad,Masters,19,Two year,Electronic check,44.78,847.18,2,0,1,88516.92,0
14035,44.0,Male,Bengaluru,Bachelors,51,Month-to-month,Electronic check,54.82,2786.36,2,1,1,92541.49,0
14036,71.0,Male,Bengaluru,Masters,58,Two year,Electronic check,102.24,5855.91,2,1,0,39645.82,0
14037,42.0,Female,Mumbai,Bachelors,11,Month-to-month,Mailed check,59.13,720.7,1,1,0,64652.44,0
14038,33.0,Female,Hyderabad,,43,Month-to-month,Bank transfer,61.31,2669.45,1,0,0,80283.26,1
14039,40.0,Female,Mumbai,Bachelors,30,One year,Electronic check,76.2,2248.63,2,0,1,89166.2,0
14040,43.0,Female,Bengaluru,Bachelors,24,One year,Credit card,59.78,1444.31,2,0,1,108573.77,0
14041,40.0,Female,Delhi,Bachelors,52,One year,Electronic check,73.8,3886.31,1,1,1,93518.87,0
14042,42.0,Female,Delhi,Bachelors,18,Month-to-month,Electronic check,71.17,1283.85,3,0,0,89722.75,0
14043,23.0,Male,Chennai,Masters,55,Month-to-month,Electronic check,67.7,3801.34,2,1,1,127939.1,0
14044,29.0,Male,Delhi,Bachelors,29,Month-to-month,Electronic check,125.86,3795.83,3,1,0,72118.8,0
14045,40.0,Male,Bengaluru,Bachelors,6,One year,Credit card,85.04,503.93,2,1,0,63640.71,0
14046,40.0,Female,Chennai,Masters,57,One year,Bank transfer,41.2,,1,1,0,73901.87,0
14047,35.0,Male,Bengaluru,Bachelors,62,Two year,Electronic check,73.14,4485.21,3,1,0,49868.84,0
14048,40.0,Male,Chennai,Bachelors,41,Month-to-month,Credit card,47.58,1840.1,3,1,0,71487.94,0
14049,,Female,Chennai,Masters,52,One year,Bank transfer,74.82,3953.05,2,1,0,32009.25,0
14050,,Male,Hyderabad,Bachelors,10,One year,Credit card,34.75,329.83,3,1,1,58350.58,0
14051,41.0,Female,Mumbai,Bachelors,24,One year,Mailed check,40.63,1018.89,3,0,1,67462.65,0
14052,47.0,Male,Mumbai,Bachelors,25,Two year,Electronic check,72.57,1868.07,2,0,1,90891.98,0
14053,35.0,Male,Delhi,Bachelors,55,Two year,Mailed check,86.95,4728.2,1,1,1,94443.99,0
14054,,Male,Mumbai,High School,25,Month-to-month,Mailed check,76.06,1854.96,1,0,1,48800.42,1
14055,47.0,Female,Delhi,Bachelors,53,Two year,Credit card,83.79,4528.1,2,1,1,115672.74,0
14056,,Male,Mumbai,Masters,22,Two year,Electronic check,73.22,1607.34,2,0,0,,0
14057,51.0,Male,Mumbai,Bachelors,43,Month-to-month,Electronic check,68.79,2924.96,1,1,1,75280.99,0
14058,50.0,Female,Delhi,PhD,15,One year,Bank transfer,53.92,756.54,1,1,0,34410.74,0
14059,41.0,Male,Mumbai,Masters,40,One year,Bank transfer,82.89,3308.53,4,0,1,56358.74,0
14060,45.0,Male,Mumbai,Bachelors,5,Month-to-month,Bank transfer,87.55,513.14,1,1,1,93096.12,1
14061,56.0,Male,Hyderabad,Bachelors,53,Two year,Mailed check,63.61,3405.6,1,0,0,73735.13,0
14062,34.0,Female,Pune,Bachelors,2,Two year,Mailed check,62.43,133.95,2,1,0,72371.92,0
14063,34.0,Female,Bengaluru,PhD,72,Month-to-month,Electronic check,100.01,7280.15,1,0,0,74997.79,0
14064,44.0,Male,Pune,Bachelors,61,Month-to-month,Credit card,64.55,4007.34,1,1,1,38249.51,0
14065,47.0,Female,Mumbai,High School,42,Month-to-month,Mailed check,66.67,2816.85,2,1,1,67874.61,0
14066,31.0,Female,Hyderabad,High School,66,Two year,Credit card,75.65,5131.71,3,0,0,100983.27,0
14067,41.0,Male,Delhi,Bachelors,59,Month-to-month,Mailed check,62.85,3695.78,1,1,0,93907.57,0
14068,41.0,Male,Bengaluru,Bachelors,10,One year,Credit card,46.95,524.4,1,1,1,67245.61,0
14069,,Female,Hyderabad,Bachelors,54,One year,Credit card,73.32,3939.63,1,1,0,104400.71,0
14070,39.0,Female,Chennai,Bachelors,27,Month-to-month,Bank transfer,64.15,,2,1,0,42299.83,0
14071,40.0,Female,Mumbai,Bachelors,62,Month-to-month,Credit card,105.53,,1,1,0,48622.65,0
14072,40.0,Male,Delhi,Bachelors,63,Two year,Electronic check,82.35,5211.12,1,0,1,110999.69,0
14073,60.0,Female,Hyderabad,Bachelors,69,Month-to-month,Electronic check,51.9,3700.61,2,0,0,82715.41,0
14074,26.0,Male,Bengaluru,Bachelors,32,Month-to-month,Bank transfer,81.04,2640.87,4,0,0,63644.48,1
14075,31.0,Male,Delhi,Bachelors,14,Month-to-month,Electronic check,71.77,1028.62,1,1,0,68782.99,1
14076,18.0,Female,Mumbai,Bachelors,9,Month-to-month,Bank transfer,93.81,805.55,2,1,1,52254.12,0
14077,36.0,Female,Mumbai,Bachelors,12,Month-to-month,Electronic check,53.46,650.93,2,0,0,76085.04,0
14078,37.0,Female,Delhi,Bachelors,72,Month-to-month,Electronic check,69.15,4928.4,1,1,1,74342.55,0
14079,35.0,Female,Bengaluru,Bachelors,42,Month-to-month,Mailed check,62.82,2682.79,2,1,1,70437.46,0
14080,56.0,Female,Mumbai,Bachelors,25,Month-to-month,Credit card,66.29,1700.34,1,0,0,44485.36,0
14081,53.0,Male,Chennai,Masters,32,One year,Bank transfer,45.53,1447.98,1,0,0,75824.63,0
14082,43.0,Female,Hyderabad,Masters,12,Month-to-month,Bank transfer,77.67,1015.22,1,0,0,58350.75,0
14083,37.0,Male,Mumbai,Masters,41,Month-to-month,Credit card,74.2,3118.34,1,0,1,48308.5,0
14084,,Male,Mumbai,,31,Two year,Credit card,93.27,2898.85,2,1,1,97868.33,0
14085,42.0,Male,Chennai,Bachelors,58,One year,Electronic check,64.78,3785.52,2,1,1,117733.87,0
14086,31.0,Female,Pune,PhD,1,Two year,Credit card,55.94,26.52,2,1,1,112737.64,0
14087,20.0,Male,Pune,High School,68,One year,Mailed check,82.36,5586.87,2,0,1,84302.7,0
14088,,Female,Hyderabad,High School,4,Month-to-month,Bank transfer,47.53,136.22,1,1,1,64157.13,0
14089,52.0,Female,Pune,High School,30,One year,Credit card,88.87,2642.18,3,0,0,68452.18,0
14090,72.0,Male,Mumbai,Bachelors,24,Two year,Credit card,88.82,2126.46,3,1,1,78923.25,0
14091,43.0,Female,Mumbai,Bachelors,52,Month-to-month,Mailed check,92.66,4735.3,1,0,1,60754.55,0
14092,32.0,Female,Mumbai,High School,48,Month-to-month,Bank transfer,73.29,3546.76,2,1,1,99013.82,0
14093,27.0,Male,Bengaluru,PhD,14,Month-to-month,Mailed check,54.3,811.31,2,1,1,25214.0,0
14094,49.0,Male,Mumbai,Bachelors,35,Two year,Electronic check,67.4,2358.6,1,0,1,63494.04,0
14095,,Female,Bengaluru,Masters,39,Month-to-month,Bank transfer,73.36,,1,1,1,87623.57,0
14096,49.0,Male,Mumbai,Bachelors,33,Two year,Bank transfer,52.68,1725.79,1,1,1,51406.49,0
14097,53.0,Male,Bengaluru,Bachelors,1,One year,Mailed check,94.33,24.66,4,1,1,64716.72,0
14098,48.0,Female,Chennai,PhD,13,One year,Electronic check,77.76,980.4,2,1,0,83060.16,0
14099,39.0,Male,Hyderabad,Masters,36,Month-to-month,Bank transfer,45.37,1705.92,2,0,0,103401.92,0
14100,49.0,Male,Delhi,Bachelors,19,Month-to-month,Electronic check,106.42,1900.26,3,1,1,41533.36,0
14101,44.0,Male,Mumbai,High School,39,Month-to-month,Mailed check,67.14,2577.64,1,0,1,39902.36,0
14102,,Male,Mumbai,High School,11,One year,Credit card,40.93,491.71,3,1,1,858723.96,0
14103,66.0,Male,Bengaluru,High School,53,One year,Electronic check,46.73,2441.59,1,0,0,36174.21,0
14104,37.0,Male,Delhi,High School,13,Month-to-month,Credit card,97.73,1231.57,2,1,1,37739.67,0
14105,52.0,Female,Chennai,Bachelors,47,Month-to-month,Bank transfer,105.15,5043.67,1,1,0,48601.45,0
14106,18.0,Female,Pune,Bachelors,61,One year,Electronic check,87.21,5338.73,1,1,1,97136.86,0
14107,59.0,Female,Mumbai,,26,Month-to-month,Electronic check,94.02,2491.24,1,1,1,63134.31,0
14108,61.0,Female,Mumbai,Masters,10,Two year,Electronic check,91.77,942.43,1,0,1,70690.25,0
14109,42.0,Male,Mumbai,Bachelors,0,Month-to-month,Credit card,77.25,,1,1,1,48979.79,1
14110,49.0,Male,Chennai,Masters,26,Two year,Electronic check,72.24,1941.44,1,1,1,83937.82,0
14111,49.0,Female,Mumbai,Masters,8,Month-to-month,Bank transfer,76.88,710.31,2,1,0,111266.81,0
14112,34.0,Female,Hyderabad,Bachelors,64,Month-to-month,Bank transfer,81.19,5111.98,3,0,1,,0
14113,49.0,Female,Delhi,Masters,71,Month-to-month,Electronic check,48.68,,1,1,0,107944.46,0
14114,31.0,Female,Delhi,Masters,71,Month-to-month,Mailed check,81.1,5755.94,1,1,0,,0
14115,34.0,Female,Hyderabad,Bachelors,67,Month-to-month,Electronic check,97.09,6483.57,2,0,1,70371.0,0
14116,57.0,Male,Delhi,Bachelors,42,Month-to-month,Credit card,60.46,2588.37,2,1,0,78802.72,0
14117,55.0,Male,Chennai,Bachelors,23,Month-to-month,Credit card,58.11,1349.37,2,1,1,78591.58,0
14118,33.0,Male,Mumbai,Bachelors,32,Month-to-month,Credit card,75.48,2511.63,4,1,0,110856.3,0
14119,32.0,Female,Hyderabad,Masters,18,Month-to-month,Electronic check,50.71,967.79,1,0,0,81444.86,1
14120,34.0,Male,Pune,High School,61,Two year,Bank transfer,36.03,2266.07,1,1,0,81904.36,0
14121,52.0,Male,Mumbai,Bachelors,31,Two year,Bank transfer,90.25,2737.79,3,0,0,60727.0,0
14122,29.0,Female,Bengaluru,,28,Month-to-month,Credit card,55.08,1501.94,2,0,0,88459.7,0
14123,47.0,Female,Bengaluru,Masters,50,Month-to-month,Bank transfer,65.41,3234.32,2,0,1,48949.37,0
14124,52.0,Male,Mumbai,High School,27,Month-to-month,Mailed check,51.58,1458.82,3,0,1,72398.09,0
14125,41.0,Male,Bengaluru,Bachelors,26,Two year,Mailed check,93.09,2371.98,1,1,0,133432.24,0
14126,55.0,Female,Delhi,High School,16,One year,Credit card,83.77,1293.42,1,0,1,15000.0,0
14127,38.0,Female,Hyderabad,Bachelors,4,Two year,Bank transfer,59.7,182.73,1,0,1,75129.23,0
14128,39.0,Female,Bengaluru,Masters,2,One year,Electronic check,39.04,215.73,2,1,1,75975.7,0
14129,29.0,Male,Delhi,Bachelors,29,One year,Credit card,57.37,1656.62,3,1,1,,0
14130,,Female,Hyderabad,Masters,72,Month-to-month,Bank transfer,77.54,5609.37,1,1,1,,0
14131,,Male,Hyderabad,High School,19,Month-to-month,Electronic check,69.15,1256.82,1,1,0,72011.02,0
14132,47.0,Female,Mumbai,Bachelors,46,Two year,Mailed check,67.4,3148.36,2,0,0,64455.93,0
14133,41.0,Female,Mumbai,Bachelors,23,Month-to-month,Electronic check,69.66,1513.5,1,1,0,74883.55,0
14134,28.0,Female,Mumbai,High School,22,Month-to-month,Bank transfer,81.69,1748.23,2,1,1,59272.56,0
14135,34.0,Male,Chennai,Masters,11,Two year,Bank transfer,64.08,668.31,1,0,0,,0
14136,60.0,Male,Delhi,High School,41,One year,Credit card,74.9,3081.84,3,0,1,64455.7,0
14137,45.0,Female,Mumbai,Masters,48,Month-to-month,Electronic check,43.29,2038.27,2,1,0,82531.45,0
14138,29.0,Female,Delhi,,25,Month-to-month,Mailed check,121.18,3105.7,1,0,0,55281.21,1
14139,46.0,Male,Delhi,PhD,38,Month-to-month,Electronic check,58.76,2258.04,2,0,0,90529.15,1
14140,40.0,Female,Delhi,Masters,34,Month-to-month,Electronic check,69.48,,2,0,1,86136.29,0
14141,87.0,Male,Delhi,Masters,19,Month-to-month,Credit card,77.46,1521.62,1,1,1,79223.73,1
14142,46.0,Female,Delhi,Bachelors,50,One year,Bank transfer,55.96,2778.34,1,1,1,,0
14143,37.0,Female,Delhi,Bachelors,40,Month-to-month,Credit card,65.17,2577.28,2,1,1,53447.13,0
14144,60.0,Male,Chennai,Bachelors,4,Two year,Bank transfer,64.9,,2,1,0,107095.81,0
14145,18.0,Female,Hyderabad,Bachelors,35,Month-to-month,Electronic check,44.89,1448.51,2,1,1,53203.58,0
14146,43.0,Male,Hyderabad,High School,28,Month-to-month,Mailed check,74.65,2126.94,1,0,1,84099.85,0
14147,68.0,Male,Mumbai,High School,58,Month-to-month,Bank transfer,28.72,,2,1,1,49217.23,0
14148,40.0,Female,Pune,Bachelors,22,One year,Bank transfer,103.56,2242.59,2,1,0,92184.43,0
14149,19.0,Female,Mumbai,Bachelors,69,Two year,Electronic check,82.45,5786.96,1,1,1,54899.26,0
14150,37.0,Male,Hyderabad,Masters,44,Month-to-month,Credit card,79.06,,1,1,1,48809.87,0
14151,61.0,Female,Hyderabad,Bachelors,9,One year,Credit card,26.79,288.91,1,1,1,54328.47,0
14152,47.0,Male,Delhi,Bachelors,29,Month-to-month,Credit card,47.56,1393.2,2,1,0,57816.34,0
14153,31.0,Female,Mumbai,Bachelors,64,Month-to-month,Electronic check,95.57,6135.63,1,1,1,78902.81,0
14154,33.0,Male,Hyderabad,Masters,18,Month-to-month,Mailed check,130.0,2327.47,3,1,1,71526.44,0
14155,35.0,Male,Bengaluru,High School,51,Month-to-month,Bank transfer,91.28,4640.14,1,1,0,45906.57,0
14156,47.0,Male,Pune,Bachelors,57,Two year,Electronic check,87.81,5081.57,2,0,1,69385.17,0
14157,59.0,Female,Hyderabad,High School,50,One year,Mailed check,76.55,3874.02,1,1,0,44842.97,0
14158,56.0,Female,Pune,High School,6,Two year,Bank transfer,46.36,253.18,2,0,0,84158.26,0
14159,48.0,Male,Bengaluru,Bachelors,27,Two year,Electronic check,86.89,2293.74,2,0,1,88191.86,0
14160,25.0,Female,Bengaluru,Bachelors,25,One year,Electronic check,40.77,990.03,2,1,0,69473.16,0
14161,25.0,Male,Pune,Bachelors,25,Month-to-month,Electronic check,38.37,1008.32,4,1,0,75976.37,0
14162,49.0,Male,Chennai,Masters,64,Month-to-month,Electronic check,36.98,2425.65,1,1,1,108546.73,0
14163,25.0,Male,Mumbai,Masters,0,Month-to-month,Mailed check,86.47,,1,1,1,66532.73,0
14164,39.0,Female,Bengaluru,Bachelors,39,Month-to-month,Credit card,63.74,2405.02,1,1,0,49226.33,0
14165,46.0,Male,Mumbai,High School,71,Month-to-month,Electronic check,67.22,4810.31,1,1,0,82742.3,0
14166,27.0,Male,Pune,High School,63,Month-to-month,Mailed check,64.66,,2,1,0,,0
14167,29.0,Female,Hyderabad,High School,44,One year,Electronic check,40.23,1778.8,1,1,0,65367.48,0
14168,,Male,Delhi,High School,72,Month-to-month,Mailed check,50.24,3716.27,2,0,1,56822.22,0
14169,49.0,Female,Pune,Bachelors,29,Month-to-month,Electronic check,51.35,1423.1,1,1,1,54559.96,0
14170,56.0,Female,Delhi,Bachelors,44,Month-to-month,Electronic check,34.08,1533.76,3,1,1,64498.07,0
14171,50.0,Female,Delhi,High School,39,Month-to-month,Credit card,53.91,2051.48,1,0,0,89797.61,0
14172,43.0,Male,Delhi,High School,3,Month-to-month,Credit card,41.21,176.56,4,1,1,94324.71,1
14173,32.0,Male,Mumbai,High School,2,Month-to-month,Mailed check,77.71,186.06,2,0,1,90376.53,0
14174,28.0,Female,Mumbai,High School,65,Two year,Electronic check,79.54,5260.17,4,1,1,77399.79,0
14175,35.0,Male,Bengaluru,High School,12,One year,Bank transfer,36.54,463.47,2,1,1,64330.24,0
14176,47.0,Female,Mumbai,High School,25,Two year,Bank transfer,58.47,1441.55,1,1,1,18127.85,0
14177,46.0,Male,Pune,Bachelors,45,Month-to-month,Mailed check,105.83,4737.8,2,1,1,78088.54,0
14178,18.0,Female,Delhi,Bachelors,42,Two year,Credit card,43.42,1811.13,1,1,1,19854.7,0
14179,32.0,Male,Delhi,Bachelors,37,One year,Mailed check,74.39,2726.89,1,0,0,27685.92,0
14180,58.0,Male,Mumbai,High School,71,Two year,Credit card,67.32,4847.08,1,1,1,66443.31,0
14181,43.0,Female,Delhi,Bachelors,57,Month-to-month,Credit card,89.04,5139.06,3,1,1,75820.7,0
14182,24.0,Male,Hyderabad,Bachelors,68,Two year,Credit card,71.5,4787.17,2,0,1,60076.13,0
14183,73.0,Female,Pune,Bachelors,48,Month-to-month,Electronic check,55.51,2666.4,1,0,1,103781.69,0
14184,42.0,Female,Mumbai,High School,71,Month-to-month,Electronic check,66.47,4722.49,2,1,0,80166.24,0
14185,47.0,Female,Mumbai,PhD,43,Month-to-month,Mailed check,66.79,2832.91,1,0,1,64513.03,0
14186,47.0,Male,Mumbai,High School,39,Month-to-month,Bank transfer,62.98,2478.13,1,1,1,100498.82,0
14187,37.0,Female,Bengaluru,PhD,59,Two year,Electronic check,35.98,2195.86,1,0,0,104432.49,0
14188,33.0,Male,Mumbai,Bachelors,63,Two year,Electronic check,92.35,5862.64,1,1,1,81276.29,0
14189,70.0,Male,Mumbai,High School,4,One year,Mailed check,88.46,421.19,2,1,1,52944.33,0
14190,55.0,Male,Hyderabad,High School,66,Month-to-month,Electronic check,42.03,,1,1,0,57894.05,0
14191,53.0,Female,Chennai,High School,50,Month-to-month,Credit card,58.38,2920.83,1,1,0,38171.75,0
14192,49.0,Male,Delhi,Bachelors,65,Month-to-month,Credit card,60.05,3864.97,1,1,1,454187.75,0
14193,29.0,Male,Bengaluru,PhD,52,One year,Electronic check,39.56,2069.09,3,1,1,46899.09,0
14194,59.0,Male,Hyderabad,Masters,67,Month-to-month,Electronic check,23.93,1619.78,2,1,0,62760.36,0
14195,31.0,Male,Mumbai,PhD,20,One year,Bank transfer,50.25,1052.99,1,1,0,75733.21,1
14196,46.0,Female,Bengaluru,Bachelors,13,Month-to-month,Mailed check,57.16,808.75,2,1,1,26358.41,0
14197,21.0,Female,Delhi,Bachelors,14,Month-to-month,Mailed check,33.29,500.51,1,1,0,42197.69,0
14198,18.0,Female,Delhi,Bachelors,18,Month-to-month,Mailed check,68.89,1197.01,3,1,1,58849.34,1
14199,46.0,Male,Delhi,High School,15,Month-to-month,Mailed check,90.58,1291.09,1,0,1,,0
14200,,Female,Hyderabad,Bachelors,32,Two year,Electronic check,83.53,2698.96,1,0,1,59134.4,0
14201,18.0,Male,Delhi,High School,14,One year,Bank transfer,62.21,,1,1,0,64048.61,0
14202,,Male,Hyderabad,Bachelors,11,One year,Credit card,24.51,268.37,1,1,0,54463.88,0
14203,70.0,Male,Delhi,Masters,38,Month-to-month,Credit card,80.75,2992.13,1,0,1,38113.2,0
14204,60.0,Female,Bengaluru,High School,57,One year,Bank transfer,68.22,3992.78,2,0,0,58235.48,0
14205,39.0,Female,Pune,High School,9,Month-to-month,Mailed check,74.34,693.53,1,1,0,65310.29,0
14206,42.0,Male,Delhi,High School,37,Month-to-month,Credit card,107.59,3989.39,1,1,0,63171.42,0
14207,54.0,Male,Bengaluru,Bachelors,48,One year,Bank transfer,46.85,2190.4,2,1,1,72459.51,0
14208,57.0,Male,Hyderabad,Bachelors,51,Month-to-month,Mailed check,10.0,510.81,2,1,0,79215.68,0
14209,38.0,Male,Pune,Bachelors,7,One year,Electronic check,41.82,327.08,3,1,0,84997.98,0
14210,42.0,Female,Bengaluru,Bachelors,53,Two year,Bank transfer,75.69,4036.72,1,1,0,56061.88,0
14211,46.0,Male,Bengaluru,High School,1,Month-to-month,Credit card,65.59,31.6,3,1,1,35332.47,1
14212,49.0,Male,Chennai,Masters,17,Month-to-month,Bank transfer,38.26,647.57,2,1,0,97975.12,0
14213,40.0,Female,Pune,High School,23,Month-to-month,Electronic check,33.77,745.91,2,1,1,78479.81,0
14214,40.0,Female,Chennai,Bachelors,62,One year,Mailed check,57.2,3629.61,1,0,1,48997.43,0
14215,60.0,Male,Mumbai,Bachelors,14,Month-to-month,Bank transfer,37.59,571.0,1,0,1,76109.51,0
14216,58.0,Male,Hyderabad,High School,57,Two year,Electronic check,76.45,4331.43,1,1,1,93495.88,0
14217,48.0,Female,Delhi,Bachelors,72,One year,Mailed check,55.95,3969.98,2,1,1,108041.88,0
14218,64.0,Female,Delhi,High School,70,Month-to-month,Electronic check,51.2,3597.89,2,1,0,75513.43,0
14219,37.0,Female,Bengaluru,Bachelors,22,Month-to-month,Credit card,48.32,1038.4,1,0,0,93312.75,0
14220,63.0,Female,Mumbai,Bachelors,6,Month-to-month,Mailed check,70.79,,1,1,1,43388.75,0
14221,,Male,Hyderabad,High School,16,Month-to-month,Mailed check,65.94,998.28,3,0,1,69210.14,0
14222,85.0,Male,Delhi,Bachelors,56,Two year,Credit card,69.44,3838.07,1,1,0,62629.72,0
14223,26.0,Male,Chennai,High School,14,One year,Mailed check,68.96,973.57,2,1,1,77536.54,0
14224,33.0,Male,Delhi,High School,47,One year,Mailed check,63.41,2966.93,3,1,1,,0
14225,47.0,Female,Mumbai,,27,Month-to-month,Electronic check,42.27,1266.12,1,1,1,75497.57,0
14226,47.0,Male,Bengaluru,High School,55,Month-to-month,Credit card,48.93,2720.86,2,1,0,49370.8,0
14227,67.0,Male,Hyderabad,High School,44,Month-to-month,Mailed check,56.32,2420.5,2,1,1,42204.35,0
14228,33.0,Male,Bengaluru,High School,42,Two year,Mailed check,110.43,4561.28,1,0,0,106207.16,0
14229,54.0,Female,Chennai,Masters,57,One year,Mailed check,35.33,2033.72,1,0,0,81303.46,0
14230,,Female,Chennai,Masters,69,Month-to-month,Bank transfer,55.78,3828.98,3,1,0,79857.79,0
14231,51.0,Female,Mumbai,Masters,26,Two year,Bank transfer,67.16,1812.73,1,0,0,62437.91,0
14232,30.0,Male,Mumbai,,38,Month-to-month,Mailed check,58.33,2230.63,1,0,1,75892.96,0
14233,60.0,Female,Mumbai,Bachelors,45,One year,Bank transfer,88.63,3889.22,1,0,1,48286.88,0
14234,58.0,Female,Mumbai,Bachelors,60,Two year,Bank transfer,58.21,3441.63,2,0,1,78518.36,0
14235,50.0,Female,Bengaluru,Bachelors,35,One year,Bank transfer,59.84,2060.64,1,1,0,44152.86,0
14236,45.0,Female,Mumbai,Masters,27,Two year,Mailed check,82.92,2260.94,1,1,1,,0
14237,45.0,Male,Delhi,Bachelors,61,Two year,Credit card,104.84,6342.6,1,1,1,55856.35,0
14238,41.0,Female,Delhi,Bachelors,69,Month-to-month,Bank transfer,95.96,6628.88,1,1,1,15000.0,0
14239,50.0,Female,Bengaluru,,41,One year,Credit card,61.99,2474.78,2,0,0,62371.09,0
14240,42.0,Male,Pune,PhD,7,One year,Mailed check,63.91,447.68,3,1,0,50224.94,1
14241,31.0,Male,Hyderabad,High School,21,Month-to-month,Electronic check,66.03,1405.13,1,1,1,65371.42,0
14242,28.0,Male,Delhi,High School,33,Two year,Mailed check,68.23,2324.67,2,1,1,70037.9,0
14243,32.0,Female,Delhi,Bachelors,51,Two year,Bank transfer,46.36,2376.64,2,1,1,108894.5,0
14244,45.0,Female,Mumbai,,48,Month-to-month,Electronic check,85.61,4068.44,2,1,0,76703.6,0
14245,42.0,Female,Delhi,Bachelors,59,Month-to-month,Bank transfer,69.55,4178.1,2,0,0,77350.48,0
14246,45.0,Female,Bengaluru,High School,2,Month-to-month,Mailed check,64.01,118.86,1,1,0,80903.5,0
14247,49.0,Male,Pune,Masters,33,Month-to-month,Bank transfer,37.03,1260.67,2,1,0,89179.79,0
14248,34.0,Female,Delhi,Bachelors,51,One year,Electronic check,66.37,3354.23,2,1,1,79994.15,0
14249,61.0,Male,Mumbai,Masters,72,One year,Mailed check,23.35,1685.74,2,1,1,76197.69,0
14250,,Male,Mumbai,Masters,10,Month-to-month,Mailed check,52.2,481.94,1,0,1,85647.43,0
14251,36.0,Male,Bengaluru,Masters,64,Month-to-month,Mailed check,52.61,3383.15,1,0,0,16614.04,0
14252,48.0,Female,Pune,Masters,0,Month-to-month,Bank transfer,71.31,,1,1,0,115959.13,0
14253,18.0,Male,Delhi,Masters,14,Two year,Electronic check,106.36,1464.3,1,1,1,104974.06,1
14254,32.0,Male,Bengaluru,Bachelors,61,Two year,Electronic check,77.58,4704.83,1,0,1,74776.99,0
14255,55.0,Female,Mumbai,Bachelors,57,Month-to-month,Mailed check,96.86,5538.86,1,0,1,38913.86,0
14256,19.0,Male,Bengaluru,Bachelors,71,Month-to-month,Electronic check,79.19,5581.24,1,0,1,96627.71,1
14257,57.0,Female,Mumbai,Bachelors,43,Two year,Electronic check,89.75,3783.35,1,0,1,54734.72,0
14258,62.0,Female,Mumbai,High School,44,Month-to-month,Credit card,105.86,4675.5,4,1,0,81744.5,0
14259,37.0,Female,Hyderabad,,39,Two year,Electronic check,48.9,1901.72,1,0,1,41776.08,0
14260,46.0,Male,Mumbai,High School,37,Month-to-month,Bank transfer,47.46,1749.58,1,1,1,118980.95,0
14261,57.0,Male,Mumbai,Bachelors,37,Month-to-month,Mailed check,79.71,2975.32,2,1,0,38271.23,0
14262,36.0,Female,Mumbai,Bachelors,21,One year,Electronic check,64.92,1396.36,1,1,0,,0
14263,53.0,Female,Mumbai,High School,62,Month-to-month,Electronic check,69.85,,1,1,0,23311.88,1
14264,33.0,Male,Bengaluru,Masters,26,One year,Electronic check,59.53,1491.65,1,0,1,69093.11,0
14265,,Male,Delhi,Masters,44,Two year,Electronic check,51.88,2250.79,1,0,1,60643.73,0
14266,32.0,Female,Hyderabad,High School,48,Month-to-month,Mailed check,100.66,4860.93,2,0,0,95018.03,0
14267,46.0,Female,Bengaluru,Masters,39,Month-to-month,Bank transfer,40.8,1598.02,1,1,0,60641.65,0
14268,57.0,Female,Delhi,High School,44,One year,Mailed check,80.1,3496.91,1,1,1,95049.72,0
14269,40.0,Male,Mumbai,Bachelors,3,One year,Bank transfer,76.53,190.37,1,0,0,47469.35,0
14270,25.0,Male,Hyderabad,Masters,23,Month-to-month,Electronic check,30.26,726.87,1,1,0,63796.84,0
14271,,Female,Bengaluru,High School,32,Month-to-month,Credit card,46.72,1483.96,2,1,1,64237.93,0
14272,47.0,Male,Hyderabad,Masters,28,Month-to-month,Electronic check,50.42,1449.4,1,0,0,80902.94,1
14273,66.0,Male,Bengaluru,Bachelors,66,Month-to-month,Electronic check,77.42,5153.69,1,0,0,78104.24,0
14274,47.0,Female,Chennai,PhD,65,One year,Mailed check,56.93,3684.81,1,1,0,85888.95,0
14275,37.0,Female,Bengaluru,High School,51,Two year,Credit card,63.12,3266.6,2,1,0,75870.27,0
14276,52.0,Male,Chennai,,25,Two year,Bank transfer,32.93,830.17,1,0,0,84548.93,0
14277,39.0,Female,Bengaluru,Bachelors,3,One year,Electronic check,116.17,361.9,2,1,0,50246.99,0
14278,37.0,Female,Pune,Bachelors,55,One year,Electronic check,66.57,3551.91,1,0,0,78553.57,0
14279,30.0,Female,Chennai,Masters,64,Month-to-month,Credit card,75.98,4814.17,4,1,1,105380.53,0
14280,60.0,Male,Delhi,Bachelors,35,Month-to-month,Credit card,53.11,1813.02,1,1,1,33040.16,0
14281,18.0,Female,Hyderabad,High School,60,Month-to-month,Electronic check,50.64,3022.47,2,0,0,80758.18,0
14282,52.0,Female,Mumbai,Bachelors,67,Month-to-month,Electronic check,107.08,7180.08,1,0,1,84889.16,0
14283,36.0,Male,Pune,Bachelors,39,Two year,Electronic check,22.83,898.13,1,1,0,102146.1,0
14284,37.0,Male,Delhi,Bachelors,15,One year,Electronic check,71.13,1081.24,2,1,1,85973.03,0
14285,64.0,Female,Bengaluru,Bachelors,1,Month-to-month,Electronic check,38.35,4.1,3,1,0,,0
14286,33.0,Male,Mumbai,Bachelors,55,Month-to-month,Mailed check,56.09,3119.52,2,1,0,79461.61,0
14287,33.0,Male,Chennai,Bachelors,41,Month-to-month,Electronic check,50.96,2179.82,1,1,0,53829.17,1
14288,40.0,Female,Pune,High School,11,Month-to-month,Bank transfer,43.31,458.74,1,1,0,61464.7,0
14289,,Female,Bengaluru,High School,3,One year,Mailed check,65.78,164.16,1,1,0,40614.54,0
14290,36.0,Male,Mumbai,Bachelors,70,Two year,Mailed check,10.0,665.73,2,0,0,102714.65,0
14291,22.0,Female,Hyderabad,Bachelors,23,Month-to-month,Credit card,58.06,1339.65,1,0,1,79903.46,0
14292,31.0,Female,Delhi,,23,One year,Electronic check,63.01,1422.94,1,1,0,49845.53,0
14293,59.0,Female,Pune,High School,45,One year,Electronic check,35.1,1492.98,1,0,0,75969.85,0
14294,43.0,Female,Delhi,,26,Month-to-month,Mailed check,98.29,2482.7,3,0,1,95505.65,0
14295,48.0,Male,Bengaluru,High School,66,Month-to-month,Mailed check,51.92,3477.73,1,0,0,91841.43,0
14296,39.0,Female,Mumbai,Bachelors,49,Month-to-month,Mailed check,59.78,2993.31,1,1,0,49591.95,1
14297,33.0,Female,Pune,High School,26,One year,Mailed check,51.97,1431.21,1,1,1,15000.0,0
14298,64.0,Male,Bengaluru,Bachelors,19,Two year,Electronic check,63.21,1212.31,1,1,0,,0
14299,,Male,Pune,Bachelors,62,One year,Bank transfer,93.78,5764.81,1,1,1,50488.87,0
14300,36.0,Female,Delhi,Bachelors,43,One year,Credit card,119.41,5112.73,2,1,0,83691.21,0
14301,56.0,Male,Bengaluru,High School,67,Month-to-month,Mailed check,81.4,5379.23,1,1,0,,0
14302,33.0,Female,Mumbai,Masters,25,Month-to-month,Mailed check,88.94,2147.01,1,1,1,94499.93,0
14303,34.0,Male,Chennai,High School,1,Month-to-month,Credit card,102.76,115.52,1,1,1,108384.29,1
14304,42.0,Female,Mumbai,Bachelors,65,Two year,Mailed check,70.48,4608.15,1,1,1,97199.85,0
14305,42.0,Male,Delhi,Bachelors,17,Month-to-month,Electronic check,99.55,1790.27,2,1,0,108490.07,0
14306,45.0,Female,Hyderabad,Masters,61,Two year,Mailed check,82.43,5024.08,1,1,1,100339.33,0
14307,69.0,Female,Mumbai,Masters,51,Month-to-month,Mailed check,68.17,3408.78,2,1,1,102256.79,0
14308,46.0,Male,Chennai,High School,16,Month-to-month,Credit card,72.71,1157.26,1,1,1,69100.9,1
14309,18.0,Female,Chennai,Masters,55,One year,Credit card,24.93,1357.03,1,1,1,41634.82,0
14310,,Female,Bengaluru,High School,5,One year,Credit card,71.43,332.59,1,0,1,124609.95,0
14311,42.0,Female,Bengaluru,Bachelors,28,One year,Mailed check,31.04,886.31,1,0,1,71384.96,0
14312,43.0,Male,Mumbai,High School,26,Month-to-month,Electronic check,29.24,699.52,1,0,0,97031.58,0
14313,45.0,Female,Delhi,Bachelors,47,Month-to-month,Mailed check,69.24,3260.82,1,1,1,57893.95,0
14314,42.0,Female,Chennai,Masters,39,One year,Electronic check,40.49,1611.69,2,0,1,91206.29,0
14315,41.0,Male,Mumbai,Masters,44,Month-to-month,Credit card,64.84,2923.95,1,1,1,16210.81,0
14316,50.0,Female,Pune,Bachelors,34,Month-to-month,Electronic check,68.05,2329.22,1,0,1,60970.25,0
14317,35.0,Male,Bengaluru,,54,Month-to-month,Mailed check,69.03,3779.78,1,0,1,67834.96,0
14318,30.0,Female,Mumbai,Masters,11,One year,Mailed check,45.11,474.02,1,1,1,80177.39,0
14319,81.0,Female,Delhi,Bachelors,52,Month-to-month,Credit card,84.77,4392.83,1,0,1,93584.54,0
14320,33.0,Male,Bengaluru,Masters,3,Month-to-month,Bank transfer,63.04,256.51,2,0,1,45928.86,0
14321,,Female,Pune,Bachelors,6,Two year,Electronic check,74.7,379.62,2,0,1,84519.3,0
14322,23.0,Male,Hyderabad,High School,52,Month-to-month,Bank transfer,38.68,1991.2,2,1,1,96986.67,0
14323,44.0,Female,Bengaluru,Bachelors,11,Month-to-month,Mailed check,61.08,728.3,1,0,1,121610.05,0
14324,30.0,Female,Pune,Bachelors,56,Month-to-month,Bank transfer,89.14,4981.28,1,1,1,85545.82,0
14325,36.0,Female,Delhi,Masters,9,Month-to-month,Electronic check,86.34,762.78,2,0,0,59890.87,0
14326,56.0,Male,Delhi,High School,10,One year,Mailed check,47.46,461.33,1,0,1,42021.18,0
14327,48.0,Female,Hyderabad,High School,68,Month-to-month,Mailed check,53.0,3609.86,2,0,1,110242.45,0
14328,49.0,Female,Bengaluru,High School,12,Month-to-month,Electronic check,43.25,573.3,2,0,1,86221.52,0
14329,19.0,Female,Mumbai,Bachelors,66,Month-to-month,Bank transfer,50.56,3383.17,1,1,0,69516.54,0
14330,66.0,Male,Hyderabad,Bachelors,25,Month-to-month,Credit card,34.22,856.07,1,1,1,34364.0,0
14331,,Male,Delhi,High School,58,Month-to-month,Electronic check,61.96,3648.3,2,1,0,49513.95,0
14332,62.0,Male,Bengaluru,Masters,68,Month-to-month,Electronic check,78.93,5384.33,1,1,1,83889.05,0
14333,55.0,Female,Chennai,Masters,8,Month-to-month,Electronic check,47.73,424.8,1,0,1,77784.33,0
14334,50.0,Male,Delhi,Masters,24,Two year,Bank transfer,63.01,1460.82,1,1,1,27180.71,0
14335,31.0,Male,Hyderabad,High School,41,Month-to-month,Bank transfer,60.15,2553.08,1,1,1,83917.48,0
14336,,Male,Chennai,Bachelors,63,Month-to-month,Bank transfer,88.21,5568.24,2,1,0,35494.4,0
14337,36.0,Male,Delhi,Bachelors,13,Month-to-month,Mailed check,51.54,532.6,1,1,1,99788.2,0
14338,42.0,Female,Mumbai,High School,13,Month-to-month,Credit card,52.35,763.53,2,0,1,,1
14339,39.0,Female,Chennai,PhD,26,Month-to-month,Mailed check,46.39,1206.39,3,1,1,59804.73,0
14340,18.0,Female,Delhi,PhD,14,Month-to-month,Credit card,39.97,539.81,4,1,0,91783.4,0
14341,57.0,Male,Delhi,Bachelors,19,Month-to-month,Credit card,76.64,,1,1,1,77776.98,0
14342,41.0,Male,Mumbai,PhD,9,Month-to-month,Electronic check,62.03,580.25,1,0,1,99148.41,0
14343,36.0,Male,Mumbai,Masters,60,Month-to-month,Electronic check,66.21,3928.18,3,0,1,71770.46,0
14344,35.0,Female,Bengaluru,,58,Month-to-month,Credit card,93.04,5367.47,2,1,1,73054.03,0
14345,47.0,Female,Chennai,High School,10,Month-to-month,Mailed check,94.31,915.46,1,1,1,63724.49,0
14346,30.0,Male,Bengaluru,High School,39,Month-to-month,Bank transfer,28.78,1107.81,2,0,1,75785.28,0
14347,18.0,Male,Delhi,High School,47,Two year,Electronic check,79.25,3698.99,2,0,0,107354.92,0
14348,47.0,Female,Pune,Masters,45,One year,Credit card,69.96,3190.84,2,1,1,58939.19,0
14349,49.0,Female,Delhi,Bachelors,71,One year,Mailed check,54.84,3907.19,3,0,1,84255.01,0
14350,39.0,Male,Mumbai,Masters,46,Month-to-month,Bank transfer,72.21,3341.31,4,0,1,50630.24,0
14351,27.0,Male,Pune,,50,One year,Electronic check,27.02,1381.53,1,1,0,24531.89,0
14352,43.0,Male,Delhi,Masters,2,One year,Electronic check,97.18,189.71,1,0,0,74564.09,0
14353,23.0,Male,Bengaluru,High School,5,Month-to-month,Credit card,76.33,330.63,2,0,1,78148.92,0
14354,29.0,Female,Chennai,Bachelors,45,Two year,Bank transfer,45.97,2158.91,2,1,1,67578.87,0
14355,32.0,Female,Delhi,High School,66,One year,Credit card,52.12,3486.3,2,0,0,37088.33,0
14356,53.0,Male,Bengaluru,Bachelors,29,Month-to-month,Electronic check,27.53,879.01,1,0,1,76694.62,0
14357,37.0,Female,Chennai,Bachelors,46,Month-to-month,Electronic check,58.09,2723.87,2,1,0,75858.9,0
14358,,Male,Delhi,,15,Month-to-month,Credit card,54.38,792.68,1,1,0,50446.83,0
14359,67.0,Male,Chennai,Bachelors,33,Month-to-month,Bank transfer,35.85,1065.65,3,1,0,40223.19,0
14360,47.0,Male,Mumbai,High School,54,Two year,Bank transfer,82.09,4371.41,2,1,0,64447.47,0
14361,46.0,Male,Chennai,Masters,48,One year,Electronic check,417.66,4500.15,1,1,0,84364.44,0
14362,37.0,Female,Delhi,Bachelors,8,Month-to-month,Bank transfer,64.4,510.11,2,1,0,79166.4,0
14363,34.0,Male,Bengaluru,,64,Month-to-month,Bank transfer,58.28,3708.93,2,1,0,50621.59,0
14364,18.0,Male,Bengaluru,Bachelors,67,One year,Electronic check,74.57,4871.41,1,1,1,73012.35,0
14365,55.0,Female,Mumbai,,34,Month-to-month,Electronic check,64.57,2194.72,1,0,0,89516.78,0
14366,48.0,Male,Mumbai,Bachelors,24,One year,Electronic check,41.19,934.47,2,1,1,44201.35,0
14367,40.0,Male,Hyderabad,High School,38,One year,Credit card,50.64,1888.1,2,0,1,71389.42,0
14368,40.0,Male,Chennai,Masters,58,One year,Credit card,58.48,3434.35,1,0,1,99472.1,0
14369,52.0,Male,Mumbai,Masters,33,One year,Electronic check,70.46,2273.72,3,1,0,41951.49,0
14370,22.0,Male,Hyderabad,Masters,2,One year,Credit card,65.21,83.74,4,0,0,95421.58,0
14371,34.0,Female,Delhi,Bachelors,5,One year,Bank transfer,69.63,357.43,2,1,1,105622.12,0
14372,27.0,Male,Bengaluru,High School,59,Two year,Credit card,31.45,,3,0,0,65111.48,0
14373,65.0,Male,Bengaluru,Bachelors,57,One year,Mailed check,79.63,4518.77,1,1,1,62453.81,0
14374,53.0,Female,Hyderabad,Bachelors,56,Month-to-month,Electronic check,65.08,,3,1,1,92728.08,0
14375,18.0,Male,Bengaluru,Bachelors,9,Two year,Credit card,121.16,1026.51,3,1,0,65905.13,0
14376,22.0,Male,Mumbai,Bachelors,12,Two year,Credit card,56.47,604.94,2,1,0,18231.21,0
14377,40.0,Male,Delhi,Bachelors,28,Month-to-month,Mailed check,72.12,1942.4,1,1,1,67826.52,0
14378,36.0,Male,Delhi,Bachelors,16,Two year,Mailed check,127.24,,1,1,1,80348.89,0
14379,25.0,Female,Bengaluru,Bachelors,28,Two year,Credit card,69.27,1956.39,1,1,1,86281.84,0
14380,67.0,Male,Mumbai,High School,40,Month-to-month,Electronic check,63.51,2491.51,2,0,1,50626.16,0
14381,46.0,Male,Delhi,Bachelors,20,Month-to-month,Credit card,43.29,795.29,1,1,1,64064.38,0
14382,48.0,Male,Mumbai,Bachelors,9,Month-to-month,Credit card,98.62,906.57,2,0,0,91491.96,0
14383,33.0,Female,Delhi,Bachelors,29,One year,Electronic check,39.5,1186.7,2,1,1,68680.03,0
14384,51.0,Male,Bengaluru,High School,52,Two year,Electronic check,74.4,3921.34,1,0,0,36367.76,0
14385,37.0,Male,Pune,Masters,45,Month-to-month,Electronic check,54.58,2499.86,1,1,1,97228.04,0
14386,38.0,Male,Mumbai,Masters,23,One year,Credit card,60.83,1353.18,2,1,0,65289.56,0
14387,50.0,Male,Mumbai,High School,22,One year,Credit card,33.67,754.54,1,1,1,94006.81,0
14388,21.0,Male,Delhi,Masters,42,One year,Mailed check,94.55,3995.94,3,1,1,,0
14389,63.0,Male,Bengaluru,Masters,12,One year,Credit card,58.89,682.94,3,1,0,67338.29,1
14390,44.0,Male,Bengaluru,Masters,60,One year,Credit card,38.27,2304.44,1,1,1,81214.19,0
14391,,Female,Delhi,Masters,63,Month-to-month,Credit card,92.56,5768.7,2,0,1,68082.81,0
14392,28.0,Female,Mumbai,Bachelors,1,Month-to-month,Mailed check,53.91,22.53,2,1,1,43973.86,0
14393,30.0,Male,Pune,High School,70,Month-to-month,Credit card,72.36,5083.79,3,0,0,17490.33,1
14394,27.0,Female,Bengaluru,High School,1,Month-to-month,Electronic check,83.51,158.89,2,1,1,103511.83,0
14395,45.0,Male,Chennai,High School,33,One year,Electronic check,75.43,,4,0,1,75456.84,0
14396,43.0,Female,Delhi,Bachelors,48,Two year,Bank transfer,16.67,833.2,1,0,0,95669.62,0
14397,36.0,Female,Chennai,High School,23,Month-to-month,Electronic check,80.3,,1,1,1,90430.72,1
14398,29.0,Female,Chennai,High School,14,One year,Electronic check,62.79,875.3,2,1,0,83130.63,1
14399,26.0,Male,Mumbai,Bachelors,3,Month-to-month,Electronic check,57.76,100.9,2,0,1,62930.58,0
14400,41.0,Female,Mumbai,Bachelors,53,Month-to-month,Mailed check,62.6,3276.02,4,0,1,80774.87,0
14401,36.0,Female,Mumbai,High School,2,Month-to-month,Mailed check,29.58,19.02,1,0,0,101515.81,0
14402,33.0,Female,Chennai,Bachelors,35,Month-to-month,Credit card,69.23,2451.79,1,1,0,71826.24,0
14403,62.0,Female,Delhi,Bachelors,28,Two year,Mailed check,34.98,1026.69,2,1,0,,0
14404,41.0,Male,Delhi,Bachelors,70,Month-to-month,Mailed check,58.71,4146.53,3,0,1,37012.72,0
14405,59.0,Male,Bengaluru,Bachelors,67,Month-to-month,Credit card,68.44,4644.61,2,0,0,34648.01,0
14406,35.0,Male,Hyderabad,Masters,59,Month-to-month,Credit card,88.63,5232.78,1,0,1,91737.65,0
14407,45.0,Male,Delhi,High School,53,Two year,Electronic check,46.97,2440.26,3,1,1,51987.66,0
14408,41.0,Male,Delhi,Bachelors,39,Month-to-month,Bank transfer,96.93,3777.77,2,1,0,114953.41,0
14409,20.0,Male,Delhi,,25,Two year,Credit card,85.83,2109.51,3,0,1,99421.51,0
14410,61.0,Male,Mumbai,Masters,12,One year,Credit card,55.55,699.49,2,1,1,104926.57,0
14411,40.0,Male,Mumbai,High School,70,Month-to-month,Electronic check,40.61,2824.75,1,0,0,,0
14412,52.0,Male,Chennai,PhD,28,Month-to-month,Bank transfer,33.24,925.79,3,1,1,49725.16,0
14413,,Female,Pune,High School,31,One year,Bank transfer,70.98,2235.06,1,1,1,33494.48,0
14414,40.0,Male,Chennai,Bachelors,10,Two year,Electronic check,48.78,450.75,4,1,0,102896.48,0
14415,31.0,Female,Delhi,Bachelors,20,Month-to-month,Bank transfer,91.39,1876.0,1,0,1,37009.5,0
14416,58.0,Male,Mumbai,Bachelors,46,Month-to-month,Electronic check,50.05,2234.92,2,1,1,104867.49,0
14417,46.0,Male,Bengaluru,Masters,31,Month-to-month,Electronic check,45.19,1416.22,1,1,1,84731.52,1
14418,47.0,Male,Mumbai,Bachelors,42,Two year,Electronic check,70.14,2941.34,1,1,0,68322.44,0
14419,,Male,Pune,Bachelors,15,One year,Electronic check,49.91,790.02,4,1,1,79725.05,0
14420,57.0,Female,Hyderabad,Masters,5,Month-to-month,Electronic check,65.19,257.23,1,1,0,80236.4,0
14421,52.0,Male,Pune,High School,64,Month-to-month,Credit card,86.69,5471.62,1,1,1,65546.97,0
14422,24.0,Male,Chennai,Bachelors,31,Month-to-month,Electronic check,67.58,2132.48,3,1,0,101365.12,0
14423,33.0,Female,Delhi,Bachelors,26,Two year,Electronic check,67.66,1739.61,1,0,1,100610.82,0
14424,29.0,Female,Delhi,Masters,20,Month-to-month,Bank transfer,69.51,1385.66,2,1,1,73424.5,0
14425,51.0,Female,Chennai,Masters,48,Month-to-month,Bank transfer,27.75,1299.01,4,0,0,56800.12,0
14426,44.0,Male,Bengaluru,Bachelors,41,One year,Bank transfer,73.62,3064.06,1,1,0,98730.99,0
14427,24.0,Female,Chennai,High School,28,Month-to-month,Credit card,68.52,1933.52,1,1,1,25503.67,0
14428,40.0,Male,Delhi,Masters,67,One year,Bank transfer,84.64,5682.91,2,1,0,79765.64,0
14429,23.0,Male,Bengaluru,Masters,65,Month-to-month,Bank transfer,78.33,5032.97,2,1,0,86270.65,0
14430,41.0,Female,Delhi,High School,14,One year,Mailed check,60.56,872.92,1,0,1,51776.26,0
14431,20.0,Female,Mumbai,High School,46,One year,Bank transfer,87.71,3985.05,1,1,1,91423.28,0
14432,49.0,Female,Bengaluru,High School,70,Month-to-month,Credit card,58.56,4066.27,1,1,0,69419.51,0
14433,47.0,Female,Mumbai,High School,35,Two year,Mailed check,70.44,2397.13,1,1,1,57994.6,0
14434,67.0,Female,Delhi,High School,2,Two year,Electronic check,58.15,108.47,1,1,0,91190.91,1
14435,53.0,Male,Bengaluru,Bachelors,9,Month-to-month,Mailed check,75.16,729.66,3,1,1,46114.94,0
14436,37.0,Female,Mumbai,High School,48,One year,Mailed check,56.72,2733.89,1,1,1,89122.25,0
14437,53.0,Female,Hyderabad,Masters,65,One year,Electronic check,101.25,6559.16,1,0,0,26388.38,0
14438,24.0,Male,Mumbai,Bachelors,9,Month-to-month,Bank transfer,109.38,989.88,3,1,1,76285.5,0
14439,29.0,Male,Hyderabad,Bachelors,39,Month-to-month,Credit card,84.23,,1,1,1,70964.57,0
14440,46.0,Female,Mumbai,High School,36,Month-to-month,Electronic check,98.91,3564.06,3,1,1,58126.69,0
14441,18.0,Male,Hyderabad,High School,20,Month-to-month,Mailed check,31.14,631.67,3,1,1,78571.75,0
14442,,Female,Delhi,High School,46,One year,Electronic check,33.73,1499.58,1,0,0,68249.46,0
14443,29.0,Female,Chennai,Bachelors,64,Two year,Bank transfer,57.93,3712.85,1,1,1,93203.3,0
14444,43.0,Female,Bengaluru,Bachelors,17,Month-to-month,Electronic check,65.91,1032.71,1,1,1,82323.32,0
14445,28.0,Male,Delhi,Bachelors,3,One year,Credit card,60.64,210.7,1,1,1,79959.27,0
14446,48.0,Female,Hyderabad,Bachelors,26,Month-to-month,Electronic check,28.87,695.48,1,0,1,76420.95,0
14447,42.0,Female,Delhi,,22,Month-to-month,Credit card,90.34,2046.36,1,1,1,59612.34,0
14448,60.0,Male,Delhi,Masters,53,Month-to-month,Electronic check,112.39,5834.41,1,1,0,63360.32,1
14449,42.0,Male,Delhi,,39,Month-to-month,Credit card,93.18,3717.74,2,1,1,75460.75,0
14450,32.0,Female,Hyderabad,High School,1,Two year,Electronic check,88.88,6.92,1,0,0,66186.09,0
14451,39.0,Male,Bengaluru,Bachelors,24,Month-to-month,Credit card,69.97,1619.28,1,0,0,94451.96,0
14452,25.0,Male,Pune,Masters,53,Two year,Credit card,46.45,2476.8,1,0,0,72055.9,0
14453,47.0,Male,Mumbai,Masters,34,Month-to-month,Credit card,66.6,2295.34,1,0,1,78271.27,0
14454,50.0,Male,Mumbai,Bachelors,41,Month-to-month,Credit card,111.32,4549.95,2,1,1,39140.95,0
14455,74.0,Male,Bengaluru,,19,Month-to-month,Mailed check,57.26,1132.57,2,1,0,90751.07,0
14456,34.0,Male,Hyderabad,Masters,23,One year,Mailed check,54.99,1224.94,1,1,1,57214.18,0
14457,39.0,Female,Mumbai,High School,9,Month-to-month,Credit card,89.36,784.26,2,0,0,47061.62,0
14458,35.0,Female,Delhi,High School,5,Month-to-month,Credit card,90.82,439.0,1,1,0,106216.09,1
14459,45.0,Female,Pune,High School,2,Month-to-month,Mailed check,46.35,,3,1,0,85347.67,0
14460,47.0,Female,Delhi,PhD,45,One year,Mailed check,59.25,2569.54,1,1,0,91496.11,0
14461,41.0,Male,Delhi,Bachelors,11,Month-to-month,Electronic check,53.96,592.33,2,1,1,79998.92,0
14462,56.0,Male,Mumbai,High School,41,Two year,Mailed check,66.53,2721.98,1,0,0,67950.68,0
14463,34.0,Female,Mumbai,Bachelors,69,Month-to-month,Mailed check,89.28,6214.23,1,1,0,63848.71,0
14464,55.0,Female,Delhi,Masters,50,Month-to-month,Credit card,47.31,2301.2,1,0,0,87140.42,0
14465,49.0,Female,Mumbai,Bachelors,42,Two year,Electronic check,88.97,3704.77,1,1,0,94915.42,0
14466,42.0,Male,Delhi,High School,8,Month-to-month,Electronic check,67.24,598.09,2,1,1,,0
14467,38.0,Male,Mumbai,PhD,35,Month-to-month,Electronic check,116.18,4080.96,2,1,1,115595.94,0
14468,74.0,Female,Delhi,Bachelors,65,One year,Electronic check,72.01,4708.12,1,0,0,65658.99,0
14469,,Female,Delhi,Bachelors,28,Month-to-month,Credit card,62.87,1783.03,4,0,0,39331.81,0
14470,46.0,Female,Pune,Bachelors,60,Month-to-month,Electronic check,77.64,4681.29,1,0,1,32126.5,0
14471,32.0,Female,Delhi,Bachelors,51,Month-to-month,Credit card,57.58,3027.63,3,0,1,,0
14472,65.0,Male,Mumbai,High School,19,One year,Electronic check,25.5,489.08,1,0,1,60896.14,0
14473,54.0,Female,Hyderabad,High School,10,One year,Credit card,59.71,546.53,1,0,1,64895.6,0
14474,33.0,Male,Chennai,Bachelors,1,One year,Electronic check,59.36,91.3,1,1,1,85017.19,0
14475,49.0,Male,Bengaluru,Bachelors,20,Two year,Bank transfer,29.97,571.07,2,0,1,69370.62,0
14476,45.0,Female,Delhi,Masters,24,One year,Bank transfer,63.39,1515.86,2,1,0,88554.16,0
14477,35.0,Male,Chennai,Masters,47,Month-to-month,Electronic check,19.52,935.95,2,1,1,70987.64,0
14478,52.0,Male,Hyderabad,Bachelors,41,One year,Bank transfer,57.35,2310.28,1,0,1,70297.47,0
14479,47.0,Male,Delhi,Bachelors,34,Two year,Credit card,70.36,2366.73,1,1,1,57294.67,0
14480,45.0,Male,Delhi,Bachelors,52,Month-to-month,Electronic check,67.13,3514.55,2,1,1,101296.95,0
14481,41.0,Male,Mumbai,High School,56,One year,Mailed check,55.96,3106.33,3,1,0,36307.35,0
14482,48.0,Female,Mumbai,,52,Month-to-month,Mailed check,63.12,3330.91,1,1,1,76628.83,0
14483,45.0,Male,Mumbai,Bachelors,65,Month-to-month,Credit card,47.75,3054.44,2,1,0,66003.69,0
14484,43.0,Female,Mumbai,Bachelors,26,One year,Mailed check,65.24,1646.76,2,1,0,87198.6,1
14485,34.0,Female,Pune,Masters,60,Month-to-month,Bank transfer,66.28,4072.1,1,1,0,69541.75,0
14486,64.0,Male,Chennai,High School,30,Month-to-month,Credit card,45.19,1279.19,2,1,1,70190.16,0
14487,28.0,Female,Mumbai,Bachelors,13,Month-to-month,Bank transfer,70.89,920.23,1,1,0,64133.93,0
14488,48.0,Male,Mumbai,Masters,10,One year,Electronic check,70.75,800.07,1,1,0,100651.64,0
14489,38.0,Female,Bengaluru,Bachelors,6,One year,Electronic check,61.34,,2,1,1,70052.93,0
14490,65.0,Female,Delhi,High School,69,Two year,Mailed check,118.26,8227.28,3,1,0,113332.33,0
14491,30.0,Female,Chennai,Bachelors,12,One year,Mailed check,61.9,775.42,1,1,0,75989.44,0
14492,32.0,Female,Pune,Masters,60,Two year,Electronic check,58.86,3531.24,1,1,1,,0
14493,29.0,Female,Bengaluru,High School,57,Month-to-month,Mailed check,55.71,3168.94,1,0,0,66802.81,0
14494,46.0,Male,Mumbai,Bachelors,32,Month-to-month,Credit card,43.64,1290.51,1,0,0,82413.43,1
14495,24.0,Female,Chennai,Bachelors,66,One year,Credit card,80.09,5269.98,2,1,0,57055.35,0
14496,36.0,Male,Delhi,High School,66,One year,Electronic check,49.9,3305.01,1,1,0,73206.33,0
14497,18.0,Female,Delhi,Bachelors,67,Two year,Mailed check,52.51,3529.75,1,1,0,70179.01,0
14498,45.0,Male,Hyderabad,Bachelors,36,One year,Bank transfer,53.16,2037.05,2,1,1,77155.45,0
14499,35.0,Female,Delhi,Bachelors,21,Month-to-month,Electronic check,43.33,923.98,1,1,0,77700.67,0
14500,23.0,Female,Mumbai,,3,One year,Electronic check,26.48,110.95,1,1,1,78843.89,0
14501,56.0,Male,Hyderabad,High School,61,Month-to-month,Credit card,54.82,3402.27,2,1,0,72087.9,0
14502,25.0,Male,Mumbai,,63,Month-to-month,Credit card,84.21,5332.26,1,0,1,104516.76,0
14503,52.0,Female,Mumbai,Bachelors,39,One year,Credit card,69.33,2699.57,1,1,1,79296.51,0
14504,33.0,Female,Bengaluru,High School,5,One year,Credit card,99.33,492.59,1,0,0,127331.7,0
14505,63.0,Male,Mumbai,Bachelors,60,Month-to-month,Bank transfer,81.52,,1,1,1,71096.73,0
14506,,Female,Chennai,Bachelors,21,One year,Credit card,76.53,1629.34,3,0,0,91096.09,0
14507,29.0,Male,Pune,Bachelors,40,Two year,Mailed check,106.42,4248.28,2,1,0,54026.92,0
14508,30.0,Male,Pune,PhD,48,Month-to-month,Electronic check,62.86,3048.53,1,1,0,100817.36,0
14509,50.0,Male,Mumbai,Bachelors,10,Month-to-month,Electronic check,66.39,613.45,1,0,1,54505.75,0
14510,39.0,Female,Pune,PhD,4,Month-to-month,Bank transfer,64.75,266.34,1,1,0,80029.32,1
14511,40.0,Male,Mumbai,High School,5,Month-to-month,Electronic check,98.96,572.4,3,1,0,64182.6,1
14512,59.0,Female,Delhi,Masters,70,Month-to-month,Credit card,65.06,4542.97,2,1,1,79944.17,0
14513,32.0,Male,Mumbai,Bachelors,69,Month-to-month,Mailed check,50.74,3593.21,2,1,1,64834.48,0
14514,43.0,Female,Chennai,PhD,31,Month-to-month,Credit card,77.93,2424.01,1,0,1,52636.44,1
14515,54.0,Male,Mumbai,Bachelors,31,Month-to-month,Mailed check,47.04,1455.41,3,0,1,64024.97,0
14516,53.0,Female,Hyderabad,Masters,29,Month-to-month,Mailed check,76.74,2231.29,2,1,1,103914.76,0
14517,40.0,Male,Hyderabad,Bachelors,25,Two year,Electronic check,74.1,1836.93,1,0,1,80280.08,0
14518,38.0,Male,Delhi,Bachelors,39,Month-to-month,Electronic check,60.83,2273.34,1,1,0,41645.3,0
14519,19.0,Male,Chennai,High School,26,Month-to-month,Mailed check,77.45,2057.71,1,0,1,94098.42,0
14520,,Female,Delhi,Bachelors,44,Month-to-month,Electronic check,32.27,1529.52,2,1,0,50386.69,0
14521,46.0,Female,Mumbai,Bachelors,27,Two year,Credit card,68.59,1875.95,1,1,1,86353.9,0
14522,40.0,Male,Delhi,Masters,45,Month-to-month,Electronic check,54.82,2493.97,1,1,0,82169.63,0
14523,43.0,Male,Hyderabad,Bachelors,68,Two year,Credit card,313.07,8692.83,2,0,0,83558.83,0
14524,56.0,Male,Mumbai,Bachelors,15,Month-to-month,Mailed check,68.43,1084.34,2,1,0,110770.16,0
14525,27.0,Male,Chennai,PhD,4,Month-to-month,Mailed check,51.88,205.56,1,1,1,,1
14526,39.0,Male,Delhi,Masters,38,Month-to-month,Credit card,34.68,1331.2,1,1,0,83437.49,0
14527,44.0,Male,Hyderabad,Masters,8,One year,Bank transfer,93.72,671.5,1,1,1,97710.95,0
14528,33.0,Female,Mumbai,,16,Two year,Electronic check,57.3,890.33,1,1,0,55846.48,0
14529,61.0,Male,Delhi,Masters,57,Month-to-month,Electronic check,47.59,2731.0,2,1,1,53593.42,1
14530,54.0,Male,Delhi,Bachelors,30,Two year,Electronic check,72.4,2217.36,2,1,1,63681.87,0
14531,,Female,Delhi,Masters,40,Month-to-month,Bank transfer,79.29,3218.35,3,1,1,77144.13,0
14532,65.0,Female,Delhi,Bachelors,56,Month-to-month,Bank transfer,78.95,4342.24,2,1,0,38969.52,1
14533,23.0,Female,Bengaluru,Bachelors,9,Two year,Credit card,65.43,514.98,2,1,0,82130.84,0
14534,42.0,Male,Delhi,High School,34,Month-to-month,Electronic check,68.5,2358.21,1,0,0,,0
14535,47.0,Female,Mumbai,High School,2,One year,Electronic check,70.1,102.86,1,0,1,98453.28,0
14536,30.0,Male,Mumbai,Bachelors,36,One year,Electronic check,72.4,2651.13,3,1,1,81302.87,0
14537,,Female,Chennai,High School,16,Month-to-month,Credit card,74.35,1108.09,2,1,0,112089.08,1
14538,28.0,Female,Mumbai,Bachelors,66,Month-to-month,Credit card,89.08,,3,0,1,84713.24,0
14539,51.0,Female,Delhi,High School,19,Two year,Mailed check,66.24,1256.85,2,1,0,63295.27,0
14540,56.0,Female,Delhi,High School,14,Two year,Mailed check,47.03,682.44,1,0,1,52429.1,0
14541,46.0,Male,Bengaluru,High School,1,Two year,Credit card,61.83,10.27,1,1,1,75255.6,0
14542,18.0,Male,Delhi,High School,9,One year,Mailed check,81.58,,1,1,1,69334.49,1
14543,29.0,Male,Delhi,High School,15,One year,Credit card,25.7,394.06,2,1,1,96095.06,0
14544,49.0,Male,Pune,Masters,16,Month-to-month,Credit card,25.82,439.44,3,1,1,49570.39,0
14545,42.0,Male,Pune,Bachelors,53,One year,Bank transfer,85.2,4565.97,2,1,0,114459.84,1
14546,18.0,Female,Mumbai,High School,64,Month-to-month,Bank transfer,98.44,6282.23,1,1,0,98045.09,0
14547,58.0,Male,Hyderabad,Bachelors,62,Month-to-month,Electronic check,37.17,2343.32,1,1,1,65522.48,0
14548,44.0,Female,Chennai,,69,One year,Electronic check,67.21,4661.78,1,1,0,109552.06,0
14549,31.0,Female,Pune,,65,Month-to-month,Credit card,56.21,3719.77,1,1,1,52771.18,0
14550,55.0,Female,Delhi,Masters,33,Month-to-month,Electronic check,59.26,1952.81,4,0,0,74522.98,0
14551,33.0,Female,Chennai,Bachelors,28,One year,Electronic check,71.72,1921.67,2,0,0,41917.64,0
14552,33.0,Male,Delhi,High School,47,Two year,Credit card,36.56,1714.94,1,0,1,110624.52,0
14553,47.0,Female,Bengaluru,Masters,23,Month-to-month,Electronic check,40.64,939.14,3,0,0,33757.49,1
14554,65.0,Female,Bengaluru,Bachelors,44,Month-to-month,Bank transfer,58.37,2594.19,1,0,1,38310.28,0
14555,63.0,Female,Hyderabad,Masters,72,One year,Bank transfer,61.8,4372.97,3,0,1,56036.31,0
14556,47.0,Female,Pune,Bachelors,14,Month-to-month,Electronic check,40.23,547.62,2,1,0,99091.12,0
14557,48.0,Female,Mumbai,Bachelors,56,Month-to-month,Electronic check,82.37,4656.13,1,0,0,91006.59,0
14558,52.0,Female,Mumbai,Bachelors,68,Two year,Electronic check,55.81,3789.88,2,1,0,72685.11,0
14559,26.0,Male,Bengaluru,High School,39,Month-to-month,Electronic check,55.72,2157.79,1,0,1,92416.38,0
14560,50.0,Male,Delhi,Masters,25,Month-to-month,Electronic check,71.22,1875.82,2,0,1,67460.9,1
14561,32.0,Male,Bengaluru,Masters,18,Month-to-month,Credit card,62.16,1065.38,1,1,1,79293.43,0
14562,46.0,Female,Chennai,Bachelors,12,Two year,Credit card,83.42,1062.7,1,1,0,106337.97,0
14563,39.0,Male,Hyderabad,Masters,23,One year,Electronic check,44.46,1073.64,2,1,0,64574.38,0
14564,49.0,Female,Hyderabad,High School,54,One year,Bank transfer,34.26,1838.78,1,1,0,53139.8,1
14565,44.0,Male,Mumbai,Bachelors,37,One year,Mailed check,58.18,2151.02,1,1,0,80348.18,0
14566,18.0,Female,Mumbai,High School,16,Month-to-month,Mailed check,66.33,1059.46,2,1,1,86286.03,0
14567,44.0,Female,Chennai,Masters,39,Month-to-month,Credit card,37.7,1479.4,1,0,1,72429.85,0
14568,,Male,Delhi,Bachelors,59,Month-to-month,Electronic check,34.47,,2,0,0,92074.39,1
14569,48.0,Male,Bengaluru,Masters,0,Month-to-month,Credit card,69.01,,2,1,1,65572.3,0
14570,41.0,Female,Mumbai,High School,1,Month-to-month,Electronic check,48.33,,1,1,1,72806.01,0
14571,63.0,Male,Hyderabad,Bachelors,70,Two year,Bank transfer,33.04,2296.64,4,1,1,78240.65,0
14572,,Female,Mumbai,Masters,54,Month-to-month,Credit card,86.24,4641.42,1,0,1,76321.94,0
14573,,Female,Chennai,Bachelors,42,Month-to-month,Bank transfer,51.1,2034.16,1,1,1,105491.98,0
14574,56.0,Female,Mumbai,High School,66,Month-to-month,Credit card,90.3,5964.68,1,1,0,78130.24,0
14575,47.0,Female,Mumbai,Bachelors,43,Month-to-month,Electronic check,65.63,2795.72,2,1,0,63314.15,0
14576,30.0,Male,Delhi,High School,38,Month-to-month,Bank transfer,71.48,,1,1,0,81615.6,0
14577,18.0,Female,Mumbai,Bachelors,15,Two year,Electronic check,60.35,887.75,1,0,0,92194.72,0
14578,36.0,Female,Pune,Masters,59,Month-to-month,Mailed check,10.0,570.95,1,1,1,87033.18,0
14579,52.0,Female,Delhi,Bachelors,55,One year,Electronic check,39.99,2263.21,2,0,1,85813.77,0
14580,37.0,Female,Delhi,Bachelors,21,One year,Bank transfer,62.23,1279.87,1,0,1,,0
14581,52.0,Female,Mumbai,High School,53,Month-to-month,Mailed check,73.02,3903.45,1,1,0,15164.72,0
14582,44.0,Male,Bengaluru,High School,53,Month-to-month,Electronic check,25.63,1427.53,1,1,0,,0
14583,59.0,Male,Mumbai,High School,6,Month-to-month,Bank transfer,63.82,351.52,1,0,1,79654.86,0
14584,38.0,Female,Bengaluru,Masters,11,Two year,Electronic check,40.31,441.04,2,1,0,69525.3,0
14585,48.0,Female,Pune,High School,43,One year,Bank transfer,70.16,3103.31,1,1,0,85274.89,0
14586,49.0,Female,Delhi,Masters,45,Month-to-month,Credit card,64.57,2917.1,1,0,0,112400.82,0
14587,62.0,Male,Chennai,Bachelors,48,Month-to-month,Mailed check,81.36,3923.97,1,0,1,101097.69,0
14588,,Female,Pune,Masters,27,One year,Bank transfer,88.47,2368.33,2,1,0,91168.85,0
14589,36.0,Female,Pune,High School,60,Month-to-month,Credit card,75.1,4540.35,2,0,1,50492.04,0
14590,53.0,Male,Hyderabad,Masters,32,Month-to-month,Bank transfer,83.93,2683.78,1,1,1,53350.6,0
14591,62.0,Female,Chennai,Masters,15,One year,Credit card,57.29,767.74,2,0,1,17499.1,0
14592,45.0,Female,Delhi,Bachelors,8,Two year,Electronic check,127.11,999.12,2,1,1,522919.83,0
14593,38.0,Female,Bengaluru,PhD,64,Two year,Mailed check,38.19,2385.0,1,1,1,94389.8,0
14594,52.0,Male,Hyderabad,High School,51,One year,Bank transfer,53.39,2728.5,1,0,0,96183.92,0
14595,53.0,Male,Mumbai,High School,33,Two year,Mailed check,84.83,2753.55,1,1,0,84859.47,0
14596,37.0,Male,Delhi,PhD,15,Month-to-month,Electronic check,81.56,1247.31,2,1,0,66610.53,1
14597,46.0,Female,Delhi,High School,7,Month-to-month,Electronic check,75.72,532.28,1,1,0,57585.9,0
14598,57.0,Female,Mumbai,High School,11,Month-to-month,Bank transfer,79.86,816.06,1,1,0,51841.97,0
14599,67.0,Female,Delhi,Bachelors,7,One year,Credit card,19.16,109.49,1,1,1,66404.65,0
14600,52.0,Female,Chennai,PhD,38,Two year,Bank transfer,99.96,3829.51,1,0,0,48487.82,0
14601,43.0,Female,Bengaluru,Masters,14,Two year,Credit card,60.51,904.54,2,1,1,108630.99,0
14602,41.0,Male,Bengaluru,High School,9,Month-to-month,Mailed check,92.41,786.57,1,0,1,41347.83,0
14603,49.0,Female,Bengaluru,Bachelors,20,Month-to-month,Credit card,20.26,350.33,1,0,1,,0
14604,40.0,Female,Mumbai,Bachelors,51,Month-to-month,Electronic check,70.64,3700.19,2,0,1,27403.19,0
14605,44.0,Male,Mumbai,Masters,36,One year,Credit card,52.6,1893.11,2,1,0,76524.21,0
14606,28.0,Male,Mumbai,High School,11,One year,Credit card,77.59,858.06,4,1,0,69947.56,0
14607,59.0,Female,Pune,,54,One year,Credit card,71.98,3849.95,2,1,0,62150.61,0
14608,27.0,Male,Chennai,Bachelors,35,Month-to-month,Credit card,73.05,2567.51,1,1,1,49478.77,0
14609,36.0,Male,Bengaluru,High School,13,Month-to-month,Credit card,41.7,627.85,1,1,0,70054.16,0
14610,43.0,Male,Delhi,Bachelors,50,Month-to-month,Electronic check,63.75,3200.22,4,0,0,58021.86,0
14611,68.0,Female,Pune,Bachelors,72,Month-to-month,Credit card,61.04,4448.13,2,0,1,66988.91,0
14612,37.0,Male,Mumbai,Bachelors,39,Month-to-month,Electronic check,75.9,2961.55,1,1,0,113063.46,1
14613,33.0,Female,Mumbai,Bachelors,11,Two year,Credit card,86.76,903.07,1,1,1,73787.9,0
14614,35.0,Male,Bengaluru,Masters,22,Two year,Bank transfer,68.31,1468.66,2,0,1,81723.08,0
14615,,Male,Bengaluru,Bachelors,43,One year,Electronic check,36.92,1531.67,1,0,0,59781.77,0
14616,18.0,Male,Pune,Masters,72,Month-to-month,Electronic check,67.37,4861.53,2,1,1,52742.42,0
14617,29.0,Male,Chennai,Bachelors,67,Month-to-month,Electronic check,122.44,8264.67,2,1,0,69494.93,0
14618,78.0,Male,Pune,Bachelors,68,Month-to-month,Bank transfer,386.9,6890.33,1,1,0,,0
14619,50.0,Male,Hyderabad,Bachelors,60,Month-to-month,Bank transfer,10.0,584.61,4,1,1,63676.59,0
14620,28.0,Female,Pune,Bachelors,41,Month-to-month,Mailed check,66.39,2682.51,3,1,0,77951.63,0
14621,41.0,Male,Hyderabad,High School,47,Month-to-month,Mailed check,85.51,4036.74,1,1,1,51775.23,0
14622,43.0,Male,Bengaluru,Bachelors,53,Two year,Electronic check,60.99,3170.56,1,1,1,15000.0,0
14623,53.0,Male,Bengaluru,Masters,52,Two year,Mailed check,54.88,2797.05,3,1,1,52623.71,0
14624,66.0,Female,Pune,Bachelors,46,Two year,Bank transfer,59.13,2764.99,1,0,0,122375.61,0
14625,47.0,Male,Mumbai,Bachelors,9,Month-to-month,Bank transfer,77.15,680.46,3,1,0,83098.59,0
14626,35.0,Female,Bengaluru,Bachelors,64,Month-to-month,Electronic check,39.73,2527.85,1,1,0,106100.33,0
14627,52.0,Female,Delhi,Bachelors,0,Month-to-month,Bank transfer,91.15,,2,0,0,62350.11,0
14628,33.0,Male,Hyderabad,Bachelors,31,One year,Credit card,63.77,,2,1,0,18149.72,0
14629,29.0,Male,Bengaluru,High School,31,Month-to-month,Credit card,44.43,1385.61,1,1,0,45608.4,0
14630,19.0,Female,Delhi,High School,72,Month-to-month,Electronic check,89.74,6424.13,2,1,1,78734.54,0
14631,22.0,Female,Hyderabad,Masters,6,Month-to-month,Credit card,31.01,150.71,1,0,0,75227.5,1
14632,30.0,Female,Bengaluru,High School,34,Month-to-month,Electronic check,52.79,1785.1,1,1,0,69770.68,1
14633,27.0,Male,Mumbai,Bachelors,26,Month-to-month,Electronic check,52.42,,1,1,1,58334.52,0
14634,46.0,Male,Bengaluru,Bachelors,7,Month-to-month,Electronic check,112.17,783.41,1,1,0,90673.75,1
14635,26.0,Male,Mumbai,High School,16,Month-to-month,Mailed check,49.93,792.66,1,1,0,58970.37,0
14636,18.0,Male,Chennai,High School,30,Two year,Credit card,17.59,530.01,1,1,0,76771.97,0
14637,28.0,Female,Pune,Masters,66,Month-to-month,Credit card,52.2,3443.39,1,1,0,74297.22,0
14638,36.0,Male,Mumbai,Bachelors,28,Month-to-month,Mailed check,75.02,2061.54,1,0,0,61892.95,0
14639,34.0,Male,Delhi,Bachelors,64,Two year,Mailed check,82.25,5319.35,1,0,0,50611.49,0
14640,62.0,Male,Mumbai,High School,53,Two year,Electronic check,115.08,6075.12,2,1,1,60598.74,1
14641,34.0,Female,Chennai,High School,59,Month-to-month,Credit card,95.95,5667.51,1,0,0,111219.68,0
14642,53.0,Male,Mumbai,Bachelors,62,Two year,Electronic check,69.13,4183.04,2,1,0,94473.85,0
14643,42.0,Male,Bengaluru,Masters,52,Month-to-month,Electronic check,45.39,2349.52,1,1,1,92448.55,0
14644,41.0,Male,Delhi,High School,53,One year,Credit card,100.73,5283.71,1,1,1,52697.8,0
14645,31.0,Male,Hyderabad,Bachelors,11,Two year,Electronic check,56.89,576.84,1,1,0,38370.84,0
14646,41.0,Male,Bengaluru,Bachelors,52,Month-to-month,Electronic check,50.52,2748.15,1,1,1,94122.87,0
14647,32.0,Female,Bengaluru,High School,3,Month-to-month,Credit card,55.82,179.94,1,0,1,89904.88,0
14648,44.0,Female,Bengaluru,Bachelors,53,One year,Electronic check,37.45,2046.15,2,1,1,73019.48,0
14649,39.0,Female,Chennai,Bachelors,47,One year,Electronic check,54.77,2616.96,1,0,0,61848.12,0
14650,,Male,Bengaluru,Bachelors,55,Two year,Mailed check,59.87,,1,1,0,37793.22,0
14651,55.0,Male,Delhi,PhD,46,Month-to-month,Electronic check,81.07,3719.27,2,0,0,89082.81,1
14652,48.0,Female,Mumbai,Bachelors,26,Month-to-month,Credit card,56.46,1548.28,1,1,1,96094.97,0
14653,36.0,Male,Delhi,High School,26,One year,Bank transfer,37.12,1007.45,2,1,1,55059.97,0
14654,44.0,Female,Delhi,Bachelors,43,Month-to-month,Bank transfer,29.72,1280.03,2,1,1,53222.81,0
14655,,Female,Bengaluru,High School,34,Month-to-month,Electronic check,69.61,2379.9,1,1,0,97303.36,0
14656,,Male,Hyderabad,High School,24,Month-to-month,Electronic check,66.6,1591.56,1,1,1,55878.98,1
14657,43.0,Male,Pune,Bachelors,35,Month-to-month,Credit card,52.81,1850.96,1,1,1,109139.32,0
14658,34.0,Female,Delhi,High School,39,Month-to-month,Electronic check,54.72,2131.9,2,0,1,67600.86,0
14659,30.0,Female,Bengaluru,Bachelors,17,One year,Electronic check,73.55,1269.43,4,1,1,61495.64,1
14660,21.0,Male,Hyderabad,Bachelors,46,Month-to-month,Electronic check,95.59,4484.14,1,0,0,70992.38,0
14661,37.0,Male,Delhi,Masters,22,Month-to-month,Bank transfer,47.84,992.22,3,1,0,61494.1,0
14662,49.0,Female,Bengaluru,High School,19,One year,Credit card,66.96,1329.36,1,1,1,94776.67,0
14663,33.0,Female,Delhi,Bachelors,30,Month-to-month,Electronic check,86.08,2563.99,1,1,0,89487.82,0
14664,75.0,Male,Delhi,Bachelors,7,One year,Electronic check,47.93,,1,0,1,93938.34,0
14665,54.0,Female,Mumbai,PhD,44,Two year,Credit card,64.66,2828.37,4,1,1,,0
14666,59.0,Female,Mumbai,Bachelors,53,Month-to-month,Electronic check,64.16,3421.12,1,0,1,59960.2,0
14667,52.0,Male,Delhi,Masters,69,Two year,Mailed check,36.15,2486.41,2,1,0,69800.59,0
14668,66.0,Male,Pune,Bachelors,20,Two year,Mailed check,68.71,1287.67,1,1,1,60634.67,0
14669,32.0,Male,Mumbai,High School,39,Month-to-month,Mailed check,65.69,2648.86,3,0,0,102265.12,0
14670,18.0,Female,Mumbai,Bachelors,36,Two year,Electronic check,77.21,2732.42,2,0,1,92050.02,0
14671,36.0,Female,Bengaluru,Bachelors,53,Month-to-month,Credit card,38.89,2065.36,2,1,1,67986.49,1
14672,49.0,Female,Pune,High School,45,Two year,Electronic check,65.22,2882.28,2,0,1,,0
14673,,Female,Mumbai,High School,58,One year,Mailed check,95.4,5466.35,1,1,1,103898.47,0
14674,46.0,Female,Hyderabad,High School,62,Two year,Bank transfer,110.7,6853.15,3,1,1,73007.05,0
14675,59.0,Male,Mumbai,Bachelors,8,Month-to-month,Credit card,93.16,715.6,2,1,1,67136.32,0
14676,47.0,Male,Mumbai,Bachelors,25,One year,Bank transfer,39.1,919.06,1,1,1,104092.36,0
14677,52.0,Female,Pune,Masters,47,Month-to-month,Mailed check,74.92,3519.47,3,1,1,58781.13,0
14678,30.0,Male,Hyderabad,Bachelors,39,Two year,Electronic check,54.37,2046.33,2,1,1,,0
14679,28.0,Female,Bengaluru,Masters,35,Month-to-month,Mailed check,71.25,2500.02,2,1,1,64923.3,0
14680,63.0,Male,Mumbai,PhD,12,Month-to-month,Bank transfer,48.01,569.75,2,1,0,41035.48,1
14681,43.0,Female,Bengaluru,High School,41,Two year,Mailed check,27.3,995.28,1,0,0,76946.18,0
14682,34.0,Female,Mumbai,High School,54,Month-to-month,Bank transfer,57.42,3074.52,1,1,0,53228.42,0
14683,34.0,Male,Delhi,High School,2,One year,Credit card,80.9,185.22,1,1,0,57444.12,0
14684,34.0,Male,Hyderabad,Masters,43,Month-to-month,Electronic check,71.34,3014.44,3,1,1,54502.42,0
14685,,Female,Bengaluru,High School,66,One year,Credit card,73.86,4900.35,2,1,1,57084.46,0
14686,25.0,Male,Hyderabad,Bachelors,41,Two year,Bank transfer,69.76,2881.79,2,1,0,51543.88,0
14687,22.0,Male,Mumbai,High School,69,Two year,Electronic check,73.9,5048.21,1,0,1,75438.71,0
14688,39.0,Female,Hyderabad,Bachelors,25,Month-to-month,Bank transfer,76.65,1915.64,4,1,0,66576.95,1
14689,34.0,Female,Pune,,0,One year,Bank transfer,58.96,,1,1,1,71056.18,0
14690,56.0,Female,Pune,Bachelors,49,Month-to-month,Bank transfer,66.82,3230.36,1,1,0,121783.34,0
14691,,Male,Mumbai,Bachelors,15,Two year,Mailed check,103.35,1539.96,3,1,0,66577.65,1
14692,45.0,Male,Mumbai,PhD,0,One year,Bank transfer,68.12,,2,1,0,83308.85,0
14693,32.0,Male,Bengaluru,PhD,13,Month-to-month,Mailed check,65.94,814.34,3,1,0,85812.49,0
14694,40.0,Female,Bengaluru,Masters,68,Month-to-month,Mailed check,67.26,4596.64,2,0,1,68617.15,0
14695,47.0,Female,Chennai,High School,57,Month-to-month,Electronic check,60.21,3378.01,1,1,1,76023.58,0
14696,51.0,Female,Delhi,High School,20,Two year,Credit card,55.42,1100.35,1,1,0,70455.36,0
14697,41.0,Male,Bengaluru,High School,43,Month-to-month,Electronic check,69.59,3014.71,3,1,1,74456.28,0
14698,56.0,Female,Mumbai,Bachelors,24,Month-to-month,Bank transfer,53.87,1172.65,1,0,1,57096.63,0
14699,42.0,Male,Pune,High School,12,Month-to-month,Mailed check,61.8,,2,1,1,59127.35,0
14700,,Male,Mumbai,High School,72,One year,Credit card,47.61,3449.39,1,0,0,70372.29,0
14701,36.0,Male,Pune,High School,59,One year,Mailed check,67.38,3986.71,1,1,1,26618.12,0
14702,18.0,Female,Chennai,High School,26,Month-to-month,Electronic check,77.85,1997.98,2,1,1,102913.6,0
14703,45.0,Male,Mumbai,Bachelors,25,Month-to-month,Electronic check,60.34,1453.27,3,0,1,,0
14704,51.0,Male,Chennai,Bachelors,59,Month-to-month,Mailed check,20.82,1259.8,1,0,0,73747.71,0
14705,49.0,Female,Delhi,High School,33,One year,Mailed check,77.99,2557.55,1,0,0,84640.32,0
14706,47.0,Female,Mumbai,Masters,27,Two year,Bank transfer,67.64,1853.55,1,1,0,93783.27,0
14707,37.0,Male,Delhi,Bachelors,28,Two year,Credit card,43.15,1227.21,1,1,1,40857.27,0
14708,32.0,Male,Pune,High School,32,Month-to-month,Mailed check,82.01,2601.95,2,0,1,90422.11,0
14709,,Female,Delhi,Masters,38,Month-to-month,Credit card,34.23,1354.37,1,1,1,60618.32,0
14710,48.0,Male,Mumbai,Bachelors,2,Month-to-month,Electronic check,88.0,146.29,1,0,1,120395.93,0
14711,35.0,Male,Bengaluru,Bachelors,35,Two year,Credit card,63.74,2290.42,2,1,0,65858.29,0
14712,56.0,Female,Delhi,Masters,32,One year,Electronic check,15.08,548.62,2,0,0,89980.01,0
14713,31.0,Female,Mumbai,Bachelors,20,Month-to-month,Credit card,68.92,1430.91,1,1,1,66074.92,0
14714,34.0,Male,Mumbai,Masters,25,Month-to-month,Electronic check,56.06,1392.47,3,1,0,118327.24,1
14715,63.0,Female,Mumbai,High School,30,Month-to-month,Bank transfer,52.75,1709.85,1,1,1,58728.3,0
14716,53.0,Female,Bengaluru,High School,26,Month-to-month,Bank transfer,48.77,1275.61,1,0,0,,1
14717,37.0,Male,Bengaluru,Bachelors,66,Two year,Bank transfer,62.2,4117.25,3,1,1,83786.91,0
14718,46.0,Female,Hyderabad,Masters,38,Month-to-month,Credit card,54.33,,1,0,0,78894.82,0
14719,44.0,Female,Mumbai,Bachelors,36,Two year,Bank transfer,24.15,812.91,4,1,1,75038.16,0
14720,18.0,Male,Chennai,Masters,19,Two year,Electronic check,92.99,1831.56,2,1,1,55325.72,0
14721,30.0,Male,Delhi,High School,66,Month-to-month,Mailed check,59.62,3906.3,3,1,0,15000.0,1
14722,41.0,Male,Mumbai,Masters,1,Month-to-month,Electronic check,48.9,94.88,1,1,1,93636.63,1
14723,37.0,Female,Pune,High School,40,Month-to-month,Electronic check,40.17,1664.78,1,1,1,59245.54,0
14724,45.0,Female,Hyderabad,High School,12,One year,Electronic check,81.96,1013.69,3,1,1,95731.2,0
14725,57.0,Female,Bengaluru,Bachelors,56,Month-to-month,Bank transfer,36.43,2005.48,2,0,0,77737.35,0
14726,38.0,Male,Mumbai,High School,27,Two year,Credit card,67.95,1817.6,3,1,1,96405.65,0
14727,28.0,Female,Mumbai,High School,21,One year,Electronic check,52.16,961.51,1,1,0,87641.64,0
14728,46.0,Female,Bengaluru,Bachelors,4,One year,Credit card,53.44,207.94,2,1,0,15776.71,1
14729,38.0,Male,Chennai,Bachelors,57,One year,Credit card,40.72,2361.18,1,1,1,83527.7,0
14730,40.0,Female,Bengaluru,Masters,28,Month-to-month,Bank transfer,51.35,1425.92,1,1,1,62439.14,1
14731,38.0,Male,Mumbai,PhD,19,One year,Bank transfer,65.19,1209.11,1,1,0,95630.25,0
14732,71.0,Female,Bengaluru,Masters,61,One year,Credit card,70.18,4266.09,2,0,0,83006.56,0
14733,18.0,Female,Delhi,Bachelors,1,Month-to-month,Mailed check,47.72,108.49,1,1,0,83265.32,0
14734,37.0,Female,Mumbai,Bachelors,34,Month-to-month,Credit card,63.0,2139.28,1,1,1,64010.66,0
14735,42.0,Male,Chennai,PhD,11,Month-to-month,Mailed check,84.55,1022.95,2,0,1,49922.66,0
14736,32.0,Male,Bengaluru,Bachelors,9,Month-to-month,Electronic check,28.42,227.24,4,0,1,60476.49,1
14737,54.0,Female,Hyderabad,Bachelors,1,Month-to-month,Bank transfer,64.86,75.72,1,1,0,30402.37,0
14738,53.0,Male,Mumbai,Bachelors,13,Month-to-month,Electronic check,44.08,551.37,2,0,0,57012.44,0
14739,41.0,Female,Mumbai,Bachelors,69,Two year,Electronic check,41.84,2990.68,3,1,1,37788.5,1
14740,38.0,Female,Bengaluru,High School,32,Month-to-month,Electronic check,70.74,2272.67,1,1,0,38369.7,0
14741,41.0,Male,Bengaluru,High School,72,Month-to-month,Mailed check,53.0,3922.4,2,1,0,72562.53,0
14742,41.0,Female,Bengaluru,High School,19,Month-to-month,Electronic check,38.23,705.36,3,1,0,81749.08,0
14743,41.0,Male,Hyderabad,High School,55,Month-to-month,Electronic check,94.13,5253.53,2,1,1,69300.54,1
14744,40.0,Female,Hyderabad,Bachelors,6,Two year,Electronic check,85.24,517.34,1,1,1,59026.61,0
14745,45.0,Male,Hyderabad,Masters,7,Month-to-month,Bank transfer,22.49,199.26,2,1,1,49157.02,0
14746,52.0,Male,Mumbai,Masters,1,Month-to-month,Electronic check,32.56,0.0,2,0,0,63021.75,1
14747,26.0,Male,Delhi,High School,65,Month-to-month,Credit card,78.06,5091.32,2,0,1,51911.09,0
14748,,Male,Bengaluru,High School,49,Month-to-month,Credit card,58.73,2824.31,1,1,1,68617.72,0
14749,19.0,Female,Bengaluru,PhD,54,One year,Bank transfer,98.01,5305.39,1,1,0,36526.3,0
14750,53.0,Male,Delhi,Bachelors,67,Month-to-month,Electronic check,78.56,5187.6,2,0,1,85428.99,0
14751,45.0,Male,Pune,Bachelors,24,One year,Bank transfer,71.59,1713.46,1,1,1,57525.32,0
14752,49.0,Female,Mumbai,PhD,52,One year,Electronic check,42.52,2265.82,3,0,0,78277.65,0
14753,23.0,Male,Pune,PhD,36,One year,Credit card,75.81,2756.54,1,0,1,89518.88,0
14754,65.0,Male,Chennai,High School,39,Month-to-month,Electronic check,36.93,1378.57,2,1,1,77213.16,0
14755,34.0,Female,Bengaluru,Bachelors,48,Month-to-month,Electronic check,93.72,4403.64,1,1,1,87580.79,0
14756,44.0,Female,Mumbai,Bachelors,34,Month-to-month,Electronic check,74.29,2550.71,2,1,1,24533.94,0
14757,53.0,Male,Bengaluru,Masters,1,Month-to-month,Credit card,46.85,125.91,3,1,1,59157.15,1
14758,29.0,Male,Mumbai,Bachelors,5,Month-to-month,Electronic check,82.7,365.3,1,1,1,94267.69,0
14759,35.0,Female,Pune,Bachelors,36,One year,Electronic check,114.31,4220.03,1,0,0,81203.05,0
14760,44.0,Female,Delhi,Bachelors,41,Two year,Electronic check,60.21,2468.29,3,1,1,110666.19,0
14761,79.0,Female,Delhi,Bachelors,53,One year,Credit card,77.11,3988.9,2,1,1,,0
14762,46.0,Male,Bengaluru,Bachelors,41,Month-to-month,Mailed check,55.5,2197.46,2,1,1,76591.03,0
14763,63.0,Male,Mumbai,High School,13,Month-to-month,Credit card,66.88,907.94,1,1,1,64456.47,1
14764,,Female,Bengaluru,Masters,26,Two year,Credit card,31.84,834.32,3,1,1,,0
14765,47.0,Male,Hyderabad,Bachelors,32,Month-to-month,Bank transfer,64.99,2153.79,2,1,1,59532.21,0
14766,29.0,Male,Mumbai,Masters,71,Month-to-month,Electronic check,65.96,4623.25,1,0,1,61018.57,0
14767,56.0,Male,Mumbai,Masters,38,Two year,Credit card,104.58,3979.96,1,1,0,56948.52,0
14768,23.0,Male,Bengaluru,Bachelors,46,Month-to-month,Mailed check,25.51,1173.8,1,0,0,49796.57,0
14769,63.0,Female,Bengaluru,Bachelors,53,One year,Mailed check,58.82,3110.31,2,1,1,,0
14770,45.0,Female,Delhi,Masters,26,Month-to-month,Bank transfer,93.34,2407.71,2,1,1,107326.07,0
14771,,Male,Delhi,Bachelors,70,One year,Bank transfer,59.68,4159.47,1,1,1,90531.65,0
14772,38.0,Male,Delhi,Bachelors,49,Month-to-month,Credit card,61.23,3009.0,1,1,1,62906.76,0
14773,51.0,Female,Delhi,Masters,61,Two year,Credit card,46.67,2862.0,1,1,1,92308.63,0
14774,39.0,Female,Mumbai,High School,54,Month-to-month,Mailed check,44.48,2414.55,1,1,1,77626.32,0
14775,51.0,Female,Bengaluru,Bachelors,45,Month-to-month,Electronic check,24.83,1177.65,3,1,1,69104.5,1
14776,,Female,Delhi,High School,2,One year,Credit card,284.1,42.26,2,1,1,67731.3,0
14777,25.0,Male,Delhi,Bachelors,42,One year,Electronic check,43.23,1725.08,1,1,1,65601.32,0
14778,41.0,Male,Mumbai,Masters,9,Month-to-month,Bank transfer,67.6,,1,1,0,84323.45,0
14779,42.0,Female,Hyderabad,High School,44,Month-to-month,Electronic check,47.67,2050.3,1,1,1,73072.74,0
14780,37.0,Male,Mumbai,High School,51,Month-to-month,Mailed check,54.45,2757.98,2,0,0,53974.7,0
14781,58.0,Female,Mumbai,High School,39,Two year,Mailed check,55.05,2116.35,1,1,1,52909.25,0
14782,31.0,Female,Chennai,Masters,22,One year,Bank transfer,63.94,1375.0,1,1,0,76729.89,0
14783,46.0,Male,Pune,High School,4,Month-to-month,Credit card,53.37,140.57,3,1,1,79430.33,0
14784,43.0,Female,Pune,Bachelors,48,Month-to-month,Credit card,41.64,1970.24,2,1,0,63111.08,0
14785,22.0,Male,Bengaluru,,50,Month-to-month,Mailed check,66.89,3376.97,2,1,1,,0
14786,25.0,Female,Delhi,Bachelors,34,Two year,Electronic check,88.48,3008.12,1,0,1,97521.23,0
14787,42.0,Male,Chennai,Masters,52,Month-to-month,Mailed check,67.83,3552.39,1,1,0,92849.3,0
14788,68.0,Male,Hyderabad,Masters,56,Month-to-month,Mailed check,51.58,2863.68,3,1,0,26277.72,0
14789,50.0,Female,Pune,High School,37,Month-to-month,Mailed check,62.29,2349.87,2,0,1,99470.82,0
14790,20.0,Female,Bengaluru,Masters,3,One year,Credit card,19.89,34.25,2,1,0,65402.53,0
14791,,Female,Bengaluru,Bachelors,63,One year,Mailed check,61.93,3796.16,2,1,1,74179.72,0
14792,52.0,Female,Mumbai,PhD,34,One year,Electronic check,56.19,1926.29,1,0,1,95040.91,0
14793,41.0,Female,Mumbai,PhD,49,Two year,Bank transfer,44.46,2216.91,2,1,1,106355.85,0
14794,57.0,Female,Hyderabad,High School,66,One year,Electronic check,48.45,3169.74,1,1,0,,0
14795,31.0,Female,Pune,High School,26,Two year,Electronic check,55.97,1515.18,1,0,1,75302.67,0
14796,47.0,Male,Bengaluru,,45,Month-to-month,Credit card,86.83,3864.82,1,1,1,39735.9,0
14797,53.0,Male,Mumbai,High School,1,Month-to-month,Electronic check,89.03,122.57,1,0,0,,0
14798,36.0,Male,Delhi,Bachelors,64,Month-to-month,Bank transfer,44.58,2940.36,1,1,1,89319.5,0
14799,36.0,Female,Mumbai,PhD,4,One year,Credit card,53.6,216.24,1,1,0,99524.67,0
14800,42.0,Male,Pune,Bachelors,39,Month-to-month,Electronic check,54.16,2100.92,1,1,1,52077.81,0
14801,49.0,Male,Mumbai,Bachelors,25,Month-to-month,Mailed check,82.81,2064.97,3,1,0,64064.84,0
14802,42.0,Male,Mumbai,High School,2,One year,Bank transfer,68.2,217.81,3,1,0,57740.15,0
14803,55.0,Male,Delhi,Masters,33,Month-to-month,Bank transfer,67.04,2232.46,1,1,0,57154.2,0
14804,36.0,Female,Bengaluru,Masters,68,One year,Credit card,76.8,5329.61,1,1,1,93649.15,0
14805,25.0,Male,Hyderabad,Masters,12,One year,Credit card,51.88,636.52,2,1,1,74804.21,0
14806,68.0,Female,Delhi,High School,21,Two year,Electronic check,95.01,1962.52,1,1,0,64958.08,0
14807,34.0,Female,Chennai,High School,13,One year,Bank transfer,64.96,815.3,2,0,0,128465.44,0
14808,35.0,Female,Bengaluru,PhD,9,Month-to-month,Electronic check,46.17,418.61,1,1,1,38442.74,1
14809,41.0,Male,Mumbai,PhD,16,Month-to-month,Electronic check,59.95,857.13,2,1,0,82054.04,0
14810,43.0,Female,Mumbai,High School,41,Month-to-month,Mailed check,92.1,3752.35,1,1,1,46922.48,0
14811,37.0,Male,Delhi,High School,56,Month-to-month,Electronic check,55.65,3093.76,2,1,1,66536.39,0
14812,42.0,Male,Delhi,Bachelors,50,One year,Bank transfer,85.89,4306.49,1,1,1,73270.04,0
14813,41.0,Male,Delhi,Bachelors,56,One year,Bank transfer,51.24,2966.53,1,1,1,88581.11,0
14814,44.0,Male,Mumbai,Bachelors,52,One year,Mailed check,48.16,2507.06,1,1,1,64254.0,0
14815,18.0,Female,Mumbai,High School,27,One year,Credit card,79.51,2050.64,1,1,0,61927.14,0
14816,66.0,Male,Mumbai,Masters,65,One year,Credit card,45.77,2929.35,4,0,0,63860.13,0
14817,40.0,Female,Hyderabad,High School,12,One year,Bank transfer,83.1,1010.31,1,0,0,46241.04,0
14818,,Female,Bengaluru,High School,51,Month-to-month,Mailed check,72.74,3714.39,1,1,0,,0
14819,24.0,Male,Mumbai,Bachelors,8,Month-to-month,Electronic check,45.78,447.46,2,1,1,76189.36,1
14820,36.0,Male,Delhi,High School,55,Month-to-month,Electronic check,63.43,3536.65,1,1,1,79573.71,0
14821,33.0,Female,Pune,Bachelors,6,Two year,Electronic check,52.93,364.09,3,0,1,68470.05,1
14822,61.0,Male,Mumbai,High School,15,Two year,Credit card,72.68,,2,1,1,65756.68,0
14823,34.0,Male,Mumbai,High School,28,Two year,Mailed check,106.53,3037.8,1,1,0,95863.21,0
14824,52.0,Female,Delhi,Masters,50,Month-to-month,Mailed check,56.84,2797.2,2,1,1,92479.3,0
14825,34.0,Male,Mumbai,Bachelors,3,Two year,Mailed check,76.74,278.63,2,1,1,101125.61,0
14826,36.0,Male,Mumbai,Bachelors,18,Two year,Bank transfer,65.54,1165.6,1,1,1,78197.08,0
14827,39.0,Male,Pune,High School,24,Month-to-month,Credit card,65.53,1500.32,2,1,0,,0
14828,59.0,Female,Hyderabad,PhD,53,One year,Electronic check,61.37,3282.27,1,1,1,60846.18,0
14829,18.0,Male,Hyderabad,,70,Two year,Credit card,46.14,3299.68,1,1,0,65581.26,0
14830,25.0,Female,Pune,Bachelors,44,Month-to-month,Mailed check,72.37,3163.95,2,1,0,96292.22,1
14831,,Male,Mumbai,Masters,37,Two year,Electronic check,58.65,2248.19,2,1,1,88555.27,0
14832,28.0,Male,Chennai,Masters,24,Month-to-month,Bank transfer,45.09,999.36,2,1,0,63610.09,1
14833,31.0,Female,Pune,Masters,60,Month-to-month,Bank transfer,87.31,5178.76,1,1,0,46982.32,0
14834,,Female,Bengaluru,Masters,7,Month-to-month,Electronic check,67.18,462.92,2,0,1,,0
14835,32.0,Female,Pune,Bachelors,9,Month-to-month,Electronic check,59.98,521.28,1,1,0,54932.89,1
14836,18.0,Male,Chennai,Bachelors,14,One year,Bank transfer,94.48,1289.36,2,0,0,107939.08,0
14837,29.0,Male,Delhi,Masters,19,Month-to-month,Bank transfer,24.61,474.27,1,1,1,86720.89,0
14838,58.0,Female,Delhi,Bachelors,33,Month-to-month,Bank transfer,93.0,3042.57,1,0,1,53149.7,0
14839,47.0,Female,Hyderabad,Bachelors,69,Two year,Mailed check,45.64,3131.21,1,0,1,47010.2,0
14840,44.0,Female,Bengaluru,High School,47,Month-to-month,Bank transfer,69.65,3287.47,1,1,1,52877.11,0
14841,29.0,Female,Delhi,High School,27,Month-to-month,Credit card,52.06,1372.24,1,1,0,57705.84,0
14842,22.0,Female,Mumbai,High School,15,Two year,Credit card,44.69,665.05,1,1,0,66332.59,0
14843,27.0,Male,Mumbai,,47,Two year,Electronic check,93.91,4381.49,1,0,0,94520.02,0
14844,41.0,Female,Mumbai,Bachelors,18,Two year,Electronic check,105.84,1844.84,1,0,1,48736.63,0
14845,53.0,Female,Delhi,Bachelors,71,Month-to-month,Bank transfer,60.13,4307.42,1,0,0,120369.82,0
14846,54.0,Male,Mumbai,Masters,34,Month-to-month,Electronic check,72.38,2546.31,2,1,1,49247.39,0
14847,50.0,Male,Mumbai,Bachelors,40,One year,Credit card,66.25,2703.23,4,0,1,39000.95,0
14848,32.0,Male,Pune,Masters,65,Two year,Electronic check,103.07,6716.14,3,1,1,107142.71,0
14849,42.0,Male,Delhi,High School,22,One year,Electronic check,18.51,375.14,4,1,1,99067.62,0
14850,38.0,Male,Pune,Masters,34,Month-to-month,Credit card,73.3,2477.85,3,0,1,65988.33,1
14851,39.0,Male,Mumbai,High School,38,One year,Electronic check,49.0,1914.85,1,1,1,78389.31,0
14852,68.0,Female,Delhi,High School,19,One year,Electronic check,13.17,136.16,1,1,1,78944.52,0
14853,19.0,Male,Hyderabad,Bachelors,3,Two year,Credit card,57.07,153.05,1,1,0,73007.67,0
14854,39.0,Male,Pune,PhD,20,Month-to-month,Electronic check,105.66,2149.91,1,1,1,41477.45,0
14855,58.0,Female,Hyderabad,High School,8,Month-to-month,Mailed check,50.57,347.65,2,1,0,15396.72,0
14856,23.0,Male,Pune,High School,49,Month-to-month,Mailed check,82.4,4058.77,3,1,1,51416.02,0
14857,34.0,Male,Mumbai,High School,0,Two year,Electronic check,91.37,,2,1,1,109955.4,0
14858,35.0,Female,Delhi,Bachelors,23,Two year,Electronic check,64.72,1415.84,3,1,1,110819.1,1
14859,39.0,Female,Chennai,Bachelors,64,Month-to-month,Electronic check,67.65,4333.95,2,1,0,64239.59,0
14860,21.0,Female,Bengaluru,High School,41,Month-to-month,Mailed check,27.24,1085.97,1,1,0,48924.79,0
14861,50.0,Female,Mumbai,Bachelors,49,One year,Credit card,49.24,2433.56,1,1,1,76118.67,0
14862,51.0,Male,Mumbai,Bachelors,48,Month-to-month,Bank transfer,84.95,4111.09,3,0,0,,0
14863,49.0,Male,Hyderabad,Bachelors,21,One year,Bank transfer,66.33,1412.88,2,1,1,83215.83,0
14864,31.0,Male,Mumbai,,46,Month-to-month,Bank transfer,73.08,3365.31,1,1,1,15000.0,0
14865,43.0,Male,Bengaluru,PhD,16,Two year,Credit card,67.93,1101.32,1,1,0,139470.64,0
14866,30.0,Female,Mumbai,,46,Month-to-month,Mailed check,113.22,5149.32,2,1,1,94914.44,1
14867,38.0,Female,Mumbai,Bachelors,49,Two year,Credit card,55.53,2719.43,2,1,0,65647.0,0
14868,70.0,Female,Delhi,PhD,63,Month-to-month,Bank transfer,100.32,6280.34,1,1,1,54193.49,0
14869,,Female,Mumbai,Bachelors,67,Month-to-month,Bank transfer,67.94,4603.56,4,1,0,91720.73,0
14870,27.0,Female,Hyderabad,Bachelors,1,Month-to-month,Electronic check,102.27,136.43,1,0,0,80898.68,1
14871,44.0,Male,Mumbai,Bachelors,21,Month-to-month,Bank transfer,38.05,833.07,3,1,0,72027.24,0
14872,24.0,Female,Hyderabad,Masters,39,One year,Mailed check,69.06,2779.01,2,1,1,80083.36,0
14873,26.0,Female,Bengaluru,Masters,23,One year,Credit card,56.34,1279.32,2,0,1,67520.17,1
14874,28.0,Female,Delhi,High School,45,Month-to-month,Credit card,68.07,3035.7,3,0,1,78840.97,1
14875,36.0,Male,Bengaluru,Bachelors,62,Two year,Electronic check,91.89,5679.5,2,1,1,85979.98,0
14876,54.0,Female,Delhi,Bachelors,18,Month-to-month,Mailed check,73.33,1239.83,1,1,1,77552.97,0
14877,50.0,Male,Mumbai,High School,65,Month-to-month,Credit card,91.85,5894.07,3,1,1,76400.28,0
14878,49.0,Male,Delhi,Masters,64,Month-to-month,Electronic check,50.26,3247.7,1,1,0,100642.92,1
14879,,Female,Bengaluru,High School,66,One year,Bank transfer,46.9,3025.64,1,0,1,34863.64,0
14880,35.0,Female,Mumbai,Bachelors,5,Month-to-month,Electronic check,65.35,273.0,2,0,0,52446.59,0
14881,,Female,Hyderabad,Masters,21,Month-to-month,Mailed check,64.15,1342.06,1,1,1,70584.34,0
14882,34.0,Male,Delhi,Masters,9,Month-to-month,Credit card,60.91,527.58,1,1,1,53942.91,0
14883,38.0,Male,Mumbai,Bachelors,8,Month-to-month,Bank transfer,43.91,395.56,1,1,0,61287.28,0
14884,48.0,Male,Mumbai,Bachelors,3,Month-to-month,Mailed check,91.37,277.13,1,0,1,98330.32,1
14885,37.0,Male,Mumbai,Bachelors,32,Month-to-month,Bank transfer,57.02,1784.72,1,1,0,66722.64,0
14886,45.0,Male,Mumbai,Masters,6,One year,Electronic check,96.37,626.8,2,1,1,29757.36,0
14887,,Male,Delhi,High School,21,Month-to-month,Electronic check,65.28,1407.32,1,1,1,60686.48,0
14888,40.0,Male,Mumbai,Bachelors,71,Month-to-month,Bank transfer,79.27,5557.62,2,1,0,,0
14889,57.0,Male,Bengaluru,Masters,64,One year,Credit card,77.27,4957.89,1,0,0,70873.17,0
14890,49.0,Male,Mumbai,Masters,68,Month-to-month,Bank transfer,46.87,3151.41,1,1,1,82232.82,0
14891,23.0,Female,Pune,Bachelors,2,Month-to-month,Mailed check,73.08,109.09,1,1,0,80436.55,0
14892,28.0,Female,Bengaluru,Masters,48,One year,Electronic check,107.42,,1,1,1,66945.83,0
14893,31.0,Female,Chennai,Bachelors,46,Month-to-month,Electronic check,70.54,3251.05,3,0,1,43753.13,0
14894,31.0,Male,Delhi,Bachelors,9,One year,Electronic check,84.83,752.59,3,1,0,60294.94,0
14895,41.0,Male,Mumbai,PhD,66,One year,Credit card,80.25,5300.75,1,1,0,56298.92,0
14896,50.0,Female,Delhi,High School,29,Two year,Mailed check,71.76,2124.75,1,1,1,63727.72,0
14897,58.0,Female,Delhi,,71,Month-to-month,Credit card,69.1,4871.02,2,1,1,85205.71,0
14898,46.0,Female,Bengaluru,Bachelors,8,One year,Electronic check,77.04,589.78,1,1,1,78890.26,0
14899,36.0,Female,Pune,Bachelors,47,One year,Mailed check,81.79,3876.96,1,0,0,88128.13,0
14900,18.0,Male,Mumbai,Masters,9,One year,Electronic check,35.25,241.43,1,0,1,61550.17,0
14901,43.0,Female,Mumbai,Masters,69,Month-to-month,Credit card,70.44,4909.9,2,0,0,103183.94,0
14902,42.0,Female,Hyderabad,Masters,44,One year,Electronic check,60.95,2601.54,1,1,0,84802.45,0
14903,44.0,Male,Mumbai,Bachelors,5,Month-to-month,Electronic check,56.39,269.66,3,1,0,72469.16,0
14904,69.0,Male,Chennai,Bachelors,15,Month-to-month,Electronic check,93.51,1322.71,1,1,1,83273.62,0
14905,58.0,Female,Hyderabad,Masters,26,Month-to-month,Electronic check,48.87,1217.81,1,1,0,55133.27,0
14906,52.0,Male,Chennai,Bachelors,0,Two year,Electronic check,34.32,,3,1,0,23607.41,0
14907,29.0,Male,Mumbai,Bachelors,0,One year,Credit card,82.51,,1,1,1,56652.68,0
14908,35.0,Female,Mumbai,Masters,67,One year,Credit card,33.75,2318.82,1,1,1,86444.05,0
14909,41.0,Female,Bengaluru,Bachelors,71,One year,Bank transfer,22.59,1531.44,1,1,0,71764.75,0
14910,32.0,Female,Delhi,,39,Month-to-month,Credit card,84.98,3261.67,2,1,1,66989.64,0
14911,49.0,Male,Chennai,Masters,65,Month-to-month,Mailed check,68.49,4468.84,2,0,0,51347.52,0
14912,47.0,Female,Delhi,,47,One year,Credit card,75.4,3579.57,1,1,0,26971.83,0
14913,28.0,Male,Delhi,Masters,2,One year,Electronic check,55.27,70.56,1,1,0,101346.6,0
14914,58.0,Female,Mumbai,High School,52,One year,Mailed check,34.54,1767.13,1,0,1,65426.32,0
14915,43.0,Male,Bengaluru,Masters,1,Month-to-month,Electronic check,38.91,0.0,1,1,1,60550.16,0
14916,20.0,Male,Delhi,Bachelors,59,One year,Credit card,59.01,3564.5,1,0,0,55223.78,0
14917,41.0,Female,Delhi,High School,26,One year,Electronic check,37.01,938.51,1,1,0,97599.49,0
14918,46.0,Male,Delhi,Bachelors,10,Month-to-month,Electronic check,71.76,719.16,1,0,0,89389.72,0
14919,55.0,Female,Bengaluru,Bachelors,18,One year,Electronic check,54.83,991.12,2,1,1,48720.73,0
14920,,Male,Chennai,Bachelors,49,Month-to-month,Mailed check,69.07,3439.71,2,1,1,95619.95,0
14921,53.0,Male,Mumbai,Bachelors,61,Month-to-month,Mailed check,68.41,4125.39,2,0,0,66808.45,0
14922,44.0,Female,Mumbai,Bachelors,41,One year,Bank transfer,73.51,3072.32,2,0,1,56568.07,1
14923,25.0,Male,Hyderabad,,11,Month-to-month,Credit card,75.99,,1,1,0,63540.53,0
14924,24.0,Female,Hyderabad,Bachelors,65,One year,Bank transfer,57.43,3791.24,2,1,0,52767.46,0
14925,57.0,Male,Delhi,High School,57,One year,Mailed check,69.05,3850.09,1,0,0,40940.7,0
14926,58.0,Female,Delhi,Bachelors,29,Month-to-month,Mailed check,70.19,2030.28,2,0,0,87074.88,0
14927,46.0,Female,Hyderabad,Bachelors,40,One year,Credit card,11.56,543.67,1,1,1,65144.49,0
14928,61.0,Male,Bengaluru,High School,70,Month-to-month,Mailed check,79.22,5580.26,2,1,1,83578.61,1
14929,56.0,Male,Delhi,Bachelors,27,Month-to-month,Electronic check,68.3,1865.16,3,1,1,76318.69,1
14930,51.0,Female,Mumbai,High School,1,Month-to-month,Bank transfer,77.41,24.99,1,0,0,82067.9,1
14931,30.0,Male,Hyderabad,,10,One year,Bank transfer,36.69,330.16,1,1,0,24988.29,1
14932,65.0,Female,Delhi,Masters,43,Month-to-month,Credit card,58.05,2563.37,3,0,0,50931.27,0
14933,49.0,Female,Bengaluru,High School,72,Month-to-month,Mailed check,40.99,2974.9,1,1,1,,0
14934,37.0,Male,Hyderabad,Bachelors,54,Two year,Mailed check,81.38,4439.03,1,0,0,41953.72,0
14935,,Male,Delhi,High School,45,Two year,Bank transfer,34.09,1537.74,1,1,0,78207.43,1
14936,45.0,Female,Delhi,Bachelors,23,Two year,Bank transfer,44.57,1011.02,1,1,1,39404.5,0
14937,20.0,Female,Mumbai,Masters,32,Month-to-month,Electronic check,76.75,2494.33,1,1,1,70361.77,0
14938,51.0,Male,Hyderabad,Bachelors,2,One year,Credit card,51.15,,2,1,0,105419.79,1
14939,30.0,Female,Chennai,Masters,27,One year,Electronic check,44.58,1195.16,2,1,1,87041.2,0
14940,,Male,Pune,Bachelors,45,Month-to-month,Electronic check,84.95,3752.05,1,1,0,29283.7,1
14941,35.0,Female,Chennai,High School,66,Month-to-month,Bank transfer,85.85,5713.8,2,1,1,88664.17,0
14942,39.0,Male,Bengaluru,Bachelors,67,Month-to-month,Electronic check,80.89,,2,1,1,110089.24,0
14943,32.0,Male,Chennai,High School,59,Two year,Electronic check,83.67,4906.22,1,0,0,131534.35,0
14944,40.0,Male,Delhi,Bachelors,1,One year,Credit card,59.91,118.87,2,1,1,80451.67,0
14945,67.0,Male,Chennai,High School,59,Month-to-month,Bank transfer,60.5,3581.69,1,1,0,39982.76,0
14946,,Male,Delhi,High School,15,Month-to-month,Credit card,50.74,774.27,1,1,0,79562.92,1
14947,47.0,Male,Bengaluru,High School,44,Two year,Electronic check,68.69,3066.55,2,1,1,105112.74,0
14948,42.0,Female,Mumbai,Bachelors,69,One year,Electronic check,53.39,3717.35,2,1,1,65884.06,0
14949,53.0,Female,Bengaluru,Masters,64,Two year,Electronic check,55.47,3564.76,3,1,0,92948.4,0
14950,57.0,Female,Delhi,Masters,48,Month-to-month,Electronic check,78.2,3744.17,1,1,0,51528.73,0
14951,31.0,Male,Delhi,High School,21,Two year,Mailed check,91.06,,1,1,0,78191.77,0
14952,41.0,Female,Bengaluru,Masters,38,Month-to-month,Credit card,73.76,2766.19,1,0,0,,0
14953,18.0,Male,Chennai,High School,51,Month-to-month,Mailed check,104.47,5365.27,1,0,0,49092.62,0
14954,57.0,Male,Chennai,High School,37,Two year,Bank transfer,49.48,1826.57,1,1,0,69865.35,0
14955,69.0,Female,Delhi,,29,Month-to-month,Bank transfer,24.56,734.98,1,0,1,62006.15,0
14956,43.0,Male,Hyderabad,Bachelors,29,One year,Electronic check,80.72,2402.55,2,1,1,41386.42,1
14957,18.0,Male,Bengaluru,Bachelors,43,Month-to-month,Electronic check,48.02,2049.28,1,1,1,59007.56,0
14958,50.0,Male,Delhi,Bachelors,2,One year,Bank transfer,58.98,148.05,1,0,0,77252.41,0
14959,30.0,Male,Pune,Bachelors,72,Month-to-month,Electronic check,26.06,1889.6,1,1,0,68102.99,0
14960,33.0,Male,Mumbai,Bachelors,7,Month-to-month,Mailed check,45.22,284.47,2,1,1,71340.63,0
14961,50.0,Female,Chennai,Bachelors,71,Month-to-month,Bank transfer,31.95,2331.35,1,1,1,86103.31,0
14962,45.0,Male,Mumbai,High School,2,Two year,Electronic check,55.45,146.46,1,0,1,62450.42,0
14963,36.0,Male,Chennai,High School,37,Two year,Electronic check,56.32,2062.11,1,1,0,99901.91,0
14964,34.0,Male,Hyderabad,Bachelors,30,Two year,Bank transfer,66.98,2064.58,1,1,1,48236.04,0
14965,44.0,Male,Delhi,Masters,41,Two year,Mailed check,92.27,3741.5,1,1,1,112416.06,0
14966,37.0,Male,Mumbai,Masters,31,One year,Mailed check,79.89,2475.14,2,1,0,94486.85,1
14967,28.0,Male,Mumbai,High School,65,Month-to-month,Electronic check,29.31,1883.69,1,1,1,62168.05,0
14968,,Male,Mumbai,High School,1,Month-to-month,Credit card,78.38,115.95,1,0,0,63634.99,1
14969,46.0,Female,Hyderabad,Bachelors,71,One year,Bank transfer,67.46,4765.68,1,1,0,74548.18,0
14970,40.0,Male,Bengaluru,Masters,50,Month-to-month,Credit card,62.85,3180.42,1,1,1,83170.76,0
14971,24.0,Male,Mumbai,PhD,56,Month-to-month,Bank transfer,64.5,3641.72,3,0,1,94080.06,0
14972,55.0,Female,Delhi,High School,10,Month-to-month,Bank transfer,69.5,676.24,2,1,0,40506.99,0
14973,18.0,Male,Delhi,Bachelors,4,Two year,Bank transfer,49.78,290.61,1,1,0,79623.74,0
14974,36.0,Male,Hyderabad,Bachelors,28,Month-to-month,Electronic check,60.99,1670.46,2,1,0,23436.69,0
14975,34.0,Female,Delhi,Bachelors,23,Month-to-month,Mailed check,91.05,,1,1,1,66099.39,0
14976,44.0,Female,Hyderabad,Bachelors,57,One year,Bank transfer,49.51,2864.87,1,0,1,101986.08,0
14977,49.0,Male,Hyderabad,Bachelors,65,One year,Mailed check,42.34,2644.63,1,1,1,38812.6,0
14978,57.0,Female,Mumbai,Bachelors,31,Month-to-month,Credit card,63.64,2047.43,2,1,1,34816.77,0
14979,33.0,Female,Delhi,Bachelors,56,One year,Bank transfer,40.13,2252.37,2,1,0,74857.49,0
14980,50.0,Male,Bengaluru,Bachelors,4,Month-to-month,Electronic check,27.1,37.05,1,1,1,100523.44,0
14981,45.0,Female,Pune,Bachelors,54,Month-to-month,Electronic check,57.42,3053.26,2,0,1,77158.7,0
14982,20.0,Male,Mumbai,Bachelors,7,One year,Electronic check,96.87,596.39,1,1,1,28098.41,1
14983,67.0,Male,Delhi,High School,48,Two year,Credit card,64.15,3098.34,1,0,1,32971.17,0
14984,23.0,Male,Bengaluru,Bachelors,27,One year,Electronic check,68.93,1794.76,1,1,1,72150.42,0
14985,47.0,Female,Delhi,Bachelors,30,Month-to-month,Credit card,18.14,569.3,1,1,0,44056.67,0
14986,47.0,Female,Delhi,Masters,20,Month-to-month,Mailed check,74.64,1477.56,1,0,0,73007.1,1
14987,46.0,Female,Delhi,High School,29,Month-to-month,Credit card,67.05,1920.68,3,0,0,,0
14988,36.0,Male,Mumbai,Bachelors,63,Month-to-month,Mailed check,50.37,3198.78,1,1,0,59225.33,0
14989,53.0,Female,Bengaluru,Bachelors,59,Month-to-month,Credit card,68.96,4099.82,1,1,0,109924.59,1
14990,22.0,Female,Chennai,Bachelors,24,Month-to-month,Bank transfer,68.74,1707.05,1,0,1,82990.28,0
14991,41.0,Male,Pune,High School,21,Month-to-month,Electronic check,41.69,843.8,1,0,0,96655.0,1
14992,35.0,Male,Bengaluru,Bachelors,37,Month-to-month,Bank transfer,72.3,2673.61,1,1,1,90252.8,0
14993,33.0,Female,Delhi,Bachelors,49,Month-to-month,Electronic check,91.34,4443.89,1,1,0,66698.38,0
14994,48.0,Female,Delhi,Bachelors,13,Month-to-month,Electronic check,59.99,788.02,1,0,0,65722.16,0
14995,56.0,Male,Mumbai,High School,53,Month-to-month,Electronic check,45.91,2394.32,1,1,0,63452.36,0
14996,38.0,Male,Bengaluru,Bachelors,69,Month-to-month,Electronic check,61.09,4194.01,1,1,1,84984.25,0
14997,,Female,Mumbai,Bachelors,61,Month-to-month,Mailed check,83.8,5090.85,2,1,0,,0
14998,43.0,Female,Delhi,Masters,40,Month-to-month,Bank transfer,38.02,1535.47,3,0,0,107950.72,0
14999,30.0,Male,Mumbai,Masters,23,Month-to-month,Credit card,77.73,1787.94,1,1,0,53590.88,1
